Re,alpha,CL,CD,CM
20000,-20,-0.9417653169425018,0.25515504882879514,0.10747212434412486
20000,-19.5,-0.9243244525303707,0.24967945481776044,0.10331982421977406
20000,-19,-0.9068026628180474,0.244169028914944,0.09923160563593701
20000,-18.5,-0.8892189376987985,0.2386252581340931,0.09521018673225448
20000,-18,-0.8715950658892442,0.23304867297429516,0.09125573081183319
20000,-17.5,-0.8539576325167368,0.22743827816395962,0.08736590896360084
20000,-17,-0.8363400352682631,0.2217909715324599,0.08353618067516838
20000,-16.5,-0.8187839611473005,0.21610103524351293,0.07976028387861614
20000,-16,-0.8013397415407059,0.2103597760018727,0.07603087608376195
20000,-15.5,-0.7840653098785227,0.20455532435209725,0.0723402099166005
20000,-15,-0.7670241852483843,0.19867247397969687,0.06868068305303501
20000,-14.5,-0.7502838690867719,0.19269230083403316,0.06504511026532707
20000,-14,-0.7339169439759121,0.18659126135762716,0.06142666699009021
20000,-13.5,-0.7180074435137891,0.18033969904146346,0.057818695170594764
20000,-13,-0.702663606516432,0.17390044497870952,0.054214968527572786
20000,-12.5,-0.6880326810436447,0.16722985322528014,0.05061147016427493
20000,-12,-0.67430116729734,0.1602863223700619,0.04701064240883797
20000,-11.5,-0.6616480364204624,0.15305328750606217,0.043426890352096285
20000,-11,-0.650126712118042,0.145576978453158,0.0398863471035321
20000,-10.5,-0.639537436670186,0.13799204068726226,0.03640920717767644
20000,-10,-0.6294771178300524,0.13047820214981606,0.03297479709982334
20000,-9.5,-0.6196484285291,0.12313855870010891,0.029494654087776295
20000,-9,-0.6101006527521174,0.11591462368960895,0.02581226821920611
20000,-8.5,-0.6009926999255836,0.10863719844486504,0.021720768339379786
20000,-8,-0.5919587096619447,0.10112182898681163,0.016999083155369382
20000,-7.5,-0.581467897108271,0.0931771756525132,0.011485836413417903
20000,-7,-0.5667028417034975,0.08458850264690505,0.005224165937296039
20000,-6.5,-0.5449498828509437,0.07528070251620538,-0.0013867701841220258
20000,-6,-0.5157203242442528,0.06560666915201517,-0.008052993487900449
20000,-5.5,-0.47750198123320525,0.05637819040092926,-0.015461387907072178
20000,-5,-0.4260079865767329,0.04809489185738632,-0.021554683479522118
20000,-4.5,-0.370301912112318,0.04082297085727472,-0.02398629203158361
20000,-4,-0.31428220517901045,0.03581388288515499,-0.024307262848938995
20000,-3.5,-0.2588061118531227,0.03231768857336658,-0.02364701368716615
20000,-3,-0.2051393002639096,0.029699187407310867,-0.02318245442994808
20000,-2.5,-0.15456371801692573,0.02750638265700633,-0.02312639194281611
20000,-2,-0.1098526002272939,0.02441889707397077,-0.021703031490187145
20000,-1.5,-0.062250304315434296,0.021892659212652904,-0.020084176909335057
20000,-1,-0.006826136597114535,0.021413466404195985,-0.019849442499921485
20000,-0.5,0.04628643187632292,0.02149460672426814,-0.019219664643806263
20000,0,0.10070627605419724,0.02174860581522268,-0.01886116198861836
20000,0.5,0.15870548796533,0.022091314937977762,-0.01915326901376638
20000,1,0.21863108308651413,0.022531068939355157,-0.01971235764761915
20000,1.5,0.27772732104673087,0.023120283277533335,-0.01995024156619678
20000,2,0.3337610335417114,0.02389617418314337,-0.019390259453990175
20000,2.5,0.38656459965718626,0.024810907342495355,-0.018001009378006232
20000,3,0.4378157413209412,0.02578449597168134,-0.016322792106764097
20000,3.5,0.48831477347359714,0.0268573472097057,-0.014841030723856001
20000,4,0.5373781496536288,0.02827953394024229,-0.013622474899970965
20000,4.5,0.5838290106447999,0.030350734850031372,-0.012675709374208864
20000,5,0.6280279714117171,0.03291907215410503,-0.012099003002045174
20000,5.5,0.6720043096094532,0.03570564032681907,-0.011743424253344526
20000,6,0.7162077775700662,0.038784426999236656,-0.011404242771525363
20000,6.5,0.7594503453459803,0.042401281013863194,-0.011115369024856004
20000,7,0.7996242040019752,0.04682790486778712,-0.011085000071873947
20000,7.5,0.833534682258724,0.05240102813928107,-0.011586019397870774
20000,8,0.8570210490072193,0.05977515833228794,-0.013046252853306172
20000,8.5,0.8659687989167143,0.07009920709178911,-0.016561030848390584
20000,9,0.8584318249982597,0.08331563197460404,-0.024050164236929742
20000,9.5,0.8434313354125289,0.09675336707931778,-0.033876672504376135
20000,10,0.8332678105504112,0.10864849474506863,-0.04163265331672836
20000,10.5,0.8291129497156716,0.11931768457717885,-0.047332349538429096
20000,11,0.8296430590515198,0.129125472234274,-0.05219736131891183
20000,11.5,0.8338856428870278,0.13819781289285385,-0.0567450997579056
20000,12,0.8408376869855028,0.14666881935717097,-0.06114674420788433
20000,12.5,0.8495359350817553,0.15473290847186175,-0.06547624395858792
20000,13,0.8593052525338511,0.16258015528155306,-0.06977879068268432
20000,13.5,0.8698572070764057,0.17032593857883987,-0.07408815394216148
20000,14,0.8811701845114839,0.1779995004292305,-0.07843000758966659
20000,14.5,0.8932893479327763,0.18557927950272068,-0.08282230322743007
20000,15,0.9062093903591859,0.19303027672571949,-0.08727354494416786
20000,15.5,0.9198661293625499,0.20032449304583583,-0.09177992819587978
20000,16,0.9341664719592149,0.20744794066585126,-0.09632802980051113
20000,16.5,0.9490087824678647,0.21439999638061785,-0.10090360182466518
20000,17,0.9642945893217112,0.22118875474493963,-0.1054984516712248
20000,17.5,0.9799396082333858,0.2278250858411452,-0.11011065744177244
20000,18,0.9958817551626851,0.23431749244442038,-0.11474052570393747
20000,18.5,1.0120825019065793,0.24066904771837358,-0.11938647340916972
20000,19,1.0285217408045768,0.24687677138419722,-0.12404294434639901
20000,19.5,1.0451883536221647,0.2529331845189176,-0.12870047441257415
20000,20,1.0620688634532638,0.2588294986515589,-0.13334723118720734
20000,20.5,1.0791366488574434,0.26455963338715616,-0.13797123143450077
20000,21,1.096344587320917,0.270123902221088,-0.1425624545817882
20000,21.5,1.113623729167574,0.27553105356073315,-0.147114157535994
20000,22,1.1308887825022764,0.28079782097656614,-0.15162300318901553
20000,22.5,1.1480483574307845,0.2859461978323676,-0.15608812413548348
20000,23,1.165015969823406,0.29099964855654875,-0.1605096765277205
20000,23.5,1.1817181367476228,0.29597970472961155,-0.1648875248415512
20000,24,1.198097983553251,0.30090383770086326,-0.16922044894191973
20000,24.5,1.214114933761186,0.3057847105404943,-0.17350592310962212
20000,25,1.2297421008868796,0.3106304091839785,-0.17774029742163758
20000,-20,-0.9446841369293373,0.2596118680351148,0.10574798905049164
20000,-19.5,-0.9276083728420944,0.2544391039633568,0.10155157290702714
20000,-19,-0.9105581231629867,0.24923885078290603,0.09742578482322808
20000,-18.5,-0.8935688625748985,0.24400803514410777,0.093377758654501
20000,-18,-0.8766763752785753,0.23874182723570023,0.08941378769840747
20000,-17.5,-0.8599165232165527,0.23343336717690402,0.08553945355957587
20000,-17,-0.8433246931030808,0.2280735798369826,0.08175958452385604
20000,-16.5,-0.8269345374356707,0.22265125117685336,0.07807784854181712
20000,-16,-0.8107755452604987,0.21715360541116785,0.07449591127041043
20000,-15.5,-0.7948692989859356,0.2115675255331609,0.07101238808363816
20000,-15,-0.7792254289105186,0.20588121211445262,0.06762205356837692
20000,-14.5,-0.7638399054113322,0.20008569129026657,0.06431564135182241
20000,-14,-0.7486982103187751,0.19417555526386635,0.06108022780274422
20000,-13.5,-0.7337821431077359,0.1881483837978698,0.057899674956588154
20000,-13,-0.71907461612076,0.18200162529292285,0.05475338151915624
20000,-12.5,-0.704559863072915,0.1757246051783765,0.05161150927564398
20000,-12,-0.6902338181622928,0.16928288399951305,0.04842983918672516
20000,-11.5,-0.6761641617315406,0.16259464691923922,0.04515450549151864
20000,-11,-0.6626215368525946,0.15551617709124146,0.04173981085894708
20000,-10.5,-0.6501453942627399,0.14789916126544073,0.038151408575718804
20000,-10,-0.6392183703097047,0.13976995026291048,0.034323714277550835
20000,-9.5,-0.6296772063093282,0.13142081391423102,0.03013660152458804
20000,-9,-0.620820265773333,0.12310582418511674,0.0254862977963439
20000,-8.5,-0.6119471367026506,0.11474962848769066,0.0203008233609566
20000,-8,-0.6020466572836397,0.1061596057800856,0.014475753672077991
20000,-7.5,-0.5894674859527032,0.0972959022591063,0.007946032066935062
20000,-7,-0.5722329229626366,0.08824805103060165,0.0009030615009060251
20000,-6.5,-0.5488539273334777,0.07912377315938657,-0.0059373628743758355
20000,-6,-0.5197664611394612,0.06999582216905026,-0.011454272974052979
20000,-5.5,-0.48537140635140946,0.06103650650351179,-0.016087248800833228
20000,-5,-0.4348044533911206,0.05294125673432153,-0.02193238982214079
20000,-4.5,-0.37691083819389837,0.045355083398340525,-0.02526243306005403
20000,-4,-0.3212365880992045,0.0396595324506467,-0.026435140358195885
20000,-3.5,-0.2619642526959797,0.03536699561524239,-0.026589014028534988
20000,-3,-0.20498289832509495,0.03121513484396896,-0.02599371695628606
20000,-2.5,-0.16088018462083467,0.026600278693673797,-0.022961259266554717
20000,-2,-0.11031415207279063,0.022239292168944876,-0.02074509747237698
20000,-1.5,-0.0543093520246965,0.020909879259108467,-0.019918433172629244
20000,-1,-0.0038672457416896733,0.020751506778928782,-0.019101350305484183
20000,-0.5,0.04659641037991202,0.020914412421873068,-0.01866833763409052
20000,0,0.09683131559206484,0.02111329914266631,-0.01829685416033073
20000,0.5,0.14514674906022468,0.021347460758415454,-0.017673353943726915
20000,1,0.18992832427477255,0.02170587426503709,-0.016573487612500354
20000,1.5,0.2318563298525962,0.02229844566871285,-0.015153998789647495
20000,2,0.2797545954873728,0.02319293279349202,-0.014933566122798156
20000,2.5,0.3496956981004511,0.024293920375165246,-0.018496322393443787
20000,3,0.4409932479519548,0.025339049634399733,-0.024940162806908507
20000,3.5,0.5190564211907801,0.026434351877623444,-0.027162165647081214
20000,4,0.5645509097531494,0.02794367324021793,-0.021904006694179728
20000,4.5,0.6011090213383066,0.030086507686769345,-0.015532840533810691
20000,5,0.6403851608762954,0.03313234340680918,-0.011526712548739465
20000,5.5,0.6820459074724224,0.03687562759581369,-0.009683792792399908
20000,6,0.7265314749671491,0.04130325835850903,-0.009023175373440996
20000,6.5,0.7710112729620693,0.04669524295629205,-0.008878160232791341
20000,7,0.8105026156590034,0.053293080587447896,-0.009104110458376327
20000,7.5,0.841988062982532,0.06139927708239534,-0.009983999640264309
20000,8,0.8650478488586495,0.07140795853962548,-0.013408794439287714
20000,8.5,0.8699096382570295,0.08304958706283917,-0.020613431524133096
20000,9,0.8597507072407271,0.09531183282863114,-0.027957086714563848
20000,9.5,0.849070444655031,0.10720307856699038,-0.034528608714154
20000,10,0.8423003937789442,0.11822166315290275,-0.04066334082330076
20000,10.5,0.8397784815612022,0.1281909029018238,-0.0462058876734741
20000,11,0.8411489194607684,0.1372029023773659,-0.05114130826253248
20000,11.5,0.845736117503181,0.14549937529878193,-0.05565025494727559
20000,12,0.852428452588466,0.15347225742283177,-0.059995486365245924
20000,12.5,0.8599590963165576,0.16165087314033655,-0.06445466998339583
20000,13,0.867710796584232,0.17043995027209136,-0.06922381185719953
20000,13.5,0.8761098214618377,0.17977840237535653,-0.07430990636851213
20000,14,0.8860069139821397,0.1891527681353264,-0.07953033169973119
20000,14.5,0.8978347236215061,0.19799592350848536,-0.08464121639564305
20000,15,0.9113706461020485,0.20604618578534348,-0.08948249864139815
20000,15.5,0.9260605579095007,0.21336987734479565,-0.09402523779686502
20000,16,0.9414126218800052,0.2201695036106126,-0.0983283725648076
20000,16.5,0.957141851532316,0.22662612787297354,-0.10247742768909553
20000,17,0.9731153139009281,0.23285295103224476,-0.10654734824901811
20000,17.5,0.989265218206086,0.2389084231260905,-0.11059189122955795
20000,18,1.0055449364198212,0.24481869915892185,-0.11464706365213904
20000,18.5,1.021919397727859,0.2505935732484222,-0.11873732964618118
20000,19,1.0383642317069997,0.2562363039273723,-0.1228793734171712
20000,19.5,1.0548613591219587,0.2617496819433295,-0.12708304723633895
20000,20,1.0713919236238247,0.2671392766296136,-0.13135118393292988
20000,20.5,1.0879312522600497,0.2724142406483789,-0.1356798501600646
20000,21,1.104447814700976,0.2775863929897628,-0.14005963056703988
20000,21.5,1.1209050230239703,0.2826686363263316,-0.14447762302141678
20000,22,1.1372639562808913,0.28767356990786414,-0.14891944277919797
20000,22.5,1.1534858088619713,0.2926126321371835,-0.1533707138074627
20000,23,1.1695336500096858,0.29749569697155354,-0.15781792391195357
20000,23.5,1.1853734980007862,0.3023309202671945,-0.16224878682188365
20000,24,1.2009748536357505,0.30712468171645296,-0.16665231453619983
20000,24.5,1.21631085390812,0.3118815559631813,-0.17101875369107095
20000,25,1.2313581805534402,0.31660430569040593,-0.17533947308857334
20000,-20,-0.9519585879129697,0.26587689949844806,0.10883686941589987
20000,-19.5,-0.9346972191839342,0.2604778768977845,0.10499904067285651
20000,-19,-0.9174878091000432,0.2550097041929158,0.10126037844738467
20000,-18.5,-0.9003556394832533,0.24947699881443589,0.097632934973688
20000,-18,-0.8833179203400808,0.2438851970328126,0.09413169445154893
20000,-17.5,-0.8663847575903783,0.23823974173512713,0.09077445147402446
20000,-17,-0.8495646787552198,0.23254405098526074,0.08757869740289462
20000,-16.5,-0.8328737260388726,0.22679651314773197,0.08455563617873606
20000,-16,-0.8163401442317495,0.22098845321345986,0.08170580902984831
20000,-15.5,-0.7999920997394886,0.21510585914050678,0.07902374769173331
20000,-15,-0.783828018472592,0.20913540725519794,0.07651291240067262
20000,-14.5,-0.7678064603127864,0.20307081502488752,0.07419493087350743
20000,-14,-0.7519087459338994,0.19691263203362788,0.0720896107735971
20000,-13.5,-0.7361883820337642,0.19065351756389295,0.07019515466487235
20000,-13,-0.7205128658410402,0.1842329630319432,0.06858255589086458
20000,-12.5,-0.7041651756956157,0.17749777897701446,0.06755186946184581
20000,-12,-0.686795975206546,0.17039128178451501,0.0672651291413062
20000,-11.5,-0.6693017553813652,0.16309576407167545,0.06732838469370266
20000,-11,-0.6503249677571197,0.1555060585163824,0.06768668235882515
20000,-10.5,-0.6270057457733257,0.14719106573009072,0.06868142944302442
20000,-10,-0.6003540336070947,0.13767981667950527,0.06988479871924204
20000,-9.5,-0.5599093973494493,0.1259022238820006,0.06829672348131612
20000,-9,-0.47262339987358104,0.10874214304989545,0.056007134176662664
20000,-8.5,-0.4048004337020017,0.09574821601822348,0.045113693709749804
20000,-8,-0.3734634952243693,0.08777924868318433,0.04053197275636292
20000,-7.5,-0.3484844967831924,0.08136655273994073,0.037692250839901485
20000,-7,-0.35922189159977047,0.07768627446974254,0.04094666033607142
20000,-6.5,-0.44923882398555526,0.07942889813292368,0.05270642974047604
20000,-6,-0.5176823633982819,0.08177755774583256,0.05127324327074359
20000,-5.5,-0.5343485491314444,0.07799873891840738,0.035795828702202256
20000,-5,-0.5134673499358396,0.06693825227481551,0.013689641519220114
20000,-4.5,-0.4417914031601772,0.05630399799721474,-0.008294864215693868
20000,-4,-0.35013987931360774,0.04777522147517743,-0.02123566352346277
20000,-3.5,-0.2860859935123299,0.03968194778910019,-0.025999342299056174
20000,-3,-0.23863584719938877,0.0324963845850417,-0.02435939936188184
20000,-2.5,-0.17807324775387698,0.025597333834861794,-0.02224131299946315
20000,-2,-0.09970254080269311,0.02159050479171147,-0.02389313771384294
20000,-1.5,-0.05032768658143713,0.020942163984365037,-0.021281232988006982
20000,-1,-0.0034299079344185524,0.021028452893708142,-0.01921555904003973
20000,-0.5,0.0461827669046834,0.021044985937258676,-0.018349727046761865
20000,0,0.09673449761010453,0.02109971605797484,-0.017867389819876248
20000,0.5,0.14691787899396194,0.02129719672765666,-0.017506012699675527
20000,1,0.1958174045399448,0.021687439872456884,-0.017295032497189337
20000,1.5,0.2426704583174512,0.022284680969258366,-0.017305760981663712
20000,2,0.28635138756544487,0.023098468148937144,-0.017512429160875264
20000,2.5,0.32453132706842175,0.02421170161006033,-0.017687536826334564
20000,3,0.3540497313372498,0.02587533537655538,-0.017432528306920082
20000,3.5,0.3857387833324789,0.028487413065415437,-0.017976249047180225
20000,4,0.49678106274072376,0.03270618231085276,-0.029454728259724075
20000,4.5,0.6519751568438266,0.037974775291712434,-0.042287527138230564
20000,5,0.7025758008017235,0.04305267410979814,-0.03463053600658765
20000,5.5,0.7272352969756724,0.05017611187609188,-0.026723585045746703
20000,6,0.75440130719332,0.06023688031688516,-0.026905534888935972
20000,6.5,0.7896628575116572,0.07172873543613079,-0.03750681193342409
20000,7,0.8047417575323305,0.08382700920228735,-0.0547751652896226
20000,7.5,0.7831521167916754,0.09451593047153582,-0.0678617180974433
20000,8,0.7220350143104269,0.09968785124051052,-0.07304259593403647
20000,8.5,0.6366135259474321,0.10236129906853386,-0.07244829094171093
20000,9,0.621929877224464,0.11006130369930231,-0.07953064894622883
20000,9.5,0.6700790940374811,0.12265263186823899,-0.08990178630835992
20000,10,0.7134893310019489,0.13437937403369432,-0.09539683330397196
20000,10.5,0.7389848732659067,0.14413004125594076,-0.09656991069785993
20000,11,0.7620878347127921,0.15361369820705145,-0.09704918300013353
20000,11.5,0.7851511643162853,0.1622253348801051,-0.09736424902997656
20000,12,0.8078526476121866,0.1702394832790722,-0.09764042014595654
20000,12.5,0.8283005936477431,0.17783291241891622,-0.09829159614002754
20000,13,0.8463349864830741,0.18503618387218224,-0.09936867076612399
20000,13.5,0.8640779085369006,0.1921373400047546,-0.10060307089454477
20000,14,0.881889268628952,0.19915866470142468,-0.1020498670372284
20000,14.5,0.8989608764908357,0.20593163171851925,-0.10395862567677878
20000,15,0.9152432835948201,0.2124335171179283,-0.10628032036229806
20000,15.5,0.9313853910606569,0.2187868428851131,-0.10876357672977284
20000,16,0.9477058405711332,0.22506260529339975,-0.11132888650578038
20000,16.5,0.9641501104860927,0.23126492452063624,-0.11402996632410436
20000,17,0.9806235083240529,0.23738275041420592,-0.11691128299687223
20000,17.5,0.997114869923936,0.243409696346831,-0.11997202873592976
20000,18,1.0136517629606194,0.2493471230742504,-0.12319259766773567
20000,18.5,1.0302419177599096,0.2552028000197565,-0.12655957488985553
20000,19,1.0468637640585827,0.2609868620341092,-0.13006822869199092
20000,19.5,1.0634840718769654,0.2667071797186299,-0.1337137018291076
20000,20,1.0800733092577155,0.27236665483115374,-0.13748423167105395
20000,20.5,1.0966095519185597,0.2779633534483453,-0.14136072665569382
20000,21,1.1130747345014325,0.2834925024647198,-0.1453204841413071
20000,21.5,1.1294496068622735,0.288948700020212,-0.1493412877872223
20000,22,1.1457109625161126,0.2943273148060041,-0.15340377888835285
20000,22.5,1.161831496326529,0.29962496200442124,-0.15749199591127108
20000,23,1.1777812060741584,0.3048394097064414,-0.16159285898966141
20000,23.5,1.193529243474745,0.3099692852462231,-0.16569533246410434
20000,24,1.2090455797243271,0.3150137929482034,-0.16978966733417103
20000,24.5,1.2243022403470256,0.3199725102573312,-0.17386686214877364
20000,25,1.2392740763797845,0.32484525051891483,-0.17791834823435268
50000,-20,-0.9451033623667309,0.2592545121454783,0.11128414420639841
50000,-19.5,-0.9278570734006015,0.2532065119309092,0.10695960685785173
50000,-19,-0.9106444602347842,0.2471051213364578,0.10271108579057772
50000,-18.5,-0.8934837485506979,0.2409559964547411,0.09854376068486818
50000,-18,-0.876389932678447,0.23476516080081472,0.09446047847900477
50000,-17.5,-0.8593755855420708,0.22853843142724342,0.0904618541101509
50000,-17,-0.842452228639038,0.22228077402066937,0.08654652829411916
50000,-16.5,-0.8256322392005081,0.21599563000366595,0.08271155019849624
50000,-16,-0.8089312134742788,0.20968425632668805,0.07895284128035346
50000,-15.5,-0.7923706344414693,0.2033451194408483,0.07526569121739472
50000,-15,-0.7759806007028158,0.19697339434822375,0.07164523445836865
50000,-14.5,-0.7598022591363982,0.19056064037408807,0.06808685171155157
50000,-14,-0.7438894682819853,0.1840947542463883,0.06458643076493252
50000,-13.5,-0.7283091637198243,0.1775603256947703,0.06114040420354501
50000,-13,-0.7131400090739556,0.1709395164333426,0.057745459465383765
50000,-12.5,-0.6984693178051044,0.1642135141656025,0.05439779072550402
50000,-12,-0.6843889494897302,0.1573644420583192,0.051091728957040526
50000,-11.5,-0.670991693700954,0.15037731509112695,0.04781753871711281
50000,-11,-0.6583700331262844,0.14324126408694512,0.04455811529428536
50000,-10.5,-0.6466186776631552,0.13594894161864465,0.04128431860154401
50000,-10,-0.6358411766325978,0.1284932175128347,0.0379489135147566
50000,-9.5,-0.6261601838416775,0.1208620561862102,0.034479926895326016
50000,-9,-0.6177302369119271,0.11303777027489219,0.030776286243312287
50000,-8.5,-0.6107390286247756,0.10501737913042804,0.026709578990255545
50000,-8,-0.6052463427911406,0.09687817126062745,0.02211260652107666
50000,-7.5,-0.5999533372912398,0.08881800767316404,0.016655877019691453
50000,-7,-0.5884029672061774,0.08060101028050394,0.009749572066599144
50000,-6.5,-0.5618005032706268,0.07066651245796099,0.0013417541216438852
50000,-6,-0.5262416914230413,0.05890286619582018,-0.007457891885264499
50000,-5.5,-0.4879082580761886,0.0479177933069069,-0.01624160524458751
50000,-5,-0.4299922421941815,0.039200469073108195,-0.023308345699540458
50000,-4.5,-0.3733868112043719,0.03085135506198808,-0.025516655096955564
50000,-4,-0.32182445247595265,0.025690914732489335,-0.025188904531192966
50000,-3.5,-0.26947543045217903,0.02266996671671294,-0.02359741662686073
50000,-3,-0.21568396950824628,0.020603839271488334,-0.022123070790457482
50000,-2.5,-0.1595750926775839,0.019142662965259055,-0.02166823051415238
50000,-2,-0.10141661112605982,0.018076525307801867,-0.022571260799898157
50000,-1.5,-0.04547953732128221,0.016701091590965642,-0.0231975187291751
50000,-1,0.007697567168966024,0.014844130176363563,-0.021982201105131743
50000,-0.5,0.06542685342989055,0.014165553962236095,-0.021581117765694786
50000,0,0.12400534264351867,0.014279445456391508,-0.021471698614708244
50000,0.5,0.1788223825126303,0.014614952919664947,-0.020625880921923818
50000,1,0.2313488158074048,0.015061190320664289,-0.019303186037625698
50000,1.5,0.28349697318631273,0.015603607599615713,-0.017965916032168527
50000,2,0.3359700729992832,0.016236051399311325,-0.016889913137864105
50000,2.5,0.38858303421913615,0.016993441045257754,-0.016087300284460638
50000,3,0.44096710846680703,0.017953607775990078,-0.015450124147541978
50000,3.5,0.49303746430553874,0.01908244916583507,-0.015000643797118362
50000,4,0.5449034672187714,0.020269887657504846,-0.014827851288726011
50000,4.5,0.5967238678839006,0.021488948581085368,-0.014699999605244998
50000,5,0.6482127772096957,0.022798278551273216,-0.014358978966344834
50000,5.5,0.6988350317080775,0.024309512382371938,-0.01373846733692906
50000,6,0.7482637112798421,0.026141006390707155,-0.012912812696176942
50000,6.5,0.7962031373015932,0.028423000278778674,-0.012016747878376812
50000,7,0.8420898831231425,0.03131455913486853,-0.011198612143796223
50000,7.5,0.8846201025186056,0.035021414817274804,-0.010624168110826684
50000,8,0.9210954525281331,0.03984654120770869,-0.010509005262783833
50000,8.5,0.9472928721354736,0.04643273733503006,-0.011263428755983285
50000,9,0.9578138704801498,0.05662976243722909,-0.014001749932400314
50000,9.5,0.9398720924984174,0.0734423176419392,-0.021468556974102104
50000,10,0.891912059817813,0.0937771786761464,-0.0361780553888263
50000,10.5,0.8718562761898673,0.10903658450822003,-0.04831667923284507
50000,11,0.8661222095709185,0.12111004325625264,-0.055357579222461054
50000,11.5,0.8639018868777381,0.13143092173746856,-0.06068933551521219
50000,12,0.864997350793818,0.1409623121161636,-0.0652835222314059
50000,12.5,0.868635590188192,0.15026781730632993,-0.0697104030328767
50000,13,0.8744536275463513,0.15931426926013498,-0.07413977207564261
50000,13.5,0.8822567175745865,0.16799803350866627,-0.07857529176753315
50000,14,0.8917703800606245,0.1763107087763096,-0.08300417228284969
50000,14.5,0.90269305335132,0.1842972974657482,-0.08742440616995102
50000,15,0.9147766322297468,0.19200758048061506,-0.09184018541328202
50000,15.5,0.9278466751445476,0.1994777316680408,-0.09625632314925954
50000,16,0.9417824686033824,0.20672996386718048,-0.1006762895899912
50000,16.5,0.9564881420343171,0.2137782847933063,-0.1051027085399881
50000,17,0.9718715315377559,0.22063447551941776,-0.10953857620924655
50000,17.5,0.9878346835800529,0.22731201395128633,-0.11398805564730714
50000,18,1.004273409727614,0.23382751627248138,-0.11845644461457223
50000,18.5,1.021081581764259,0.2402002211512248,-0.1229494455504818
50000,19,1.0381565488355862,0.24645041132504203,-0.12747210027211972
50000,19.5,1.0554035156844939,0.2525976206929945,-0.1320277555956886
50000,20,1.0727380706190845,0.25865919661248704,-0.13661731025889473
50000,20.5,1.0900869497896633,0.2646494592683973,-0.14123885137132
50000,21,1.1073875424065205,0.270579444890306,-0.14588767331517985
50000,21.5,1.1245867086723784,0.2764570802133817,-0.15055660128103918
50000,22,1.1416393649574303,0.282287598014879,-0.15523651209840617
50000,22.5,1.1585071211129279,0.28807403051275715,-0.15991694524140068
50000,23,1.1751571071361868,0.2938176718082047,-0.16458671474706205
50000,23.5,1.1915610264625534,0.29951845582800823,-0.16923445843975246
50000,24,1.2076944185401248,0.30517523808687264,-0.17384908731147244
50000,24.5,1.2235360910254054,0.31078599390054523,-0.1784201207824761
50000,25,1.2390676785739796,0.3163479548719872,-0.18293791067990803
50000,-20,-0.9407246021243318,0.2577060089100965,0.10975419492461115
50000,-19.5,-0.923331850762131,0.25216643347873624,0.1053399648588998
50000,-19,-0.9059805881733082,0.24658475723639336,0.10099701961062577
50000,-18.5,-0.8887017365580314,0.2409614426090196,0.09673175970572769
50000,-18,-0.8715243692599639,0.23529626534311884,0.0925486565439691
50000,-17.5,-0.8544759283365713,0.2295880454652737,0.08845032911422182
50000,-17,-0.8375827830981759,0.223834369201148,0.08443778157877771
50000,-16.5,-0.8208711307933061,0.21803131178841617,0.08051079358351167
50000,-16,-0.8043681898397299,0.21217317857117884,0.07666842970562457
50000,-15.5,-0.7881035522412683,0.20625229409899215,0.07290958912444424
50000,-15,-0.7721104405514173,0.20025888316711757,0.06923344296344269
50000,-14.5,-0.7564264990032348,0.19418110402086258,0.06563951820616029
50000,-14,-0.7410937737300897,0.18800532191855196,0.06212714728962889
50000,-13.5,-0.7261578914540908,0.1817167602332615,0.0586941251975898
50000,-13,-0.7116671219055056,0.17530070217155394,0.05533477454223543
50000,-12.5,-0.6976724896936343,0.16874432946831258,0.052038078182585615
50000,-12,-0.6842295997552283,0.16203896638469084,0.04878670333817189
50000,-11.5,-0.6714012854959327,0.1551819773040506,0.04555726000639898
50000,-11,-0.6592585469438562,0.14817705300831194,0.042321190789363985
50000,-10.5,-0.647876173377978,0.14103147950964232,0.039044969649347026
50000,-10,-0.6373186292108917,0.13374954434353015,0.03568821624481949
50000,-9.5,-0.6276129912530404,0.12632247933827856,0.03219857660348442
50000,-9,-0.6187194645787075,0.11871762726417268,0.028502042725398205
50000,-8.5,-0.6105520614079875,0.11087519411938843,0.024483416507265647
50000,-8,-0.6030757683841731,0.10272476589888943,0.019924487930451432
50000,-7.5,-0.5956965247404764,0.09414840323187885,0.014306034439471104
50000,-7,-0.583325733212453,0.08458297967685889,0.0066913121608074095
50000,-6.5,-0.55560053023475,0.07325115330249037,-0.002975309822316852
50000,-6,-0.5146082670506023,0.061443194365550416,-0.01204757125880853
50000,-5.5,-0.47272391717836987,0.05096813401834358,-0.018769468623457616
50000,-5,-0.4254514765963899,0.042324696173257736,-0.02452389236577042
50000,-4.5,-0.3719729813815525,0.03433516247288633,-0.026546697056624997
50000,-4,-0.31965347358332297,0.028419041265587718,-0.02659028963753879
50000,-3.5,-0.2648962568636839,0.02471631153276834,-0.025159573920431628
50000,-3,-0.20905059840071574,0.021824422473721,-0.023930072749863026
50000,-2.5,-0.15515917806181842,0.0195105378141192,-0.023558483518095596
50000,-2,-0.11008775845926427,0.016718901507582325,-0.02204829990305963
50000,-1.5,-0.058901979233392576,0.013665279750062225,-0.020012328730010038
50000,-1,-0.002640200473054022,0.013160907361474909,-0.019283740186696704
50000,-0.5,0.045864342716330525,0.013135362233243282,-0.018037008750682527
50000,0,0.09707940211157481,0.013338624030006931,-0.01755577223061592
50000,0.5,0.155090079746999,0.0136410993515961,-0.018324236616962565
50000,1,0.22077620486917005,0.013967032348230175,-0.02039157599844705
50000,1.5,0.2915645595617467,0.01430007757431334,-0.023102066615282923
50000,2,0.3595730009935748,0.014686112097738388,-0.024688472477443713
50000,2.5,0.41544299586999983,0.015256491573141248,-0.02335085227752773
50000,3,0.46196487669865244,0.01598977787478933,-0.02003899852707615
50000,3.5,0.5082721869777649,0.016872302617841558,-0.017109568526136373
50000,4,0.5549841178974583,0.018282327150789184,-0.014887659567390604
50000,4.5,0.6003481780211634,0.020365164283619955,-0.013454599027992512
50000,5,0.6469144731701202,0.022547255188865075,-0.012736049354679962
50000,5.5,0.6961379592297241,0.02476035722910338,-0.01200455695921607
50000,6,0.7462202094521876,0.027294247096586642,-0.01111347231136422
50000,6.5,0.7952253300693506,0.03047214322656955,-0.010155919918478442
50000,7,0.8410974544436978,0.03454738452044403,-0.009281064549844438
50000,7.5,0.8811199926186388,0.03971970113513018,-0.008746962072620375
50000,8,0.911722077971767,0.046266364527196846,-0.008876270897790004
50000,8.5,0.9292752875611698,0.055122625355196006,-0.010050248936589328
50000,9,0.9279526260234074,0.06797898254634405,-0.01376187361546944
50000,9.5,0.9000952637166872,0.08413224964229282,-0.023575850717257773
50000,10,0.8760280893116523,0.09983337689116713,-0.03574711501779308
50000,10.5,0.8670852761439451,0.1138590995237623,-0.04484905125622058
50000,11,0.8631827523840017,0.12614122212191628,-0.05197208095231139
50000,11.5,0.8616174578106425,0.1366939131496506,-0.05782376737229813
50000,12,0.8617619520083448,0.14655515256635485,-0.06307050440834183
50000,12.5,0.8637596098257563,0.15637089418420716,-0.06818630522629641
50000,13,0.8683066418592199,0.1659760990471653,-0.07319198215387981
50000,13.5,0.8757025391983919,0.17502897611161577,-0.07797247012298544
50000,14,0.8855563160997547,0.18342380239038036,-0.08250041999051791
50000,14.5,0.8972192166781361,0.19125344527409302,-0.08683282071803874
50000,15,0.9101657113853486,0.1986511247864739,-0.09104338162770999
50000,15.5,0.924059536333038,0.20571509723879106,-0.09518852589038958
50000,16,0.938681332512871,0.21250705852949867,-0.09930610953290792
50000,16.5,0.9538668056746754,0.2190694052121769,-0.10342341276286968
50000,17,0.9694819541575355,0.22543709852648214,-0.10756305977573331
50000,17.5,0.9854174189156515,0.23164190935505838,-0.11174522153498416
50000,18,1.001586873271482,0.2377122655330647,-0.11598727813786174
50000,18.5,1.0179240500145346,0.24367164448368428,-0.12030228176175692
50000,19,1.034378073688335,0.2495374547188561,-0.12469735247963473
50000,19.5,1.050908226429648,0.2553212246594158,-0.12917286951558757
50000,20,1.0674792857795525,0.2610298896966543,-0.13372284762517878
50000,20.5,1.0840581407567935,0.2666674873474109,-0.13833631742646002
50000,21,1.100611876469069,0.27223665809705605,-0.14299915535200106
50000,21.5,1.117107103415986,0.27773966485797763,-0.14769579627447843
50000,22,1.1335101072192775,0.2831789105388113,-0.15241050481139695
50000,22.5,1.1497874031271822,0.28855706997079716,-0.15712815549053571
50000,23,1.1659063990563947,0.2938769839318697,-0.16183463230216236
50000,23.5,1.1818360010507274,0.29914143874314736,-0.1665169931782704
50000,24,1.1975470887970605,0.3043529152252111,-0.17116351175001335
50000,24.5,1.2130128430752372,0.3095133565554719,-0.17576366171756183
50000,25,1.228208934126092,0.31462398077525977,-0.18030807428447038
50000,-20,-0.9433412860048863,0.25910742405940446,0.10948335013681015
50000,-19.5,-0.9260466408357565,0.2534910795600827,0.1051733768120089
50000,-19,-0.9088210372421193,0.24783015797814548,0.10093250165449233
50000,-18.5,-0.8916938764367086,0.2421304942132751,0.09676738972886353
50000,-18,-0.8746935164334436,0.23639830120009298,0.09268336842364902
50000,-17.5,-0.8578478147214463,0.23063989558264997,0.08868446726966506
50000,-17,-0.8411849515794695,0.22486123986689394,0.084773484812063
50000,-16.5,-0.824734519362877,0.21906722351970376,0.08095203688361928
50000,-16,-0.8085288437989019,0.21326062532550236,0.07722054384171848
50000,-15.5,-0.792604455820188,0.20744077828305657,0.07357813740934992
50000,-15,-0.7770035108593745,0.20160211702052744,0.07002251384772233
50000,-14.5,-0.7617747185415497,0.19573301144117275,0.06654982702353437
50000,-14,-0.7469730497626802,0.189815488667394,0.06315478904032698
50000,-13.5,-0.7326573791042346,0.18382642948593428,0.059831189450086336
50000,-13,-0.718885718823991,0.17774038207361315,0.0565729843194399
50000,-12.5,-0.7057089652096215,0.1715332858806772,0.05337587437601157
50000,-12,-0.6931653437278054,0.16518569131425503,0.05023893005752267
50000,-11.5,-0.6812776136176586,0.15868431576068695,0.04716556073156417
50000,-11,-0.6700534074273696,0.1520220557362057,0.04416328792421309
50000,-10.5,-0.6594876539424093,0.14519770190554765,0.041242652544583744
50000,-10,-0.6495658229394212,0.13821646425789197,0.03841736561923112
50000,-9.5,-0.6402650065249319,0.1310914096762939,0.035710229222089974
50000,-9,-0.6315421574003592,0.12384526103777134,0.033170772692524435
50000,-8.5,-0.6232855474387046,0.11651173816428184,0.030906533719775316
50000,-8,-0.6152034474260443,0.10913380145933835,0.029109182541127293
50000,-7.5,-0.6066580648174216,0.10175279927728217,0.028008210340834262
50000,-7,-0.5964021247805228,0.0943920598365437,0.027689709201036465
50000,-6.5,-0.5818085436462598,0.08709038996221591,0.027990524441134104
50000,-6,-0.5590787005560793,0.08015190407150982,0.028344801857981668
50000,-5.5,-0.5253368204147999,0.07345113386793324,0.026025444938076084
50000,-5,-0.47348516060956264,0.06302624720530377,0.015716562049645225
50000,-4.5,-0.4206936766934183,0.048895431545285764,-0.002819613995301889
50000,-4,-0.360350966108615,0.03728128547346354,-0.02200115553157057
50000,-3.5,-0.2934946872536963,0.029466287264812638,-0.02734273275894911
50000,-3,-0.22571920377476934,0.0251431364025834,-0.026711987901995932
50000,-2.5,-0.1627614126512104,0.021200575998560855,-0.02526715614192143
50000,-2,-0.11579774142768123,0.016766803924008634,-0.021772302738848812
50000,-1.5,-0.05932439171679202,0.01354720055832303,-0.01988795986530415
50000,-1,-0.0013335996410764328,0.012902983048163818,-0.019089923837095922
50000,-0.5,0.05171710460930545,0.012990743035216567,-0.018565396212353636
50000,0,0.10416190311374446,0.013179285598569406,-0.018533171461198535
50000,0.5,0.15413330519774146,0.013414061992947665,-0.01838050816595587
50000,1,0.19929901011854823,0.013793571665395233,-0.017595379156403135
50000,1.5,0.24208663454706392,0.014428801020987458,-0.01652699333108096
50000,2,0.30035573970011414,0.015324565812340485,-0.018150043342142153
50000,2.5,0.3963985810886123,0.016131656111045427,-0.02586149487275804
50000,3,0.4942961058561074,0.016663670276447957,-0.03222805825851526
50000,3.5,0.5361512875071187,0.017673991147018647,-0.026698943984345073
50000,4,0.5637675265350583,0.019269234435866162,-0.017927683368439137
50000,4.5,0.6071007540653459,0.021892190243614357,-0.012536227436145266
50000,5,0.6587052630639579,0.025229753771035156,-0.010213638376257352
50000,5.5,0.7124769717641498,0.02926326631235412,-0.008983274505731945
50000,6,0.7626856527734243,0.03450790671897481,-0.007868487118526462
50000,6.5,0.8038247836985614,0.041464822792817296,-0.0073824889078137
50000,7,0.833729761861876,0.05105173997399453,-0.009696385906574364
50000,7.5,0.8414452294810669,0.06892502722788811,-0.02230056786613558
50000,8,0.8079449381172825,0.09442452552958508,-0.047527352937602074
50000,8.5,0.793563056912083,0.11082314652249405,-0.059833972338636514
50000,9,0.791803265250573,0.12017878824795905,-0.06398176431698094
50000,9.5,0.794913111596082,0.12721566583214383,-0.06578556939141296
50000,10,0.8008589688846728,0.13402188960072628,-0.06688085500203465
50000,10.5,0.8087348757581617,0.14109955280085953,-0.06790136501568252
50000,11,0.8178108551609178,0.14840881078846282,-0.069201561113457
50000,11.5,0.8275328862986049,0.15582475031987691,-0.07099024953234777
50000,12,0.8376460696466299,0.16325048507529138,-0.07331347794251097
50000,12.5,0.8481735858713223,0.17061468401581198,-0.07608159722758918
50000,13,0.8592480803584924,0.17786482490422917,-0.07916711837979169
50000,13.5,0.8709769164063454,0.18496546523705676,-0.08247426727168597
50000,14,0.8834057511738858,0.1918944241268196,-0.08594791162754416
50000,14.5,0.8965286725439139,0.1986406745128687,-0.08955776260176222
50000,15,0.9103045280618248,0.20520459918585127,-0.09328410044804719
50000,15.5,0.9246701285040377,0.21159741888925054,-0.09711100100544882
50000,16,0.9395509680839603,0.21783825837531307,-0.10102500391313667
50000,16.5,0.9548698532225255,0.22395000866853118,-0.10501578390644256
50000,17,0.970552917967469,0.22995574126984022,-0.10907654814877081
50000,17.5,0.9865328299185574,0.23587647634085832,-0.11320351419962416
50000,18,1.0027496841945311,0.24173014855509634,-0.11739477398402358
50000,18.5,1.0191504326150942,0.2475312759290126,-0.12164903259591797
50000,19,1.0356876413347027,0.25329093593781304,-0.12596454385185618
50000,19.5,1.0523181262108299,0.2590168666113207,-0.1303383693214359
50000,20,1.069001763809863,0.26471366285382353,-0.134765967602213
50000,20.5,1.0857005954663135,0.2703830912282061,-0.1392410671293528
50000,21,1.1023782385486334,0.27602452767791175,-0.14375575856351924
50000,21.5,1.1189995702423983,0.2816354787403284,-0.1483007412229378
50000,22,1.1355306296288243,0.2872121160140225,-0.15286566274642877
50000,22.5,1.1519386775122156,0.2927497527059745,-0.15743949899807883
50000,23,1.1681923538597918,0.2982432154298842,-0.1620109311953467
50000,23.5,1.1842618785148484,0.3036870982565922,-0.16656868863465166
50000,24,1.2001192513427956,0.30907591409249324,-0.17110183708284693
50000,24.5,1.2157384212828373,0.31440417294024653,-0.17560000356692557
50000,25,1.2310954072365472,0.31966641758071507,-0.18005353683310893
100000,-20,-0.9529195061758317,0.26070829237493104,0.11355059117748305
100000,-19.5,-0.9355120213143437,0.2545236838543083,0.10924197124386265
100000,-19,-0.9181260654265754,0.24829830653548868,0.10501177632070727
100000,-18.5,-0.9007770183919888,0.24203699986809052,0.10086254494334336
100000,-18,-0.88347886102327,0.23574382917235312,0.09679432587777456
100000,-17.5,-0.866246056376143,0.22942151226339158,0.09280504249081865
100000,-17,-0.8490959993323963,0.22307088326752297,0.08889104431418628
100000,-16.5,-0.8320518155572498,0.21669042641259603,0.0850477775413733
100000,-16,-0.8151451251689248,0.21027592354896132,0.08127048765728874
100000,-15.5,-0.7984181970269344,0.20382028319836326,0.07755485985314418
100000,-15,-0.7819247573559551,0.19731364381880165,0.07389750804551003
100000,-14.5,-0.7657286959079475,0.1907438453868865,0.07029624272739893
100000,-14,-0.749900207280045,0.18409731021994957,0.06675007805511685
100000,-13.5,-0.7345096689768665,0.17736024720251925,0.06325896339312476
100000,-13,-0.7196207551482048,0.1705199196050732,0.059823216409697726
100000,-12.5,-0.7052855010897114,0.16356559107497495,0.05644257790226723
100000,-12,-0.6915444993076458,0.15648881381293075,0.05311473072589087
100000,-11.5,-0.6784344067716616,0.14928298389145636,0.049833083448798166
100000,-11,-0.6660022847930417,0.14194241249133135,0.04658359438047926
100000,-10.5,-0.6543223140194193,0.13446128095180437,0.04334018513075914
100000,-10,-0.6435063290787509,0.12683244154411522,0.040057540378921834
100000,-9.5,-0.6336996347839842,0.11904467817686519,0.03665901164824447
100000,-9,-0.6250627265641953,0.11107505033564793,0.03301808685410782
100000,-8.5,-0.6177338130653223,0.10287395662143832,0.028939603454678244
100000,-8,-0.6116429234842676,0.09435460918472205,0.0241589455273217
100000,-7.5,-0.6057559360461411,0.08542410830069312,0.018334539290173903
100000,-7,-0.5959515426536144,0.07601646633781856,0.010856583696558777
100000,-6.5,-0.5714198081897001,0.06575739663184835,0.0009442116072489923
100000,-6,-0.5291796976320049,0.05353977298307648,-0.009930310506795012
100000,-5.5,-0.49376175855636006,0.0414290895823996,-0.01915395921424808
100000,-5,-0.4247459283826976,0.032152893667704595,-0.024510609982879267
100000,-4.5,-0.36682302263728994,0.023332213921828746,-0.026050237328782398
100000,-4,-0.3144930853407791,0.01944668296010795,-0.025754774875905006
100000,-3.5,-0.26018461596759945,0.017199784096626283,-0.024814665584671856
100000,-3,-0.20428758578977174,0.015688316880975713,-0.023946925800592433
100000,-2.5,-0.14796969796198642,0.014634262272606892,-0.023235691294947753
100000,-2,-0.09175323308513661,0.013921837329621174,-0.02283369177243727
100000,-1.5,-0.035410817117042,0.013456707140120797,-0.02304229139486936
100000,-1,0.018971390399211974,0.012890779168599653,-0.023113122336658323
100000,-0.5,0.06897855124571553,0.011872956105559168,-0.021312194049943927
100000,0,0.11854248140441756,0.011198073053732773,-0.01930922885312577
100000,0.5,0.173486424942366,0.011248060982718987,-0.018677417324327563
100000,1,0.22987597698222761,0.011623453646087557,-0.01851698699921189
100000,1.5,0.2849355550864272,0.012126472199008148,-0.018237019978859778
100000,2,0.3389197118102624,0.012722694053851116,-0.01779169471283628
100000,2.5,0.3926727055345821,0.01335437038738119,-0.017346747311688608
100000,3,0.44637972306656104,0.013998856381349725,-0.017089832618700066
100000,3.5,0.499818595065389,0.014701777087430196,-0.01690269608392098
100000,4,0.55305349807988,0.015468413023261523,-0.016592862395208616
100000,4.5,0.6059523277469121,0.016303368077255704,-0.016135520820815874
100000,5,0.6583061304371115,0.017245946049907045,-0.015548081240304839
100000,5.5,0.709975534936499,0.018347666537905337,-0.014879199847772834
100000,6,0.7607855100576644,0.019664573814556385,-0.014164869574723802
100000,6.5,0.8105691430308881,0.021250759968265975,-0.0134224571109984
100000,7,0.8591604492620065,0.02316540734795136,-0.012666522115710557
100000,7.5,0.9061688456410826,0.02549881068635391,-0.01191612933237152
100000,8,0.9506542911428488,0.02839421295033996,-0.011196388864073085
100000,8.5,0.9907609114550093,0.03204924375885179,-0.010562537493392535
100000,9,1.0234112601351013,0.036754851574572076,-0.010217370257269823
100000,9.5,1.044952369980613,0.043283424559979224,-0.010908622034252897
100000,10,1.044834801984346,0.05616999250552599,-0.015573916826263698
100000,10.5,0.9576319814757644,0.0870734605249404,-0.03307785396921192
100000,11,0.902127626001488,0.11172626007374467,-0.05313474331995525
100000,11.5,0.8947085966536178,0.12514010068554354,-0.061706572028378426
100000,12,0.8893277372136152,0.13590001084040287,-0.06706839529573151
100000,12.5,0.8879824641617577,0.14621022968465558,-0.07167326253222793
100000,13,0.890064841895907,0.15646351347201626,-0.07622114997569136
100000,13.5,0.8950464485044067,0.16631769499336427,-0.08077420488215716
100000,14,0.9025233241861934,0.17560674446798535,-0.08530038138900485
100000,14.5,0.9120969484056303,0.18434136398326825,-0.08979138379025439
100000,15,0.923409954664985,0.1925926820030477,-0.09425426087561044
100000,15.5,0.9361557816212257,0.20043878793394576,-0.0986994439258317
100000,16,0.9500685466868843,0.20794953165421687,-0.10313664005937319
100000,16.5,0.9649148232187955,0.21518426119854256,-0.10757444900498583
100000,17,0.9804910857329556,0.22219264361842955,-0.11202087916640335
100000,17.5,0.9966235809783771,0.22901582485979952,-0.11648366547493386
100000,18,1.0131677004632997,0.23568742952922966,-0.12097014053396721
100000,18.5,1.0300057479976628,0.2422344375768286,-0.12548675223196323
100000,19,1.0470432525830733,0.24867803271770828,-0.13003842333983714
100000,19.5,1.064204496396163,0.2550344707119133,-0.13462794305329043
100000,20,1.081427981460764,0.2613159631052106,-0.13925553060324103
100000,20.5,1.0986623911477216,0.26753153649876577,-0.14391864805575452
100000,21,1.1158633653422592,0.2736878118856598,-0.1486120790839541
100000,21.5,1.132991185704868,0.2797896510762823,-0.1533282417025303
100000,22,1.1500093019492583,0.2858406342155801,-0.15805767071337626
100000,22.5,1.166883534243898,0.29184335867939615,-0.1627895915110036
100000,23,1.1835817537075783,0.29779957793139405,-0.16751250916158197
100000,23.5,1.2000738547462055,0.3037102211917551,-0.17221475085674293
100000,24,1.2163318693784262,0.30957534517765584,-0.17688492024244096
100000,24.5,1.2323301177923427,0.31539406649581986,-0.18151224331574875
100000,25,1.2480453302012353,0.32116451090658643,-0.18608680359605156
100000,-20,-0.9421788421551378,0.2603863945356281,0.11258610168344317
100000,-19.5,-0.924612185203023,0.25463104627578176,0.10817443382330308
100000,-19,-0.9071189376123057,0.24882128609689252,0.10383940445529642
100000,-18.5,-0.8897279720651603,0.24295831765212514,0.09958647973062483
100000,-18,-0.8724662891580757,0.2370427016930495,0.09541900483052858
100000,-17.5,-0.8553597151143816,0.23107386456594345,0.0913383197017146
100000,-17,-0.8384339375935767,0.22504958274830753,0.08734402370397329
100000,-16.5,-0.8217157569118133,0.21896550763775008,0.08343436051600141
100000,-16,-0.8052343409080542,0.21281482722473427,0.0796066738037805
100000,-15.5,-0.7890221887747604,0.20658819273158469,0.0758578625370494
100000,-15,-0.77311546755174,0.2002740484487746,0.07218474320849794
100000,-14.5,-0.7575534380197507,0.19385946244572924,0.06858420861160568
100000,-14,-0.7423768929252287,0.18733144043017524,0.06505307101182539
100000,-13.5,-0.7276259224385931,0.1806785265587168,0.061587514865144424
100000,-13,-0.7133378557320006,0.17389233142885574,0.0581821857035634
100000,-12.5,-0.6995467218494514,0.16696860337233085,0.05482908959725043
100000,-12,-0.6862856865362417,0.1599076350079406,0.05151655235074966
100000,-11.5,-0.6735932626139233,0.1527140372824046,0.04822830133176596
100000,-11,-0.6615224302290564,0.14539592621669253,0.04494221813056793
100000,-10.5,-0.650149159047339,0.13796318626197934,0.041627675765006575
100000,-10,-0.6395733823873353,0.13042389260421647,0.03823999708816797
100000,-9.5,-0.629901945038082,0.12277758702376566,0.03471084912048733
100000,-9,-0.6212023277162765,0.1150040161684441,0.030934858541207158
100000,-8.5,-0.6134244530790623,0.10704555368637973,0.026755235330637197
100000,-8,-0.606296836746015,0.09878061490593708,0.02194681215929693
100000,-7.5,-0.5990463278070808,0.08999295050956038,0.016153842788156833
100000,-7,-0.5886810962800353,0.08036949932777258,0.008725711110004789
100000,-6.5,-0.5647118429375001,0.06945976723033614,-0.0008047234986888285
100000,-6,-0.5208269328363643,0.056815406524408106,-0.010700562518201416
100000,-5.5,-0.48170868372222253,0.044341976608788976,-0.018708530555277738
100000,-5,-0.4301146766819643,0.03512920109718336,-0.02532263026003944
100000,-4.5,-0.36653945004096566,0.026624538839757926,-0.026788226528663632
100000,-4,-0.3153849308619786,0.021718388503877945,-0.026289618811380953
100000,-3.5,-0.26410717013206086,0.018716256808155318,-0.024414359894978584
100000,-3,-0.21168802075372614,0.016499196332129155,-0.022687835747265336
100000,-2.5,-0.15795022335724632,0.014848769234174091,-0.021734149056979086
100000,-2,-0.10489421117189351,0.013570217894802561,-0.021891623072713955
100000,-1.5,-0.05886724602140311,0.011364942767301198,-0.020213514003771662
100000,-1,0.0017482492143251482,0.009808651120477272,-0.01965682991528314
100000,-0.5,0.06579550395550038,0.009699773524582634,-0.02082790108383094
100000,0,0.12452018249137495,0.009655009875158818,-0.021597111536592068
100000,0.5,0.18518674393948342,0.009733772597123918,-0.022606263826488702
100000,1,0.24555319761360866,0.009954411019362569,-0.02313333556267149
100000,1.5,0.30108568517502055,0.01032979508629754,-0.02233167911951464
100000,2,0.35197155786849155,0.010824542772920165,-0.020489693103397186
100000,2.5,0.402265114997143,0.011408255103231296,-0.018717508401865014
100000,3,0.45348405799925345,0.0122101000358459,-0.01746206458792612
100000,3.5,0.5055824742457288,0.013375706956673792,-0.016530943027873994
100000,4,0.5582195816196139,0.014627845548286562,-0.016220283485203095
100000,4.5,0.6104619365070496,0.0158571832473417,-0.016096530220848223
100000,5,0.662176288210853,0.017141515942334713,-0.015693190614561918
100000,5.5,0.7132082876370158,0.018566954935471152,-0.015037894167714021
100000,6,0.7633087938638968,0.020245433915826627,-0.014186033083678412
100000,6.5,0.8122438310806861,0.02230036113269048,-0.013206397360164554
100000,7,0.8596293547361888,0.02486667120347207,-0.012144537142540154
100000,7.5,0.9046316239681862,0.028082140725233816,-0.01104282526365466
100000,8,0.9455190500936469,0.032092246032684436,-0.010022488604518905
100000,8.5,0.979152538941231,0.037123224075288126,-0.009378763449126346
100000,9,1.0013070225273695,0.043788703116222016,-0.009642202634724545
100000,9.5,1.0065913166777658,0.05471109507129195,-0.012212379959102068
100000,10,0.9649281398523218,0.07501341255602909,-0.021804566196234155
100000,10.5,0.9045298116739766,0.09863795940374633,-0.03972012522024911
100000,11,0.8908079194643911,0.11639456071045881,-0.051660215772857294
100000,11.5,0.8833359855022134,0.12985106774669158,-0.05905004883742663
100000,12,0.8783908707630131,0.14070777209088214,-0.06465544836054338
100000,12.5,0.877288451711458,0.1509956191438277,-0.06968650083803304
100000,13,0.8798895090201201,0.16105526882537757,-0.07455156010012084
100000,13.5,0.8856866038550901,0.17064420339639752,-0.07928423445305015
100000,14,0.8940677182354985,0.17965125361305112,-0.08388749085711114
100000,14.5,0.9044574997653169,0.1881145835260137,-0.08838740617100047
100000,15,0.9163923399827971,0.19612407156518172,-0.09281644589902113
100000,15.5,0.9295174108240004,0.20376983498645393,-0.09720307776619931
100000,16,0.9435591561867198,0.21112745239730085,-0.10157023823339517
100000,16.5,0.9583035884076259,0.21825634595962984,-0.10593657847688803
100000,17,0.9735837870755677,0.22520084344286673,-0.11031765352109577
100000,17.5,0.9892717100681587,0.2319915593220332,-0.11472644938632659
100000,18,1.0052706217570055,0.23864727782863487,-0.11917339073272894
100000,18.5,1.0215071694898914,0.24517764946527776,-0.12366608923959999
100000,19,1.037923727622498,0.251586500697486,-0.12820904039728945
100000,19.5,1.0544719800852596,0.2578751212693701,-0.13280341073638816
100000,20,1.0711083535302142,0.26404482638936133,-0.13744700848454874
100000,20.5,1.0877913418778038,0.2700984041735435,-0.14213448614843682
100000,21,1.1044803268195582,0.2760405099217522,-0.14685777134800054
100000,21.5,1.1211353447260677,0.2818773666009537,-0.15160666923667088
100000,22,1.137717329270405,0.28761616894312786,-0.15636954599328765
100000,22.5,1.1541885286540579,0.29326446106656934,-0.16113400062665884
100000,23,1.170512943339196,0.298829607609846,-0.16588745586628897
100000,23.5,1.1866567167229438,0.3043183828076841,-0.17061763174472339
100000,24,1.2025884499615593,0.3097366647805336,-0.17531289361223645
100000,24.5,1.218279427585477,0.31508921782940463,-0.1799624841652477
100000,25,1.233703748802245,0.3203795506887996,-0.18455665752375214
100000,-20,-0.9437352830208134,0.25913149653094814,0.11206314397584505
100000,-19.5,-0.9264238945262778,0.2535624535179868,0.10771643220779951
100000,-19,-0.9091833303285937,0.24794086552734362,0.10343838363540891
100000,-18.5,-0.8920440561102072,0.24226886244546253,0.09923462518097496
100000,-18,-0.8750350349317297,0.23654790333625692,0.09510902541052707
100000,-17.5,-0.8581840589048741,0.23077838099387535,0.09106378538871228
100000,-17,-0.8415182612727325,0.22495919107080856,0.08709962014621711
100000,-16.5,-0.8250647247473601,0.2190872840493712,0.08321599255995915
100000,-16,-0.8088510705858454,0.21315722903484532,0.07941134980282782
100000,-15.5,-0.7929059005759176,0.20716083824628012,0.0756833073851484
100000,-15,-0.7772589852615663,0.2010869305917003,0.07202873011709364
100000,-14.5,-0.761941158373656,0.19492135020589677,0.06844367637769398
100000,-14,-0.7469839848506875,0.1886473954757514,0.06492320296193181
100000,-13.5,-0.7324193793347569,0.18224684007152916,0.061461065745074046
100000,-13,-0.7182793918343954,0.1757017052457025,0.05804937587069328
100000,-12.5,-0.7045962877796936,0.168996817297093,0.05467824887092456
100000,-12,-0.6914028590075376,0.16212290934106866,0.05133538685932882
100000,-11.5,-0.6787327363704088,0.15507963357879778,0.04800537135058598
100000,-11,-0.666620399596022,0.14787749871902373,0.044668284823364574
100000,-10.5,-0.6551003448151482,0.14053764889977657,0.04129722698013157
100000,-10,-0.6442037661078226,0.13308863701365103,0.03785445531100818
100000,-9.5,-0.6339479232263581,0.12555982493966344,0.034286465147351806
100000,-9,-0.6243062383011379,0.11797171241263021,0.030519900422368556
100000,-8.5,-0.6151345086952207,0.11032437364310982,0.026463632133515082
100000,-8,-0.6060167095306939,0.10258561378913796,0.022026623604872543
100000,-7.5,-0.5960166375594717,0.0946790707071795,0.01715552721809071
100000,-7,-0.5834477968163231,0.08647556662455903,0.011851157402678362
100000,-6.5,-0.5660197136863192,0.07783334714456369,0.006040562166630407
100000,-6,-0.5413344957698285,0.06882884047840145,-0.0006496189675966607
100000,-5.5,-0.5041324437576482,0.0599279097335894,-0.008201447593153973
100000,-5,-0.4481664267261271,0.05082400421736511,-0.014636783406958856
100000,-4.5,-0.3899067796910605,0.04085902958469067,-0.01905005639438959
100000,-4,-0.33563256640440287,0.0312771404089541,-0.025364146545165566
100000,-3.5,-0.27154876584491255,0.022992030363727677,-0.026841265119421837
100000,-3,-0.2119884626222897,0.019008757709909237,-0.024877705214047537
100000,-2.5,-0.1550731348437833,0.01616249788811562,-0.023805626425197568
100000,-2,-0.10805254970761255,0.013501888053371597,-0.02240547245405101
100000,-1.5,-0.05924178467021393,0.010053088745037976,-0.019572443738067043
100000,-1,0.0014810694340059438,0.009236233819866324,-0.019192118977666674
100000,-0.5,0.05145097413826574,0.009214943270275543,-0.018241667796822313
100000,0,0.10091088653988028,0.009446111396546603,-0.017630788576172587
100000,0.5,0.1535634167086899,0.009777574516770582,-0.017760163114046768
100000,1,0.21513107094553596,0.010152729945186664,-0.019569160459813113
100000,1.5,0.2894226297418729,0.010493711968579258,-0.023586203763030285
100000,2,0.36742903234709245,0.010732439304072198,-0.027609844101749225
100000,2.5,0.42808434318316385,0.011107119250790332,-0.02728952857370341
100000,3,0.4708148376333626,0.011727128403282395,-0.022847857089139483
100000,3.5,0.5163331233791473,0.0124671324068536,-0.018838195296626205
100000,4,0.5640548277508151,0.01397219587474612,-0.01582100795693904
100000,4.5,0.6104734062048146,0.016101897598933795,-0.014553811799642932
100000,5,0.6598364223518349,0.018292307087788368,-0.013632210723888026
100000,5.5,0.7104140224463046,0.020829234132788994,-0.012309462531782044
100000,6,0.7592652622878246,0.024024289187635325,-0.010675377275554988
100000,6.5,0.8054182402544171,0.02822684078431158,-0.008889988806341844
100000,7,0.8492718231490237,0.03392026115730273,-0.007384017313230838
100000,7.5,0.8864422104099081,0.043202899386536577,-0.006982411148937958
100000,8,0.8913588791918817,0.060937819988645454,-0.013040614223542598
100000,8.5,0.8576491971468857,0.08235814145251796,-0.02767746901774671
100000,9,0.8355699939553968,0.10099951268826278,-0.03918941448186038
100000,9.5,0.8247593229710488,0.11465911279852438,-0.04702979301918537
100000,10,0.8220276160725297,0.1241572868805737,-0.052582694579871886
100000,10.5,0.8244677623194075,0.13202478972094372,-0.056854345225117536
100000,11,0.8297129576703511,0.13969123167985065,-0.06067483370436799
100000,11.5,0.8364283567927862,0.1475542478400014,-0.06446220667277784
100000,12,0.8441165298764093,0.15558186579157585,-0.06833037253653126
100000,12.5,0.8526742073619945,0.16364409897013896,-0.07227366478579107
100000,13,0.8621253508629998,0.17162515838970602,-0.0762664508711394
100000,13.5,0.8725108851098755,0.1794439899272624,-0.08029265075455805
100000,14,0.8838463704639178,0.1870508338203566,-0.08434698848191778
100000,14.5,0.8961073627293541,0.19442144952962329,-0.08843025499985126
100000,15,0.9092307074764692,0.20155173663413226,-0.09254546883108707
100000,15.5,0.9231253713915875,0.20845200098089045,-0.09669588708419456
100000,16,0.9376863124282574,0.21514118098466475,-0.10088434305150269
100000,16.5,0.9528065044595806,0.221641958655801,-0.10511323541897045
100000,17,0.9683849843779738,0.22797729191003413,-0.10938466389200265
100000,17.5,0.9843309214557058,0.23416833517443209,-0.1137004419948936
100000,18,1.0005646966179147,0.24023342227624794,-0.11806191880096713
100000,18.5,1.0170171476796668,0.246187753134011,-0.12246966244290391
100000,19,1.0336279301644282,0.25204350457590496,-0.12692310255830055
100000,19.5,1.0503436452500803,0.25781017527305017,-0.13142022332780584
100000,20,1.0671161215823892,0.26349504013887853,-0.13595737060811153
100000,20.5,1.0839010409056986,0.269103629632976,-0.14052920349052472
100000,21,1.1006569654503915,0.27464017365466825,-0.1451287911641535
100000,21.5,1.1173447439249622,0.28010796746794586,-0.14974783371887843
100000,22,1.13392722914736,0.2855096341980003,-0.15437697154070135
100000,22.5,1.1503692229161193,0.29084727656086046,-0.1590061420980958
100000,23,1.1666375640517381,0.2961225279587291,-0.16362494418960644
100000,23.5,1.1827012865890587,0.3013365266872642,-0.1682229763589092
100000,24,1.1985317912300644,0.3064898441248145,-0.17279012593939275
100000,24.5,1.2141029902717633,0.31158239776404184,-0.17731679578338952
100000,25,1.2293914017748466,0.31661337428884356,-0.18179406528962067
200000,-20,-0.9582847710066015,0.2597256192069166,0.11533520352690613
200000,-19.5,-0.9407459540850844,0.25356107817656043,0.11109227579704142
200000,-19,-0.9232141926996704,0.247380976953709,0.10692962015166388
200000,-18.5,-0.9057052297678191,0.2411888605373974,0.10284693945709797
200000,-18,-0.8882379027425504,0.23498654497353166,0.09884183953962322
200000,-17.5,-0.8708375953438201,0.22877341828191733,0.09491055282763008
200000,-17,-0.8535397120717585,0.22254580378023897,0.09104875234473929
200000,-16.5,-0.8363921725412766,0.21629648860363315,0.08725226558659596
200000,-16,-0.8194555601709008,0.2100145552626039,0.08351747546425606
200000,-15.5,-0.8027995863271797,0.20368564326535646,0.07984125764764027
200000,-15,-0.7864954232315728,0.19729266329083425,0.07622049319453449
200000,-14.5,-0.7706054623644936,0.1908167960070823,0.07265147457518166
200000,-14,-0.7551744960776527,0.184238451748498,0.06912970118616925
200000,-13.5,-0.7402272987623117,0.1775379260503501,0.06565036810831898
200000,-13,-0.7257753057236435,0.17069578661900295,0.062209241235185404
200000,-12.5,-0.7118305559653475,0.16369329244780678,0.05880300707321013
200000,-12,-0.698422218692733,0.1565130828634998,0.055428201365532254
200000,-11.5,-0.6856115871284548,0.14914025885531212,0.05207852895678502
200000,-11,-0.6735008829861534,0.14156454441444355,0.04874099855551159
200000,-10.5,-0.6622249299951559,0.1337850895512146,0.04539071231490192
200000,-10,-0.65191223284382,0.12581729953612963,0.041981994550920755
200000,-9.5,-0.6426323338940237,0.11769082156873782,0.038431774580013414
200000,-9,-0.6344040201366075,0.10941416079761374,0.03459467262126413
200000,-8.5,-0.6272493647786047,0.10090833375248878,0.030239756380864413
200000,-8,-0.6209282598123882,0.09200428119251715,0.025051281746873565
200000,-7.5,-0.6140031687856562,0.0825370423727083,0.018633254627554593
200000,-7,-0.6019719114324233,0.07228014662397952,0.01027741528050718
200000,-6.5,-0.5735077469589291,0.06075815609372194,-0.0009191862076425283
200000,-6,-0.525302138200089,0.047960751774784954,-0.012901942574648996
200000,-5.5,-0.48480548809963503,0.035393031496399587,-0.02284103010304458
200000,-5,-0.41522330204037877,0.022376075981454403,-0.02564172514423956
200000,-4.5,-0.36119909085757995,0.016743572118305943,-0.026228669183919386
200000,-4,-0.3072174980361542,0.014684161583655113,-0.025579940287258806
200000,-3.5,-0.25350215141867066,0.013385325386368286,-0.02464191392336399
200000,-3,-0.1997034602408294,0.012528618977093342,-0.023575076864584456
200000,-2.5,-0.1460828323362001,0.011940703846590335,-0.022484272599806857
200000,-2,-0.0927489345584453,0.011519248688427141,-0.021496600605473055
200000,-1.5,-0.03902336966240122,0.011226340668378595,-0.020833059010454413
200000,-1,0.015788573086649715,0.011017300791135599,-0.020866493388563376
200000,-0.5,0.07128324950476914,0.010790832288784009,-0.021331589505097052
200000,0,0.12607864809690514,0.010414079584580769,-0.020984201731752354
200000,0.5,0.17690313792474152,0.009872972407507686,-0.0194892240532084
200000,1,0.22828995246367056,0.009700704373849131,-0.018445305324170252
200000,1.5,0.28386017569044886,0.009890993679065617,-0.018205176084291234
200000,2,0.34096803466536485,0.010232878191324736,-0.01845423135291815
200000,2.5,0.39698546252788736,0.010662166841486262,-0.01870262420722856
200000,3,0.451423047071735,0.011174749103310674,-0.018595167034918238
200000,3.5,0.5049025911528973,0.01172777067659756,-0.01818502682467356
200000,4,0.5578751666380077,0.012308043780564226,-0.017599256779061816
200000,4.5,0.6105693413647716,0.012937531760565661,-0.01693879950609594
200000,5,0.6630305785184183,0.013648846227253696,-0.016281841373053416
200000,5.5,0.7150966420152596,0.014476240802879042,-0.01565694440158717
200000,6,0.7665898908894064,0.015446944310710465,-0.015059118392111931
200000,6.5,0.8174855593518762,0.016576121308511004,-0.014476634800516698
200000,7,0.867795165862561,0.017878178585066688,-0.013899493612822637
200000,7.5,0.9173263320061471,0.01938850959228203,-0.013312553006387165
200000,8,0.9656660021084063,0.021167616484910133,-0.012695790552580027
200000,8.5,1.0122779757454983,0.023290986150319368,-0.012033558880992867
200000,9,1.0564314467586093,0.025845341986826035,-0.011321811388537549
200000,9.5,1.0968482797013377,0.028934029187509588,-0.010581660459439328
200000,10,1.131145862650196,0.032711387649272686,-0.009940611109045152
200000,10.5,1.1559043090423284,0.0375582509662537,-0.009939059022748144
200000,11,1.1662555970022972,0.04541650460748555,-0.012677444128838922
200000,11.5,1.087569284045269,0.07451492140513635,-0.02868866419518018
200000,12,0.9210549927341396,0.1275787389546789,-0.061154171734999846
200000,12.5,0.9165949798964578,0.14067032795783257,-0.0725607671875791
200000,13,0.915701834497135,0.15069847193067312,-0.07719711823032623
200000,13.5,0.916866096744829,0.16112177654856435,-0.08184862315884824
200000,14,0.9206044115292078,0.17162045084740973,-0.08658620986898176
200000,14.5,0.9266976818053048,0.18162985981960902,-0.0913051670749149
200000,15,0.9350435933191854,0.1909286016882341,-0.09595471795119928
200000,15.5,0.9453880286342958,0.19955761296398236,-0.1005308473435365
200000,16,0.9574133159132059,0.20763606724207695,-0.10504875882105243
200000,16.5,0.9708087196932829,0.21527974122728707,-0.10952671121307847
200000,17,0.985293815821904,0.2225811046941489,-0.1139808772985482
200000,17.5,1.0006250075133998,0.22961031293484985,-0.11842496438090272
200000,18,1.0165970951358194,0.23642032604585622,-0.1228709177961376
200000,18.5,1.0330417462787929,0.24305144081796423,-0.12732931598592465
200000,19,1.0498234288984445,0.24953456914602182,-0.13180922788287447
200000,19.5,1.0668339025264686,0.255893550954086,-0.13631773514796275
200000,20,1.083986422670236,0.2621468516196434,-0.1408593908318726
200000,20.5,1.1012104599069203,0.26830887909299717,-0.14543581907712425
200000,21,1.118447334607892,0.2743910429065631,-0.1500455658541021
200000,21.5,1.1356468768721548,0.28040259851632343,-0.1546842274945747
200000,22,1.1527650464938448,0.28635127873613336,-0.1593448224556969
200000,22.5,1.169762357353442,0.2922437056548544,-0.16401833428560428
200000,23,1.1866029166507757,0.29808559202809337,-0.16869433915889015
200000,23.5,1.2032538928654581,0.3038817666018355,-0.17336163594422216
200000,24,1.2196852524992992,0.30963607881719996,-0.1780088145000996
200000,24.5,1.2358696421366513,0.3153512458340263,-0.18262472168094865
200000,25,1.2517823297439836,0.32102869766958003,-0.187198808042302
200000,-20,-0.9463979659369229,0.2601598765071271,0.1140205705438689
200000,-19.5,-0.9290868669503932,0.25425353152465335,0.10974535471261505
200000,-19,-0.9118396608338803,0.248311641304377,0.10554930860593911
200000,-18.5,-0.8946723386880375,0.2423366428265918,0.1014338264205084
200000,-18,-0.8776018524219409,0.23632950020167284,0.09739853699675124
200000,-17.5,-0.8606484061494475,0.2302890240695384,0.09344175439781008
200000,-17,-0.8438376659150821,0.22421128125841355,0.08956095454856988
200000,-16.5,-0.8272022407369543,0.21808922894322447,0.08575313503571097
200000,-16,-0.8107817006439002,0.211912703939096,0.08201492004697489
200000,-15.5,-0.7946206040950954,0.20566882721318736,0.07834235142698551
200000,-15,-0.7787646357930823,0.1993427394574283,0.074730465053079
200000,-14.5,-0.7632559108352793,0.1929184324293403,0.07117292349982432
200000,-14,-0.7481293402181889,0.1863794226352076,0.067662024561423
200000,-13.5,-0.7334120500918418,0.179709231079625,0.06418922054719628
200000,-13,-0.7191269079103704,0.17289198024627717,0.06074592308109805
200000,-12.5,-0.7052997315597074,0.16591356660621573,0.05732406734916847
200000,-12,-0.6919687090762531,0.15876353408291638,0.053915874386734494
200000,-11.5,-0.6791941562888135,0.15143709326839375,0.05051242463233965
200000,-11,-0.6670656922401822,0.14393627173565712,0.04710073369779354
200000,-10.5,-0.6557006716573344,0.13626946229441167,0.043658691139338034
200000,-10,-0.6452239109662096,0.12844926403017218,0.04014640205278773
200000,-9.5,-0.6357230203596969,0.120487212514271,0.03649151415178312
200000,-9,-0.6271951928071997,0.11237762884868265,0.03256664951437457
200000,-8.5,-0.6195052017172039,0.10405865174577675,0.02816344677491158
200000,-8,-0.6122654658726685,0.09536606915782203,0.022981176902550325
200000,-7.5,-0.6044176822367457,0.08602965422606122,0.016634333480816773
200000,-7,-0.5929516180034915,0.07569825747624132,0.008602468447588196
200000,-6.5,-0.5686854544566718,0.06403920893694515,-0.00144642467534826
200000,-6,-0.52339362759272,0.05110659283314746,-0.011758362332634359
200000,-5.5,-0.48405274234812967,0.03860518563549063,-0.020223909613467976
200000,-5,-0.42290985447741325,0.027931790176574073,-0.025551519138971863
200000,-4.5,-0.36450649771172683,0.01920233153257753,-0.02624868293421391
200000,-4,-0.31369893067493837,0.0161251522508983,-0.024958784833652863
200000,-3.5,-0.26289786740600063,0.014082645530934993,-0.02328933194624787
200000,-3,-0.2107710732756266,0.012597500334527938,-0.021901251263774613
200000,-2.5,-0.1567454642742627,0.011471640309472252,-0.021073615987259164
200000,-2,-0.09951431078872014,0.010612749628383617,-0.021395751121211445
200000,-1.5,-0.040520451249273504,0.00980713074767036,-0.023043797034812765
200000,-1,0.01297238749769214,0.00809738015179438,-0.022208525962012057
200000,-0.5,0.07594589186245715,0.007223375963111749,-0.022307241016337236
200000,0,0.13874775774864173,0.0072991848122864415,-0.02313094434921768
200000,0.5,0.1909236385167417,0.007480637165493515,-0.022198481328690768
200000,1,0.24010835272816672,0.007755737364303188,-0.020586948665270766
200000,1.5,0.2906303843131492,0.00811810467120315,-0.019229822530369752
200000,2,0.3428393279690194,0.008602346495934637,-0.018378813938494682
200000,2.5,0.39626742694348305,0.00929727907952471,-0.01775780747565163
200000,3,0.4513369364399461,0.010115627269695277,-0.017357844507186464
200000,3.5,0.5068052486411827,0.010893976129423392,-0.017388266520870665
200000,4,0.5607655084601405,0.011716227841857798,-0.017370937345887752
200000,4.5,0.613999668671754,0.012564979081356509,-0.01712830667203309
200000,5,0.6669053049973349,0.013453650964230022,-0.016753281874086322
200000,5.5,0.7193125526202788,0.014448056504252576,-0.016283723768171263
200000,6,0.771001715387437,0.015607954747239985,-0.01574901516759976
200000,6.5,0.8217346157389009,0.016980711292321378,-0.015142945706238904
200000,7,0.8713715377876403,0.018603784113956034,-0.014447929256729853
200000,7.5,0.9198253111557204,0.02052006743683025,-0.013656043112240779
200000,8,0.9667793652649181,0.022802626904565405,-0.012766881160937363
200000,8.5,1.0114342275353772,0.02555613847585512,-0.011782666237676816
200000,9,1.0521646389375319,0.028895269922057543,-0.010733445797791901
200000,9.5,1.0856775946717814,0.03298737431558886,-0.009789777164649583
200000,10,1.106733945229414,0.03836811687402863,-0.009683992970874118
200000,10.5,1.10937612388964,0.04772548210011867,-0.013058599992809198
200000,11,1.0543704009612176,0.07246604138256094,-0.026229015137597282
200000,11.5,0.9308450066499548,0.11048435053317868,-0.049937172322072974
200000,12,0.9082953566841576,0.1304541125376497,-0.06346192983945921
200000,12.5,0.904057120785341,0.14316993946379186,-0.06976591043705642
200000,13,0.902427055141979,0.15384410480262053,-0.07492532059532714
200000,13.5,0.9043817354096005,0.16424601774387107,-0.07985021525093758
200000,14,0.9092786334342093,0.17440132057260552,-0.08470244564913401
200000,14.5,0.9166858005456208,0.1839947018466239,-0.08948026753069707
200000,15,0.9262225165999322,0.1929340425197755,-0.09417642663940896
200000,15.5,0.9375068126558281,0.20128073919516354,-0.09880096911165273
200000,16,0.9501937126722572,0.20913915402572478,-0.1033709333548476
200000,16.5,0.9639896830417869,0.2166082643219383,-0.10790330415940065
200000,17,0.9786488614303068,0.2237697542726898,-0.11241306119360124
200000,17.5,0.9939667887431425,0.23068861696013462,-0.11691332234349941
200000,18,1.0097758689720435,0.23741617380743688,-0.12141578284682507
200000,18.5,1.0259415715775606,0.24399262635678806,-0.12593080838003595
200000,19,1.0423581626029728,0.25044880428329713,-0.13046713622183456
200000,19.5,1.0589437170288643,0.25680740790294315,-0.13503137059650175
200000,20,1.0756347988035047,0.26308407416179735,-0.13962749131507743
200000,20.5,1.0923813541917688,0.26928848195036986,-0.14425653751243486
200000,21,1.1091422637749653,0.2754255841710004,-0.14891654599788284
200000,21.5,1.1258818149153094,0.28149694205281267,-0.15360274951917197
200000,22,1.142567177484061,0.2875020554036047,-0.15830798742644925
200000,22.5,1.159166825299401,0.29343954354377905,-0.16302325290391753
200000,23,1.175649753079751,0.2993080431151314,-0.16773829475818036
200000,23.5,1.1919852915093907,0.30510674448078556,-0.1724422021411063
200000,24,1.2081433140384141,0.3108355657662514,-0.1771239204107434
200000,24.5,1.2240946489974596,0.31649503332074336,-0.1817726686903337
200000,25,1.239811549031332,0.3220859771691704,-0.18637824943731182
200000,-20,-0.946788700698582,0.259427231516018,0.11426034728476102
200000,-19.5,-0.9297131684492715,0.25374701234350017,0.10995684085958864
200000,-19,-0.9126780213649005,0.24801217609045528,0.10571937633425744
200000,-18.5,-0.8957090170533711,0.24222384578648445,0.1015516481662303
200000,-18,-0.8788325419734098,0.23638201148420432,0.09745595059593529
200000,-17.5,-0.8620763963254418,0.23048508796426753,0.09343342811804002
200000,-17,-0.8454703383361053,0.22452953352617838,0.08948433864071062
200000,-16.5,-0.8290460591515847,0.21850959002765863,0.08560823921342577
200000,-16,-0.8128363175079082,0.21241719385424027,0.08180401374496474
200000,-15.5,-0.7968731945582793,0.20624208403670738,0.07806971058983334
200000,-15,-0.781185824309725,0.19997210894186027,0.07440224017545495
200000,-14.5,-0.7657983670232962,0.19359373263929863,0.07079706452911944
200000,-14,-0.7507291589334164,0.18709278726768147,0.06724803579980577
200000,-13.5,-0.7359916979462948,0.18045558862959932,0.06374747235487944
200000,-13,-0.7215975251549162,0.17367054969230444,0.06028642307648644
200000,-12.5,-0.7075605545041298,0.16673029368957662,0.056854936619627
200000,-12,-0.6939023369684952,0.15963395807028355,0.05344206807052448
200000,-11.5,-0.6806579832618119,0.1523889893628491,0.05003527847929646
200000,-11,-0.6678823575484454,0.14501143647996922,0.046618717827384734
200000,-10.5,-0.6556548463491942,0.1375237129480209,0.04316956967687628
200000,-10,-0.6440777197665011,0.1299490637061409,0.0396512231084278
200000,-9.5,-0.6332570234612063,0.12230247842213131,0.03600181283352899
200000,-9,-0.6232444943175327,0.11457858136276569,0.03211763674367191
200000,-8.5,-0.6139014924453216,0.10673862494668353,0.027835680314871172
200000,-8,-0.6046314640841297,0.09870070248076566,0.022930673524451755
200000,-7.5,-0.5940017134614061,0.09033009589786038,0.017149149932205322
200000,-7,-0.5795867343532247,0.08139701870404498,0.010256078034929538
200000,-6.5,-0.5585246223602225,0.07153611389682876,0.001973405162669817
200000,-6,-0.5279809497517578,0.0607983062620025,-0.00779312470427938
200000,-5.5,-0.4813981239100382,0.05065199198357564,-0.016985531002644667
200000,-5,-0.42138922231295867,0.04153596818113338,-0.02191947262045085
200000,-4.5,-0.3725210816663477,0.03296852726337511,-0.022750276467580884
200000,-4,-0.3199401811918186,0.02459622144110207,-0.02583875554212111
200000,-3.5,-0.2603211554945247,0.017345271290819933,-0.025420500265297536
200000,-3,-0.20810988773918945,0.01427896581450655,-0.023146065742017406
200000,-2.5,-0.1548122006854444,0.012160225815999105,-0.02177357303622119
200000,-2,-0.10325792136671885,0.010603777638262656,-0.021686033467934088
200000,-1.5,-0.06133506531573943,0.008079519502084761,-0.019121572965223578
200000,-1,0.003051995649784922,0.006920264991741388,-0.01871577016681259
200000,-0.5,0.06058678962723418,0.0068734592858344,-0.019195890748714577
200000,0,0.1175476324402954,0.006879208828068173,-0.020247936002120007
200000,0.5,0.18185550231100825,0.006954659170864481,-0.022595306507282358
200000,1,0.2479017703608647,0.00709303051613832,-0.02475546665941256
200000,1.5,0.30742368381677493,0.007357686509021145,-0.024831886818846592
200000,2,0.35839750567136786,0.007764496170334688,-0.022752413501933293
200000,2.5,0.40830056009847154,0.00822262114877231,-0.020452968609127674
200000,3,0.45963790809462945,0.00880869048620624,-0.018935685785599742
200000,3.5,0.5115994374985051,0.009889306658317411,-0.01768808276328021
200000,4,0.5651438855858418,0.011193579056200538,-0.01709897288632608
200000,4.5,0.6174567504704946,0.012514514182143076,-0.016730094220446922
200000,5,0.6676952716024364,0.01398737015972398,-0.015997352148636203
200000,5.5,0.7176150057539075,0.015598087198106302,-0.01509144999735386
200000,6,0.7670296940665926,0.017508311820675384,-0.014031948850080543
200000,6.5,0.8151827844811625,0.019972706570952722,-0.012795834608947579
200000,7,0.8612189414776248,0.02329811424071807,-0.011407574830157073
200000,7.5,0.9048528495583148,0.027817303480179304,-0.010170615853455934
200000,8,0.9433513086441552,0.03484256368557003,-0.009116835962412086
200000,8.5,0.9596804232006961,0.04932661317609759,-0.009782606199210649
200000,9,0.9269257132738472,0.06903828353264747,-0.018875984063401414
200000,9.5,0.8855455638359963,0.08952616365684887,-0.03173634438014245
200000,10,0.8563043952490115,0.10869162170864197,-0.04296737464899695
200000,10.5,0.8434534811458104,0.12287494931128984,-0.05158563864326534
200000,11,0.8421130777886058,0.13295692401792755,-0.058075080932756803
200000,11.5,0.8465563940296006,0.14153992250042866,-0.06330272592479444
200000,12,0.853679918947095,0.14997833555607787,-0.06797164788127881
200000,12.5,0.8621132310744175,0.15859337552000666,-0.07243725369144718
200000,13,0.8713768333514825,0.16731443601472334,-0.076827237527918
200000,13.5,0.8813593879898936,0.17598893006796215,-0.08117930348595803
200000,14,0.8920693018493211,0.1844823728421595,-0.08550765632745308
200000,14.5,0.9035376778204721,0.19270195162871406,-0.0898233193053564
200000,15,0.9157802318379686,0.20059717372687935,-0.09413678928449506
200000,15.5,0.928782300789647,0.20815286311463913,-0.09845687272691556
200000,16,0.9424971494263334,0.21537917358808473,-0.10279006187748856
200000,16.5,0.9568527903353512,0.22230154004563418,-0.10714088320488886
200000,17,0.9717625040029578,0.22895250071547615,-0.11151263890721183
200000,17.5,0.9871350242463156,0.23536604004555944,-0.11590802742516776
200000,18,1.0028820681402555,0.2415742000753262,-0.12032941689882078
200000,18.5,1.0189225859061093,0.24760537802721647,-0.12477877344924496
200000,19,1.03518422454576,0.2534837419162119,-0.12925736394739443
200000,19.5,1.0516029570400542,0.2592293229137945,-0.13376538160350251
200000,20,1.0681218118577014,0.2648584719554017,-0.13830161825121823
200000,20.5,1.0846893918278238,0.2703844681780023,-0.1428632614193141
200000,21,1.1012585836133277,0.2758181389519673,-0.14744584804515287
200000,21.5,1.1177856251465597,0.2811684037477848,-0.15204337008292776
200000,22,1.1342295456862672,0.2864426943826564,-0.1566485031741767
200000,22.5,1.1505519128053783,0.2916472366550094,-0.1612529172465875
200000,23,1.1667167917011774,0.2967872039309602,-0.16584762525346272
200000,23.5,1.1826908240919587,0.30186677076301077,-0.17042333067419915
200000,24,1.1984433508499301,0.3068891029350074,-0.17497074319044012
200000,24.5,1.2139465241506522,0.3118563198364464,-0.1794808426087803
200000,25,1.2291753755699752,0.3167694580755856,-0.18394508150829839
300000,-20,-0.9597840369766226,0.2592902947484164,0.11641430290705267
300000,-19.5,-0.9421356165719095,0.25315088339592534,0.11222512102150946
300000,-19,-0.9244859976225387,0.24699847796743615,0.10811164781003757
300000,-18.5,-0.9068554814121269,0.24083628012639877,0.10407138065714128
300000,-18,-0.8892721867234956,0.23466533923072927,0.10010032005801998
300000,-17.5,-0.871776409863666,0.22848376184984942,0.09619397704589502
300000,-17,-0.8544237917321703,0.22228609444069103,0.09234829678168494
300000,-16.5,-0.8372852675762495,0.2160630655496015,0.0885601669633991
300000,-16,-0.8204416936068992,0.20980184396225435,0.08482722793105336
300000,-15.5,-0.8039724220330142,0.20348678912365198,0.0811469800575525
300000,-15,-0.787940478210478,0.19710037974984435,0.07751567636370355
300000,-14.5,-0.7723811265937844,0.19062385362783663,0.07392787999463209
300000,-14,-0.7573016796615052,0.18403735516924952,0.07037733565207212
300000,-13.5,-0.7426950261798616,0.17731993419458023,0.0668587935777106
300000,-13,-0.728560613728513,0.17044994437895758,0.06336937554770862
300000,-12.5,-0.7149233144501269,0.1634058886162361,0.059908108034873196
300000,-12,-0.7018453033753245,0.15616723449552938,0.05647353109098947
300000,-11.5,-0.6894294777830265,0.14871565744808662,0.053060637038051854
300000,-11,-0.6778066822802579,0.14104015726618818,0.04965819638128919
300000,-10.5,-0.6670926603715013,0.1331503953098386,0.046244915369060356
300000,-10,-0.6573302149355592,0.12509010857425903,0.04277982595732309
300000,-9.5,-0.6485159631328302,0.11691248662486792,0.03918306589825194
300000,-9,-0.6407596742179359,0.1085921975488874,0.035302471138224316
300000,-8.5,-0.634216578578757,0.09998085797201704,0.030865384826055036
300000,-8,-0.6283846016874298,0.09089989039988715,0.025454876341651056
300000,-7.5,-0.6208614434098695,0.08114710218960158,0.018438126595174995
300000,-7,-0.6043605672790056,0.07022763527518196,0.008712830698421112
300000,-6.5,-0.5648684534255498,0.05777084887889665,-0.0037912847979476366
300000,-6,-0.5186100380172185,0.04371808706565651,-0.016338878872399515
300000,-5.5,-0.4733344264141745,0.025851133768484084,-0.024926903631709286
300000,-5,-0.41765282716730173,0.016402898800218984,-0.025847299892692726
300000,-4.5,-0.36349481852280763,0.014054727786606628,-0.025153907707129504
300000,-4,-0.3104479588283461,0.012790998373518445,-0.024164627968880907
300000,-3.5,-0.25738161124503234,0.011910493654686587,-0.023201315018711758
300000,-3,-0.20340806428813094,0.011288463983372781,-0.02233795805947757
300000,-2.5,-0.14876711000528942,0.010841402003320285,-0.02161699491831244
300000,-2,-0.09411905229959383,0.010519593019708454,-0.021033053665536424
300000,-1.5,-0.03964347162170201,0.010306140234951338,-0.02058984394370992
300000,-1,0.015092076815986205,0.01017845937974104,-0.020461856134489913
300000,-0.5,0.07019361405969599,0.010070900020351263,-0.020850163343956275
300000,0,0.1264434697394704,0.009994265414431132,-0.02127271668755505
300000,0.5,0.1821673817382226,0.009774721758090304,-0.02091182976311167
300000,1,0.23441719244239467,0.009343798653922014,-0.019754017027817712
300000,1.5,0.28623383089567467,0.009127260912788527,-0.018970414710725064
300000,2,0.3406363444167385,0.009239016295779482,-0.018790668694641823
300000,2.5,0.3966598844077047,0.009583997387599087,-0.01888654332288012
300000,3,0.4526110982225266,0.010028423940324556,-0.018942524236938745
300000,3.5,0.5077006966320656,0.010500682293063834,-0.018774673028254914
300000,4,0.5618171110899992,0.010995954978365748,-0.018351002937319824
300000,4.5,0.6151610024665751,0.011534633485317162,-0.017767152587161376
300000,5,0.6678701596456315,0.012144202465800218,-0.017125505107909427
300000,5.5,0.7199442229987373,0.012851520790939493,-0.01648347620071857
300000,6,0.771426900599103,0.01367449181593621,-0.015862022391659666
300000,6.5,0.8224966007757339,0.014617773605399866,-0.015267900702031599
300000,7,0.8732390699782121,0.01568824954757188,-0.014697988438398956
300000,7.5,0.9234617060510381,0.016912815295790147,-0.01413613599678053
300000,8,0.9728403241465378,0.01833016601333896,-0.013561858014724298
300000,8.5,1.0210631801564258,0.019977895215100076,-0.012961714835087294
300000,9,1.0677931901634543,0.021895735105285554,-0.01233215429938564
300000,9.5,1.112540660637257,0.024136328827831392,-0.011674832406662564
300000,10,1.1544476291013728,0.02676885579969268,-0.010995002001589739
300000,10.5,1.1919341099395826,0.029887883074133387,-0.010328802940869481
300000,11,1.2223597745433405,0.03368024370604113,-0.00986485073843497
300000,11.5,1.2422887546422314,0.03866515053493502,-0.010267219716102758
300000,12,1.244504395880369,0.04735636521902001,-0.014103406027346188
300000,12.5,1.1054977394191177,0.08845939419329671,-0.03648493939982494
300000,13,0.9300611561605698,0.14775056837063727,-0.07283649073211308
300000,13.5,0.9339207683187445,0.15687259441179355,-0.08124800383443248
300000,14,0.9358946573621607,0.16696575682831355,-0.08562587087559435
300000,14.5,0.9401355258546035,0.17739258889155093,-0.09051694973050034
300000,15,0.9462152164965962,0.1876088739483112,-0.09549500891112102
300000,15.5,0.9542700465184826,0.1972038742946534,-0.10041686555106416
300000,16,0.964355922736462,0.20606945426011578,-0.10522829429564073
300000,16.5,0.9762386744500015,0.21429444105721612,-0.10992585552288214
300000,17,0.9895760767906954,0.22201670296277373,-0.11452922872915747
300000,17.5,1.004038619871949,0.22935680094853791,-0.11906390850470029
300000,18,1.0193497073415205,0.23640406184038892,-0.12355428203500698
300000,18.5,1.0352891653403273,0.243221273355243,-0.12802168908809688
300000,19,1.0516851126575588,0.24985235365977393,-0.1324840286851378
300000,19.5,1.0684036658872882,0.2563284233597662,-0.13695560071579058
300000,20,1.0853395261431713,0.26267187721285057,-0.14144691096381803
300000,20.5,1.102408286309298,0.2688990563789709,-0.1459645142940561
300000,21,1.1195405319287293,0.2750221000929383,-0.1505110148996267
300000,21.5,1.1366775324676759,0.281050325804909,-0.1550852891273613
300000,22,1.1537682355495111,0.28699128958438813,-0.15968292987243116
300000,22.5,1.17076727311941,0.29285156282227637,-0.16429686099081453
300000,23,1.1876337160147505,0.2986372207481206,-0.168918043322356
300000,23.5,1.2043303515341277,0.30435404947009903,-0.17353618982157465
300000,24,1.2208232997343218,0.3100075121609036,-0.17814042051708942
300000,24.5,1.2370818251590356,0.31560254603542937,-0.1827198108692959
300000,25,1.2530782394166584,0.32114327484297517,-0.18726381191843472
300000,-20,-0.9491324984821482,0.25921021117230286,0.11468242990589136
300000,-19.5,-0.9319046011217067,0.253308753781646,0.11048712804885442
300000,-19,-0.9147106351686668,0.24738327306298122,0.10636601161763329
300000,-18.5,-0.8975647700058044,0.24143589426425582,0.10231836105818955
300000,-18,-0.8804864260072074,0.23546683985307942,0.09834230730391516
300000,-17.5,-0.8635033587661459,0.22947371804894562,0.09443543139409208
300000,-17,-0.8466537620878578,0.22345102055927138,0.09059519845743053
300000,-16.5,-0.8299861864368004,0.21738999097019085,0.08681901134929607
300000,-16,-0.8135562530307381,0.21127892438876836,0.08310377527853303
300000,-15.5,-0.7974200909550564,0.2051037419358204,0.07944512136607373
300000,-15,-0.7816261326088058,0.19884846278603371,0.07583675083692883
300000,-14.5,-0.7662086461796813,0.1924952178982547,0.07227048603392491
300000,-14,-0.7511867462364137,0.18602388330874928,0.06873731762535787
300000,-13.5,-0.7365705292566401,0.17941202750774154,0.0652290931566946
300000,-13,-0.7223724007566728,0.17263604771514,0.061739951446465845
300000,-12.5,-0.7086195791434514,0.16567371439486417,0.0582666230641445
300000,-12,-0.695364719218667,0.15850730333748803,0.05480724402676659
300000,-11.5,-0.6826929131397498,0.1511261347318981,0.05135881222722266
300000,-11,-0.6707208199406612,0.1435283610629168,0.04791330828709741
300000,-10.5,-0.6595774127731456,0.13572358407448246,0.04445164133225847
300000,-10,-0.6493569068101898,0.127736720388545,0.040933196344898094
300000,-9.5,-0.6400684703178839,0.11960157556903807,0.03727796343130383
300000,-9,-0.6316563282932973,0.11131643491338976,0.0333399937545994
300000,-8.5,-0.6240496701033497,0.10277649416264488,0.028875329679250158
300000,-8,-0.6169428570657669,0.09378095969026713,0.023525458318344145
300000,-7.5,-0.6091298484885336,0.08410545944034141,0.016847267519379927
300000,-7,-0.5965926232353612,0.073450076109446,0.008351580591868149
300000,-6.5,-0.5680851832874498,0.06139019828527188,-0.001881417571896566
300000,-6,-0.5212096822496887,0.04814865568506921,-0.012019114702385663
300000,-5.5,-0.4813720184273536,0.03482863488446758,-0.021636134102187503
300000,-5,-0.41942856714640303,0.021019202933689026,-0.025519960441014705
300000,-4.5,-0.36748974403573037,0.015527549823859425,-0.025343965831985102
300000,-4,-0.3159276637215584,0.013449051572297699,-0.023890514671667484
300000,-3.5,-0.2635693055144533,0.011947749090373631,-0.022673371693331282
300000,-3,-0.2091067130830535,0.010822054930904507,-0.021958612145370506
300000,-2.5,-0.15243648743195864,0.009946814590943539,-0.021812283623263058
300000,-2,-0.09344892962269005,0.009273522525943137,-0.022314643847708062
300000,-1.5,-0.03302640871115611,0.00875297118480815,-0.02367010274097851
300000,-1,0.02308085430110765,0.00795972205538299,-0.02422229276506569
300000,-0.5,0.0730038956174813,0.006638827102045689,-0.021442389748957697
300000,0,0.13058992160371502,0.006464239369669427,-0.020823986075423826
300000,0.5,0.18690157260362605,0.006678175802132836,-0.020587145082642148
300000,1,0.23895061550580965,0.006941093551243806,-0.019834016776102546
300000,1.5,0.29035658023036676,0.007305168572169452,-0.01908254774447143
300000,2,0.3425765310880745,0.007839513970037165,-0.01840049213937602
300000,2.5,0.3966426053140017,0.008490333417402452,-0.017854008284349975
300000,3,0.45208661617768536,0.009108887037463232,-0.017730242616106378
300000,3.5,0.5066248758002178,0.009765777718666787,-0.017750036059172435
300000,4,0.5604206739406743,0.010461182810918866,-0.017583721017515506
300000,4.5,0.6142517410253187,0.011151454454965579,-0.01733309637698164
300000,5,0.6679538983908891,0.011880786809459844,-0.017011671401800807
300000,5.5,0.72125892055021,0.012701438365686244,-0.01664969893835
300000,6,0.7738683129021842,0.013652892426241108,-0.01625113897942811
300000,6.5,0.8255485331806559,0.014760948885136646,-0.015793383238669637
300000,7,0.8762849401994027,0.01603877531268797,-0.015256624416466259
300000,7.5,0.9261556152242856,0.01750079739239895,-0.014634840169356908
300000,8,0.9750305066736853,0.019184754973799487,-0.01392732022808135
300000,8.5,1.0225052935147725,0.021151599670730343,-0.013133538579210487
300000,9,1.0679703019649598,0.023467543670694507,-0.012254613379620341
300000,9.5,1.1104314603448957,0.0261970938884707,-0.011295307764853756
300000,10,1.1479315402476828,0.029421908745429413,-0.010288388874750807
300000,10.5,1.1768391483063778,0.03333748828710154,-0.00945005465426053
300000,11,1.1921954405172135,0.038621022283987644,-0.009793155009431833
300000,11.5,1.1885377790128606,0.04801651427427042,-0.014466808244698178
300000,12,1.1224194530273284,0.07566329740150707,-0.030207221526735495
300000,12.5,0.951108309938057,0.12630637550855384,-0.05849253879713893
300000,13,0.9240121102718712,0.14585879180325384,-0.07322586702153597
300000,13.5,0.9220230736933991,0.15776612119558314,-0.07880981055986343
300000,14,0.9233494778258292,0.16851769113740173,-0.08392513309827455
300000,14.5,0.9282614531494984,0.17886130241098244,-0.08893277492352264
300000,15,0.9354484689079181,0.1887671449890326,-0.09386393235941232
300000,15.5,0.9446030303112587,0.19802987886815349,-0.09871644557048072
300000,16,0.955534845890235,0.20662685908284759,-0.10348177100394719
300000,16.5,0.9679816486187542,0.21464807552800425,-0.10816679147039854
300000,17,0.9816585903154832,0.22220780854974723,-0.1127875933761382
300000,17.5,0.9963011885967316,0.22940678043835058,-0.11736216764421493
300000,18,1.0116814297778265,0.23632411473070797,-0.12190727636178383
300000,18.5,1.02761024035079,0.24301990156339356,-0.12643769692304963
300000,19,1.043934452066188,0.2495397424180133,-0.13096613063304338
300000,19.5,1.0605316963890035,0.2559185645240605,-0.1355030726424624
300000,20,1.077304805568015,0.262183278528729,-0.14005654595537806
300000,20.5,1.094176511459501,0.2683545155550459,-0.14463181200827782
300000,21,1.1110847962114052,0.27444777418001987,-0.14923118262752696
300000,21.5,1.127979007958662,0.28047424243314323,-0.15385400772430546
300000,22,1.144816741124365,0.28644147051877733,-0.15849685842604117
300000,22.5,1.1615614302901114,0.29235399436289705,-0.16315388381224966
300000,23,1.1781805797754963,0.2982139526095685,-0.16781729337585302
300000,23.5,1.1946445353070345,0.30402169618581554,-0.1724779054044081
300000,24,1.2109256980160674,0.3097763581894831,-0.1771257015207888
300000,24.5,1.226998083100382,0.3154763356592613,-0.1817503368938441
300000,25,1.2428371323606904,0.32111963779894187,-0.18634157070244872
300000,-20,-0.9497131504976726,0.2587105102891981,0.1151504321098653
300000,-19.5,-0.9327790186392589,0.2530315914092888,0.11090020159738691
300000,-19,-0.9158694040256515,0.24730440256591604,0.10671512010606597
300000,-18.5,-0.899004295129918,0.24152855350641916,0.10259743290159036
300000,-18,-0.88220546996162,0.2357021651486515,0.09854837190250722
300000,-17.5,-0.8654976558472406,0.22982150841982868,0.0945685191084978
300000,-17,-0.8489091072024916,0.2238808278110853,0.09065806552044242
300000,-16.5,-0.8324711180852016,0.2178724106847276,0.08681682734540674
300000,-16,-0.8162161795165157,0.21178688426521683,0.08304393986164026
300000,-15.5,-0.8001749777266164,0.2056136170247765,0.07933728367289457
300000,-15,-0.784373120486038,0.19934104240162065,0.075692866374947
300000,-14.5,-0.7688290375888517,0.1929568071318104,0.07210447998591833
300000,-14,-0.7535544529255978,0.18644789773019274,0.06856387177205157
300000,-13.5,-0.7385579563942916,0.17980117193363096,0.06506140405341303
300000,-13,-0.7238509703771128,0.17300475313575747,0.06158689841896046
300000,-12.5,-0.7094547249011002,0.16605037906365794,0.058130255537275285
300000,-12,-0.6954071801189747,0.15893616819929612,0.05468152559570077
300000,-11.5,-0.6817695057569857,0.15166871382078081,0.05123016600716355
300000,-11,-0.6686314744186581,0.14426320439812654,0.04776303586141726
300000,-10.5,-0.6561130851567525,0.13674046494766992,0.04426020041497777
300000,-10,-0.644355826911709,0.1291203018047187,0.04068699757861008
300000,-9.5,-0.6334911790029641,0.12141110099901883,0.03698035643300793
300000,-9,-0.6235637655184966,0.11359640685757659,0.03302797338774096
300000,-8.5,-0.6143658109189011,0.10562135178581179,0.028643481890630287
300000,-8,-0.6051277452283202,0.09738336020812173,0.023553824445526405
300000,-7.5,-0.594153701045666,0.08871101935851841,0.01742663224943542
300000,-7,-0.5788789280817617,0.07926141157796973,0.00989923005953921
300000,-6.5,-0.5564700637837051,0.0684772976341271,0.0004982541707085727
300000,-6,-0.5228716718244414,0.05672435653224008,-0.010373145510698885
300000,-5.5,-0.4720203483004976,0.04600886177114456,-0.019009458677853384
300000,-5,-0.41771886468769065,0.036672258085186295,-0.022464057855672025
300000,-4.5,-0.37691119427647046,0.028568668154902548,-0.023269768553480702
300000,-4,-0.31276775559473796,0.020069916495603593,-0.025523447447589366
300000,-3.5,-0.2585610944405897,0.014599274914142302,-0.02441363759622149
300000,-3,-0.2089616145667647,0.012176309635056316,-0.022159347082125542
300000,-2.5,-0.15810114373486514,0.010527351879647857,-0.0205808243133145
300000,-2,-0.10572220182036074,0.009337994092821855,-0.0204413789491519
300000,-1.5,-0.059197602898961366,0.007628800334117009,-0.019907469490210026
300000,-1,0.0020755604810930306,0.005876403165340768,-0.018755721096337268
300000,-0.5,0.07232633798798088,0.005779353279856607,-0.021342952171642303
300000,0,0.1320745350056225,0.005729078083670255,-0.02290963825854117
300000,0.5,0.19053814883770193,0.005786445395518992,-0.023722859037573183
300000,1,0.24568529618043985,0.005989290391994146,-0.023192239648537772
300000,1.5,0.29765002084295955,0.006303790156143741,-0.02166716230531501
300000,2,0.3500391228838119,0.0066708011666158605,-0.020178976946116846
300000,2.5,0.403079695314231,0.007119261640436127,-0.01925370119932129
300000,3,0.45572363619246303,0.007877679906880366,-0.01855701664820572
300000,3.5,0.5103008624760925,0.008927894361698503,-0.017868176484167823
300000,4,0.5663100301791373,0.009903133073716219,-0.017808632280861835
300000,4.5,0.6191419467174814,0.010997622357175385,-0.017472898946144864
300000,5,0.6705880649566379,0.01215694320688609,-0.016978374760066303
300000,5.5,0.7219473940322491,0.013394081441358613,-0.016364559539260432
300000,6,0.7727950548663939,0.014822649492099035,-0.015612852151361387
300000,6.5,0.8225925536218764,0.016570991939886787,-0.014721058545966514
300000,7,0.8708033913186867,0.018812926836048523,-0.01368828898969821
300000,7.5,0.916973418671928,0.021763032313674314,-0.012548014777225771
300000,8,0.9604613441308806,0.025627307603357536,-0.011477590313518122
300000,8.5,0.9982701162725562,0.031043895970162202,-0.010655541114992116
300000,9,1.0169528207919372,0.0423111001170251,-0.01090849008596236
300000,9.5,0.9819968796155213,0.06343989692861587,-0.017916657662245553
300000,10,0.9188324989551568,0.08785313545121902,-0.03231257695309615
300000,10.5,0.8771032549336081,0.10981926477585466,-0.04540552802414384
300000,11,0.857965900299795,0.12688597781116157,-0.05514151551601149
300000,11.5,0.8541026208042893,0.138953425130987,-0.06245258765204495
300000,12,0.8581191190355634,0.14812125513949714,-0.06822818415767544
300000,12.5,0.8658607147091807,0.15640458619271547,-0.0731387134149395
300000,13,0.8753198201892989,0.16471578714162638,-0.07765647365042377
300000,13.5,0.8855974590739696,0.17321739851577433,-0.08203195750636834
300000,14,0.8964055802571316,0.18178145506222942,-0.0863700844465221
300000,14.5,0.9077376238853256,0.1902300849869187,-0.09070818650058467
300000,15,0.9196679476635071,0.19842995846642114,-0.09505733578189154
300000,15.5,0.9322568787841812,0.20631128551204297,-0.09941964554018552
300000,16,0.9455199613895797,0.21385437663280524,-0.10379489054090564
300000,16.5,0.9594279956601665,0.2210698388808211,-0.10818282548427678
300000,17,0.9739189425720728,0.22798327902634605,-0.11258385449297831
300000,17.5,0.9889124955833566,0.2346259218004147,-0.11699913603500615
300000,18,1.004322809929752,0.24102943972601765,-0.1214304725500986
300000,18.5,1.0200673330376813,0.24722330515010107,-0.12588003574313303
300000,19,1.0360714185454554,0.25323362304277897,-0.1303499419511014
300000,19.5,1.05226955917108,0.2590828505290852,-0.134841745926678
300000,20,1.068604525319801,0.2647900287211973,-0.13935595600816544
300000,20.5,1.085025596256135,0.2703712661812342,-0.14389166271229475
300000,21,1.101486712520159,0.27584029153890005,-0.14844633461667026
300000,21.5,1.117944996610874,0.2812089564113968,-0.1530157933978542
300000,22,1.134359796047977,0.286487622321521,-0.1575943472937948
300000,22.5,1.1506922215068793,0.2916854074915223,-0.162175042847828
300000,23,1.166905064292779,0.2968103014527174,-0.16674998744115524
300000,23.5,1.182962952844958,0.30186917684563774,-0.1713106969623243
300000,24,1.1988326206930786,0.30686773809329204,-0.17584843079149876
300000,24.5,1.2144831882792062,0.3118104466406461,-0.18035448710018614
300000,25,1.2298863950085335,0.3167004548445318,-0.18482044278564141
500000,-20,-0.9613181725849889,0.25983701772711176,0.11770456468625248
500000,-19.5,-0.943500774098261,0.2536829057803639,0.11357180910651883
500000,-19,-0.9256643194420623,0.2475042965587895,0.10949756633803849
500000,-18.5,-0.9078430669515539,0.24130423407230597,0.10547721649399892
500000,-18,-0.89008706995087,0.23508323081932603,0.10150615520491593
500000,-17.5,-0.8724655335656439,0.22883850929534985,0.09758100408771321
500000,-17,-0.8550653602271098,0.22256365204689843,0.09370027419913057
500000,-16.5,-0.8379819077403061,0.21624883567508368,0.08986401688678734
500000,-16,-0.8213016345097374,0.20988154181571939,0.08607240185991571
500000,-15.5,-0.8050822806333919,0.20344728723000272,0.08232396863858574
500000,-15,-0.7893422204737208,0.19692990480423622,0.07861495879807481
500000,-14.5,-0.7740690124878574,0.1903114129895135,0.07494072719620098
500000,-14,-0.759244725053148,0.18357198518059925,0.07129857882723645
500000,-13.5,-0.7448733418531523,0.17669036120890885,0.06768989248522851
500000,-13,-0.7309975388419422,0.16964458283544964,0.06411966526310363
500000,-12.5,-0.7177033029329211,0.16241316631300645,0.060593315963749124
500000,-12,-0.7051136423817423,0.15497830779974767,0.05711220463434675
500000,-11.5,-0.693362882369223,0.14733469114236364,0.05367007057017712
500000,-11,-0.6825417451217737,0.13950689096410113,0.05025181007571331
500000,-10.5,-0.6726567884509135,0.13156515526447982,0.046833278781661304
500000,-10,-0.6637407711289915,0.12358946260413146,0.04337451825320478
500000,-9.5,-0.6560755855611059,0.1155566792611526,0.03977914374398243
500000,-9,-0.6500293384736817,0.10730472832261537,0.035801120414528265
500000,-8.5,-0.6452547261824783,0.09863035772190919,0.03094419876180705
500000,-8,-0.6391905304423121,0.08927174993889737,0.02430676872561562
500000,-7.5,-0.6228339231490111,0.0788857339057256,0.014570068957174642
500000,-7,-0.5824091175022591,0.06632385767222237,0.0015317907573468702
500000,-6.5,-0.5549701840579118,0.04147501132368965,-0.015554634134231077
500000,-6,-0.5321601937040467,0.019872932125351118,-0.024938334055321466
500000,-5.5,-0.4794843839615247,0.014295212495855763,-0.024928379947954462
500000,-5,-0.42448684887745347,0.012747792832292784,-0.023910386702389118
500000,-4.5,-0.3707525219580239,0.011784924890477402,-0.022982236236425816
500000,-4,-0.3170195023170778,0.011043290501210584,-0.022277399906544003
500000,-3.5,-0.26234909501753856,0.010468676987047976,-0.02179624740464099
500000,-3,-0.20671834214444554,0.010034571130125389,-0.02147930884910326
500000,-2.5,-0.15065221223114794,0.00972095585290046,-0.021266595609223865
500000,-2,-0.0949096309201305,0.009508169547495395,-0.021089904234656894
500000,-1.5,-0.039844523713204044,0.009388177137939201,-0.020870745032537975
500000,-1,0.014904612936253364,0.009354138363796767,-0.020619509479357114
500000,-0.5,0.06978106888549021,0.009347459054973903,-0.020584477728118025
500000,0,0.12513529327709766,0.00929512647288391,-0.02088348577469088
500000,0.5,0.18215750998312005,0.00926273793976286,-0.021234130080678936
500000,1,0.23882346395692874,0.00911229246295581,-0.02127533445588797
500000,1.5,0.2928399460039842,0.008792695671287636,-0.020766043544996074
500000,2,0.34494517344614656,0.008616476599593385,-0.02010087120086847
500000,2.5,0.3979171759992484,0.0086863411327255,-0.019594536751799802
500000,3,0.4529803393640584,0.00893166977145877,-0.019308958156389427
500000,3.5,0.5093163502694935,0.009268345977548135,-0.01919934927983095
500000,4,0.5655301875839687,0.009661513798875719,-0.01907036759946693
500000,4.5,0.6207644610618651,0.010109861493630619,-0.01880318445228002
500000,5,0.6746971642200478,0.01062563546507869,-0.018386846503069113
500000,5.5,0.7273825295971255,0.01122337155530695,-0.01785892456055839
500000,6,0.7792051145643875,0.01190720064334358,-0.017269702183651214
500000,6.5,0.8306198293440135,0.01267206188135781,-0.016663516369118087
500000,7,0.881733393646232,0.013527700212527017,-0.016061783787979966
500000,7.5,0.9323679058890756,0.014500677803811014,-0.0154653141131539
500000,8,0.9823655379139378,0.015614572822133653,-0.01487036871272781
500000,8.5,1.0316354711553841,0.016884294986858228,-0.014278295659176573
500000,9,1.080060588707709,0.018327137082077914,-0.013692584656591247
500000,9.5,1.127422700830668,0.01997453008995287,-0.013110925131915337
500000,10,1.1733415323260772,0.021866806722703448,-0.012524104984544756
500000,10.5,1.2171809083441987,0.024050918791333097,-0.011916798542926278
500000,11,1.2579116877455516,0.02659241295918285,-0.01127825797440503
500000,11.5,1.2939751346577975,0.02959759278608575,-0.010641529541375129
500000,12,1.323153027075071,0.03327018156797566,-0.01016930770956075
500000,12.5,1.342275368264323,0.038051449265837825,-0.010290654841929057
500000,13,1.3436785113091074,0.04567096960803164,-0.012834314523487655
500000,13.5,1.2139879087998198,0.0822957349618716,-0.03255794243581801
500000,14,0.9665564139219963,0.1581593950500435,-0.07533892244971147
500000,14.5,0.9610282269737583,0.1700000763526472,-0.08793198975040586
500000,15,0.9624324722237959,0.18137113001728614,-0.09278501741521653
500000,15.5,0.9682043741851951,0.1919923961670925,-0.09813700191928046
500000,16,0.9761379733407919,0.20206982345810123,-0.10353861050515555
500000,16.5,0.9858333625256919,0.2115615534003771,-0.10887201501201298
500000,17,0.9974142795399898,0.22034961391668384,-0.1140605871156346
500000,17.5,1.0106770153686437,0.22847508959873805,-0.11907055879452247
500000,18,1.0252194720498278,0.23607098113108915,-0.12391179459234551
500000,18.5,1.0406452009210678,0.24327610448612508,-0.12861616217037256
500000,19,1.0566499259514501,0.25019705508911727,-0.13322089927538194
500000,19.5,1.0730255582152413,0.2569043614799386,-0.13776058395303167
500000,20,1.089635103365696,0.26344122782460366,-0.1422640211464865
500000,20.5,1.106386287530811,0.26983328348585073,-0.14675322208518574
500000,21,1.1232123535733614,0.276095789380161,-0.15124330405428935
500000,21.5,1.1400601988791261,0.2822382406169476,-0.15574293087227117
500000,22,1.1568838297234216,0.28826716126661894,-0.1602551250289361
500000,22.5,1.1736411371676927,0.2941877829606196,-0.16477830461931814
500000,23,1.1902925537543827,0.3000050206316503,-0.1693074021632938
500000,23.5,1.2068006788067864,0.3057239566348519,-0.17383494411766634
500000,24,1.2231303422279658,0.3113499500844691,-0.17835200460491993
500000,24.5,1.2392488196752212,0.3168884663094079,-0.1828489849185206
500000,25,1.2551260531144013,0.3223447283360221,-0.18731620439638216
500000,-20,-0.9528386654704665,0.2588232853787538,0.11557485741304373
500000,-19.5,-0.9354205747892984,0.25295832859105066,0.11146066194303196
500000,-19,-0.9179845719593673,0.24706870783560841,0.10740821670701751
500000,-18.5,-0.900557834828665,0.24115486336763764,0.10341496355959127
500000,-18,-0.8831817517770282,0.23521466781190387,0.09947835194679698
500000,-17.5,-0.8659142658895337,0.22924297482131098,0.09559641754733796
500000,-17,-0.8488281696914873,0.22323169495880868,0.09176776451392953
500000,-16.5,-0.8320035708306321,0.21717039610935443,0.087990783860183
500000,-16,-0.8155148441812373,0.21104702722621363,0.08426238724050858
500000,-15.5,-0.7994161492754485,0.20484808258223214,0.08057705892504241
500000,-15,-0.7837329437541773,0.19855782252292545,0.07692715101635392
500000,-14.5,-0.7684659627960138,0.19215708231753084,0.07330470258532831
500000,-14,-0.7536071405830088,0.18562292964384258,0.06970395032125741
500000,-13.5,-0.7391592607088912,0.17893005087245611,0.06612304129270777
500000,-13,-0.7251507425525603,0.17205345263474553,0.06256389552498529
500000,-12.5,-0.7116430171954791,0.16497111080429683,0.059030244150013275
500000,-12,-0.6987313529455973,0.15766561837373572,0.05552461716823289
500000,-11.5,-0.6865358220468099,0.1501259628066278,0.05204512494622043
500000,-11,-0.6751720759617857,0.1423541932333946,0.04858231703792873
500000,-10.5,-0.6647003105401168,0.13438222131168281,0.04511481563996885
500000,-10,-0.655109474006673,0.12627902852573608,0.04160013661618128
500000,-9.5,-0.6464429256623714,0.11808614118115979,0.03795330238750518
500000,-9,-0.6389365781789106,0.10971858931033146,0.033998274154142485
500000,-8.5,-0.6327368389860087,0.10101284001174117,0.029405103782058795
500000,-8,-0.6270732723935307,0.09185706803322137,0.02368517794231916
500000,-7.5,-0.6185474334414361,0.0820629047079452,0.01626801349559556
500000,-7,-0.5972639677604487,0.07099046367990103,0.006913649778234266
500000,-6.5,-0.5554403985862348,0.05757465020293207,-0.003878037367623599
500000,-6,-0.5194459704289637,0.038086821003502074,-0.017345227800463617
500000,-5.5,-0.4780775550878792,0.019536670180169993,-0.025019794271761243
500000,-5,-0.4256969590203993,0.013825732923005839,-0.02509978803881616
500000,-4.5,-0.37215448518647914,0.01202487312835169,-0.023927473631723904
500000,-4,-0.31798339809407794,0.010794439499463683,-0.02305421124726742
500000,-3.5,-0.2617876618586036,0.00982984664490939,-0.022741752766017732
500000,-3,-0.20358056382664466,0.009072788395450993,-0.022881717142799088
500000,-2.5,-0.14496380808106812,0.008493789083855948,-0.02309216687563687
500000,-2,-0.08795639694070781,0.008091572369356526,-0.022940455373689914
500000,-1.5,-0.03292382121515339,0.007848041792956218,-0.02256034217000574
500000,-1,0.020791573171699718,0.007595313676553676,-0.02263069960312741
500000,-0.5,0.07359065412309229,0.006937082248996642,-0.021658564897239312
500000,0,0.12347435125199735,0.006021120405919363,-0.019243851621895288
500000,0.5,0.17983602024385026,0.005924538924219122,-0.019006123273815297
500000,1,0.23783746121696653,0.006205561136181493,-0.0195337644521422
500000,1.5,0.2924360839492913,0.006631695580146684,-0.019493633011355344
500000,2,0.34626699926206916,0.007118290788145464,-0.019074628751637287
500000,2.5,0.40062135352105677,0.007576557330207266,-0.018815136285920353
500000,3,0.4545012120540303,0.008076758782355057,-0.01867241053395411
500000,3.5,0.5079119897317261,0.00863249907591011,-0.018379299665442772
500000,4,0.5618124495718898,0.009172670087538649,-0.018086193855746047
500000,4.5,0.6161246370962773,0.009713386233727838,-0.017783531425239814
500000,5,0.6704572731004628,0.010298485347755465,-0.01747859724079043
500000,5.5,0.724403969574043,0.010962058059963873,-0.017178971933912667
500000,6,0.7775877380936169,0.011726929806662975,-0.0168613004133162
500000,6.5,0.8298771077638365,0.012602976136089248,-0.016494926465585584
500000,7,0.8814608618496412,0.013586242542001532,-0.016065435279953497
500000,7.5,0.9325165318086711,0.014677159845756042,-0.015572394269530596
500000,8,0.9829379405115309,0.015898347710055022,-0.015019071702095349
500000,8.5,1.0324882567103253,0.017281511608245086,-0.01441236327096854
500000,9,1.0809505605197134,0.018855615749558956,-0.01375880911590712
500000,9.5,1.1280639526127598,0.02065344517071112,-0.0130566589177591
500000,10,1.1733707224081242,0.022709601833388025,-0.012297377495875787
500000,10.5,1.2160258808759628,0.02506108140512633,-0.011468020971340618
500000,11,1.2545646894467062,0.027770597864637196,-0.01056424594937152
500000,11.5,1.2866317444997337,0.030976076083569424,-0.009661160119524144
500000,12,1.3085756610702806,0.03502399718543358,-0.009143586284487172
500000,12.5,1.314874523061479,0.04090355801231755,-0.010383593484231278
500000,13,1.2941763553854226,0.05313509590953142,-0.01745083704493695
500000,13.5,1.158307221930176,0.09758562870173282,-0.040733525588624635
500000,14,0.9774329808508205,0.14827005860258116,-0.07286010764429358
500000,14.5,0.9615892847762723,0.1643678153771587,-0.08390929033091951
500000,15,0.9552405446296328,0.17842534300319748,-0.08997042202810715
500000,15.5,0.9583449102462103,0.19000364723308497,-0.09578713410677953
500000,16,0.9662369940567335,0.20023484010978715,-0.10127806074555017
500000,16.5,0.9764032923331507,0.20967679281924806,-0.10657512928777306
500000,17,0.9882830579904676,0.21843092097402136,-0.11172367928279091
500000,17.5,1.0016433315907436,0.2265642713038189,-0.11672629580004344
500000,18,1.0162071696228432,0.23418056291943268,-0.12159377450415018
500000,18.5,1.031680129579176,0.24139164820234532,-0.1263502193909682
500000,19,1.0478048033379106,0.24829291459935424,-0.1310251235084968
500000,19.5,1.0643793743003065,0.2549561465066342,-0.13564677956058124
500000,20,1.0812521056845845,0.2614322764266124,-0.1402389342419444
500000,20.5,1.0983083117615848,0.267756966775082,-0.14481959976424497
500000,21,1.1154584089436939,0.2739556486570644,-0.14940097778629738
500000,21.5,1.1326295734023355,0.28004707524752637,-0.15398991147019506
500000,22,1.1497607115388204,0.286045503543648,-0.15858858555997069
500000,22.5,1.1667996452595217,0.29196191084906725,-0.1631953377139289
500000,23,1.183701503850945,0.2978046333500563,-0.16780550144636952
500000,23.5,1.200427660957288,0.3035797098228279,-0.17241222368465528
500000,24,1.2169448767704443,0.30929111061992137,-0.17700721320151216
500000,24.5,1.2332245178043342,0.3149409515415119,-0.18158138895760728
500000,25,1.2492418351772727,0.32052973260744977,-0.18612541089561097
500000,-20,-0.9515099674198599,0.25831028196294337,0.11569338138780329
500000,-19.5,-0.9346133629081705,0.25271708095005574,0.11150764648148752
500000,-19,-0.9177321556068965,0.2470739405421147,0.10738507455824532
500000,-18.5,-0.9008868556691854,0.24137727779429283,0.10332647313358174
500000,-18,-0.8841022421992066,0.23562192145017133,0.09933229370287457
500000,-17.5,-0.8674079673889599,0.22980115315775806,0.09540294751961903
500000,-17,-0.8508376527331241,0.22390709030724223,0.09153874700253885
500000,-16.5,-0.8344261026907838,0.21793129848397735,0.08773936491184132
500000,-16,-0.8182049236503519,0.2118653070841191,0.08400292878067431
500000,-15.5,-0.8021977480357335,0.20570059629708073,0.08032514136143308
500000,-15,-0.7864170453115074,0.19942781923412883,0.07669895647114887
500000,-14.5,-0.7708645901217807,0.1930355600533296,0.07311517114052278
500000,-14,-0.7555365844691441,0.18650952214110303,0.06956383507801508
500000,-13.5,-0.7404324788662777,0.17983317079125347,0.06603590640883475
500000,-13,-0.7255650872172115,0.17299022828959584,0.06252445606212832
500000,-12.5,-0.7109698611198836,0.16596837614467297,0.05902500753557234
500000,-12,-0.6967124655821304,0.15876278535713137,0.055534938196598
500000,-11.5,-0.682893952626733,0.15137811469834692,0.052051859669255865
500000,-11,-0.6696505256952121,0.1438283262072131,0.048570491846202844
500000,-10.5,-0.6571408220522807,0.13613465441449213,0.04507694055166894
500000,-10,-0.6455114255926659,0.12832214107819734,0.041538510424603214
500000,-9.5,-0.634836933751124,0.12041177544601518,0.0378861647595986
500000,-9,-0.6250369675114928,0.1123996629692747,0.03398629375323535
500000,-8.5,-0.6157418730354909,0.10422278661773436,0.029602300061820696
500000,-8,-0.6060649729771552,0.09573160804873905,0.02436538981504462
500000,-7.5,-0.5945121061724284,0.08664390224029317,0.01778876950518712
500000,-7,-0.5792960875153663,0.07640124352108991,0.009285942442989487
500000,-6.5,-0.5568076875985326,0.06452443539503007,-0.0013672881803593146
500000,-6,-0.51948461011131,0.052134955991906165,-0.011962778451964659
500000,-5.5,-0.4695013007549673,0.04099249964599362,-0.018796569153673892
500000,-5,-0.4230138141499306,0.03170998953358715,-0.021333962017958504
500000,-4.5,-0.3761837643461826,0.023184763009999405,-0.024441534909811748
500000,-4,-0.3113764448459033,0.014728309314279327,-0.024946328067538246
500000,-3.5,-0.26216658487725875,0.011714639085872246,-0.023015273654018283
500000,-3,-0.21288445930818956,0.010051400681676526,-0.021065522431659503
500000,-2.5,-0.16099277272142454,0.008883585760217295,-0.01990913616075942
500000,-2,-0.1052548304229681,0.008006176533840838,-0.020136909445631266
500000,-1.5,-0.047999664282411564,0.007031734268733338,-0.022148873242935872
500000,-1,0.008080748834551621,0.005171622292626874,-0.02088720423499497
500000,-0.5,0.07906949890622225,0.004709432570572601,-0.022323013188313617
500000,0,0.13985304656574743,0.00478073129554001,-0.023103583635796197
500000,0.5,0.18993478554850338,0.00492173798903938,-0.02198731406031182
500000,1,0.23969823436004972,0.005141589287026671,-0.02053316032292605
500000,1.5,0.2920801039726957,0.005412474530155023,-0.019516544625361832
500000,2,0.34548986230925693,0.0057590447824495666,-0.019035509973257835
500000,2.5,0.398584132392695,0.00632907894617122,-0.018705526982057328
500000,3,0.45324400323427116,0.007133168054687643,-0.01819071528157239
500000,3.5,0.5107416265676018,0.007866287611773342,-0.018249782357733647
500000,4,0.566531387141165,0.008643477336194267,-0.018292876815033738
500000,4.5,0.619950694702169,0.009490889594462246,-0.018095405152144695
500000,5,0.6734907542828571,0.010321324441636899,-0.01782274541279607
500000,5.5,0.7271481582850483,0.011208561006778936,-0.017465148668537045
500000,6,0.7803542328349347,0.012228334013732658,-0.01703149679521836
500000,6.5,0.8324635730609597,0.013437364524543492,-0.016489197560864317
500000,7,0.8830309087602893,0.014886911731743255,-0.015804664350689224
500000,7.5,0.9320084819322814,0.016628295329836677,-0.014974243777344286
500000,8,0.9793432586684679,0.018736421623533655,-0.014023235900731484
500000,8.5,1.0245859906524792,0.021310811231021916,-0.013010296603272853
500000,9,1.0666558199307512,0.024427071779515946,-0.012050573723100099
500000,9.5,1.1027140170650682,0.0282148338181183,-0.011368016684166265
500000,10,1.1263559394491378,0.033576504309962396,-0.01173925083142263
500000,10.5,1.1242925270028752,0.044291155871974186,-0.01577705323406559
500000,11,1.0732491914770803,0.0674431313642543,-0.02660914112938428
500000,11.5,0.9776069854121798,0.1029894928059276,-0.04268403333546324
500000,12,0.9027160485646791,0.13422355541208006,-0.058617840934047816
500000,12.5,0.881826357490393,0.1511191972159932,-0.07012710154964463
500000,13,0.8846982852900704,0.16093205828164595,-0.07708060283761296
500000,13.5,0.8913018794481191,0.1693333357663547,-0.08205911474946484
500000,14,0.9002701855614085,0.1776449515729492,-0.08660317920569065
500000,14.5,0.9113246549499655,0.18608234671526336,-0.09102783423778256
500000,15,0.9234410412380061,0.19452045543446644,-0.09539230621937918
500000,15.5,0.9360759459708508,0.20277470962883554,-0.0997439800127108
500000,16,0.9491097209224427,0.21074713468806644,-0.10410998976625042
500000,16.5,0.9625628451285394,0.21841928333319013,-0.10849898659726749
500000,17,0.9764631485007708,0.22580854488965887,-0.11291137229126569
500000,17.5,0.9908109794372748,0.23294058306229345,-0.11734518217758806
500000,18,1.0055800318173451,0.23983865055516654,-0.12179834154484348
500000,18.5,1.0207271654686205,0.2465211589782061,-0.12626944585997033
500000,19,1.0362017985398488,0.25300214534538007,-0.13075790529373635
500000,19.5,1.0519520668669693,0.25929250821707245,-0.13526368108811623
500000,20,1.0679277051954525,0.265401339138501,-0.13978677744778234
500000,20.5,1.0840806816733874,0.2713371130744994,-0.14432667927999585
500000,21,1.1003647435550803,0.2771086093060936,-0.14888189146897945
500000,21.5,1.116734717926406,0.28272548833112404,-0.15344966104924246
500000,22,1.1331460199721155,0.288198507436585,-0.15802589494676603
500000,22.5,1.149554522422352,0.29353941171129555,-0.1626052428783443
500000,23,1.165916763869286,0.2987605774977563,-0.16718129667889645
500000,23.5,1.1821903933854918,0.3038745061849166,-0.171746855569146
500000,24,1.1983347287170467,0.30889326724309857,-0.17629421387418545
500000,24.5,1.2143113181473892,0.31382797402118406,-0.18081543820020907
500000,25,1.230084424271486,0.3186883505416887,-0.18530261205351445
750000,-20,-0.9616149917094441,0.26070705768536784,0.11824499174416025
750000,-19.5,-0.9436685380931751,0.2545547483136353,0.11412535770199642
750000,-19,-0.9256967995601177,0.24836193904609294,0.11004754511846382
750000,-18.5,-0.9077543287961274,0.24213094444713637,0.10600755611831816
750000,-18,-0.8899168234147046,0.23586106979231783,0.10200296754560252
750000,-17.5,-0.8722795923486476,0.2295480165678197,0.09803391422005352
750000,-17,-0.8549469161128302,0.22318389300748984,0.09410290334323436
750000,-16.5,-0.8380116563735329,0.2167578199361384,0.09021315861123802
750000,-16,-0.8215321734696011,0.21025675358520973,0.08636624197301758
750000,-15.5,-0.805521340579183,0.20366607923088442,0.08256079482217905
750000,-15,-0.7899593404856541,0.19696989167520743,0.07879395974107138
750000,-14.5,-0.7748245721333589,0.19015116141326796,0.07506489068773335
750000,-14,-0.7601227127696408,0.183191882626883,0.071377692656897
750000,-13.5,-0.7459000590847102,0.17607324492294854,0.06774142003962713
750000,-13,-0.7322423329070968,0.16877643415213467,0.06416679472324022
750000,-12.5,-0.7192628105010901,0.16128639684848353,0.060660997503700465
750000,-12,-0.7070746608711184,0.15360358922702458,0.05722257932263268
750000,-11.5,-0.6957484604870438,0.14576778578387214,0.053838806447882706
750000,-11,-0.685320593731946,0.1378757191433085,0.05048829475049797
750000,-10.5,-0.6759816681554467,0.13002575568420405,0.047141795121558736
750000,-10,-0.6682890784168494,0.12219634415895844,0.04371783507509349
750000,-9.5,-0.6628262002692962,0.11426639928253936,0.039970123237621204
750000,-9,-0.6589616073110767,0.10620181888026453,0.035332933212038516
750000,-8.5,-0.6516883957297886,0.09825452516511209,0.028696892737109233
750000,-8,-0.6269809273185751,0.0889813032199433,0.01830460570752688
750000,-7.5,-0.6033020049537808,0.05904517127546429,-0.0006414781097669755
750000,-7,-0.6334612515918872,0.024731409948837206,-0.020697515331104727
750000,-6.5,-0.5952928143305256,0.015448446400171881,-0.024399582018550563
750000,-6,-0.5385520815062439,0.013197060159622739,-0.023839874617703614
750000,-5.5,-0.4834253939840276,0.012035915894277108,-0.023067278550597623
750000,-5,-0.42911763396840075,0.011185748745409004,-0.022388432099434166
750000,-4.5,-0.3746080854409318,0.010518721158746715,-0.021907124266256326
750000,-4,-0.31948785678397257,0.009984271200081066,-0.021629598718403677
750000,-3.5,-0.2638246022663062,0.009557516020901963,-0.021486472638947502
750000,-3,-0.2078127999694687,0.009231699801130347,-0.021405276610362407
750000,-2.5,-0.1517080523979729,0.00900402961903369,-0.0213381558639861
750000,-2,-0.09588686428175627,0.00886352786744145,-0.021234621074456745
750000,-1.5,-0.040543690505495056,0.008804814633310275,-0.021048738410240738
750000,-1,0.014660344449238694,0.008813134404725068,-0.020793017904329233
750000,-0.5,0.07003047570753895,0.008820334990446071,-0.02058262872394366
750000,0,0.1252005832885013,0.008753513809197847,-0.02070101859659925
750000,0.5,0.18101124505611715,0.008683205175836478,-0.02114796414316915
750000,1,0.23800278054018728,0.00868926811115224,-0.02159040119502873
750000,1.5,0.294331837811115,0.008631214744760678,-0.021594691457553297
750000,2,0.34873260210178014,0.008462627759465755,-0.021118052664897354
750000,2.5,0.40181788368801147,0.008347311576747023,-0.020599639608648412
750000,3,0.4554494394451581,0.008366311768693294,-0.020142583104362313
750000,3.5,0.510460727868558,0.008532682239444101,-0.019703952847841467
750000,4,0.5665748899964854,0.0088153842808749,-0.01942739321930023
750000,4.5,0.6227106973534198,0.00918683261045196,-0.0192645665804629
750000,5,0.6778815553181605,0.009639414450148664,-0.01907274906804842
750000,5.5,0.7317694865729782,0.010170547552841186,-0.018769492721099887
750000,6,0.7846931208019434,0.01076766146038408,-0.018350407992965022
750000,6.5,0.8369936786887633,0.01142408344387819,-0.017847114527949504
750000,7,0.8886633902772629,0.012157255741059043,-0.01728866693115469
750000,7.5,0.9396349011032836,0.01299022485756536,-0.01669542774269531
750000,8,0.9899485679992013,0.013936476555899907,-0.016085041355965984
750000,8.5,1.0396678277775555,0.015003207901567965,-0.015475934875330602
750000,9,1.0887914046356042,0.016205759188143327,-0.014879806406792007
750000,9.5,1.1372078941823272,0.01757424205985593,-0.01429546135373643
750000,10,1.184662352965359,0.019140522612170613,-0.013712759315685127
750000,10.5,1.2307060766759796,0.02093866767015709,-0.013113844837166896
750000,11,1.2746143728180552,0.023013465286563242,-0.01247783377854248
750000,11.5,1.3152910693296551,0.025431178565377,-0.011786281277847255
750000,12,1.3512465252654113,0.02830020024807477,-0.011047262659189648
750000,12.5,1.3807340858421568,0.03180535973959539,-0.010358581004628309
750000,13,1.4016415033158465,0.03627413209215496,-0.01000497750561353
750000,13.5,1.408558188228729,0.04270420504109604,-0.011112491190818334
750000,14,1.339963894550674,0.06447409968337961,-0.022685235517633424
750000,14.5,1.0448973918422453,0.14730832673523037,-0.06371958044991233
750000,15,0.9843938817337903,0.1734912293866621,-0.08968092947465114
750000,15.5,0.9822835928056771,0.1860737314272776,-0.09560581644734606
750000,16,0.9860853880618206,0.19776302777352728,-0.10114717484532494
750000,16.5,0.9942513563852562,0.20814176840464438,-0.10678492238614248
750000,17,1.0043590806551037,0.21784676735802205,-0.11234779641303218
750000,17.5,1.016206026434269,0.2269000481945824,-0.11780251060051052
750000,18,1.0297246971229672,0.23528250249972832,-0.12309486260410386
750000,18.5,1.044575654117086,0.24307832743642055,-0.12819829842190908
750000,19,1.0603211995952426,0.25042213788545997,-0.13312311908202096
750000,19.5,1.0765863071084665,0.25743933278298314,-0.13790039391751888
750000,20,1.0931125112887932,0.2642204700221518,-0.14256651058224443
750000,20.5,1.1097448332139845,0.2708207391403398,-0.14715472812731295
750000,21,1.1263975936966955,0.27726941809797295,-0.15169197219869732
750000,21.5,1.1430232040373736,0.2835801612372801,-0.15619818813506936
750000,22,1.1595910587636182,0.2897587362980338,-0.1606866598720686
750000,22.5,1.1760757611454524,0.29580785745767546,-0.1651646924002392
750000,23,1.1924517489319866,0.3017297940697757,-0.16963450730945492
750000,23.5,1.2086916362663565,0.3075275300479877,-0.1740942864794885
750000,24,1.2247664249898893,0.31320505440257185,-0.17853926583630006
750000,24.5,1.240646474864982,0.3187671605190235,-0.18296276442449982
750000,25,1.2563026227493546,0.3242189961641243,-0.18735705956649618
750000,-20,-0.955835549336547,0.25975610775549607,0.11634578935420277
750000,-19.5,-0.9381285460338671,0.2538639378670464,0.11227500515242383
750000,-19,-0.9203877069497602,0.24793256652024956,0.10825084894992638
750000,-18.5,-0.9026651947316073,0.24196158250546848,0.10427054379271268
750000,-18,-0.8850329086178852,0.23594804679995424,0.10033253804694929
750000,-17.5,-0.8675791774591475,0.22988651801296478,0.09643663004092096
750000,-17,-0.8503975281881169,0.22376958187521878,0.09258307756350065
750000,-16.5,-0.8335685300615638,0.21758839644943823,0.08877096635476957
750000,-16,-0.817141665566261,0.21133253171589114,0.08499686851252283
750000,-15.5,-0.8011284533005423,0.20498888525838127,0.08125506515515096
750000,-15,-0.7855138473718595,0.19854045032398143,0.07753974260173553
750000,-14.5,-0.7702802802359414,0.19196612403112423,0.07384803329035665
750000,-14,-0.7554301016993946,0.1852420007896465,0.0701819789959458
750000,-13.5,-0.7409973335130002,0.17834343530824479,0.06654822608861226
750000,-13,-0.7270501494835847,0.17124676273704462,0.06295559667233029
750000,-12.5,-0.7136880197483839,0.16393068057272353,0.0594113656758756
750000,-12,-0.7010310098750759,0.156380199822937,0.055917100858805066
750000,-11.5,-0.6891928357148074,0.14859991384764676,0.05246503023432572
750000,-11,-0.6782460429745929,0.14063951588332077,0.04903643016612226
750000,-10.5,-0.6682534962062088,0.13259729412731477,0.04560189537124689
750000,-10,-0.6594464663830684,0.1245353286058507,0.04210934948238474
750000,-9.5,-0.6523323348172041,0.11639387815325587,0.03843060256601406
750000,-9,-0.6473029905321506,0.10807623153875345,0.034278136842454364
750000,-8.5,-0.6435864059161781,0.09955018577448844,0.029149214829006145
750000,-8,-0.636970341308987,0.0907489281207811,0.02236308510092135
750000,-7.5,-0.6162358939891118,0.08098344849805908,0.01340349572049915
750000,-7,-0.5805669005093751,0.06317773929358879,0.0003620348361773473
750000,-6.5,-0.5700448656047978,0.03196501587627844,-0.018004810862815798
750000,-6,-0.5370847239052493,0.016461677621219636,-0.02509440627471994
750000,-5.5,-0.48298670027491003,0.012637435702035935,-0.024973800405821943
750000,-5,-0.42801144331756324,0.011121170532469653,-0.024090476455555145
750000,-4.5,-0.3726252423149007,0.010073401322455142,-0.023468415647682983
750000,-4,-0.315796703762526,0.009252036726803093,-0.023237522572458466
750000,-3.5,-0.2579360252632999,0.008604117785463558,-0.023235827093079964
750000,-3,-0.20052957219724402,0.008117733198856064,-0.023107258878670517
750000,-2.5,-0.14490535710907565,0.0077789986926812766,-0.02262342709536201
750000,-2,-0.09091275075570698,0.007556621995967883,-0.02187517496558691
750000,-1.5,-0.037126030529743864,0.007413786614386673,-0.02115499421546122
750000,-1,0.017350862925688132,0.007274896054313849,-0.02103817761483534
750000,-0.5,0.07265301880300162,0.006992895822723874,-0.021514464703340796
750000,0,0.12782984694955468,0.00634613272566004,-0.020595870268693747
750000,0.5,0.1780974387703255,0.005769613319338422,-0.019286014600303755
750000,1,0.23337202514858177,0.005840054061452331,-0.019067828173595907
750000,1.5,0.2916942773706868,0.006188949455567165,-0.019386116429379183
750000,2,0.34858332772987083,0.006552038700933621,-0.019676443090169558
750000,2.5,0.40356950835071315,0.006944591203928378,-0.019789097851973445
750000,3,0.45704171698136686,0.007409441755394074,-0.01952435723857674
750000,3.5,0.5104567233731766,0.007876987512235967,-0.01914459597790168
750000,4,0.5645049773396414,0.00832197035689522,-0.018765579718380592
750000,4.5,0.6189627100699382,0.008778273102612021,-0.018395544672819442
750000,5,0.6734290664133046,0.009280163374677394,-0.01806087776959019
750000,5.5,0.7274556019124125,0.00985219576599294,-0.017755177846993476
750000,6,0.7807174237613438,0.010509520524196726,-0.017445288060537075
750000,6.5,0.8332625813533828,0.01125179039595359,-0.01710193628196954
750000,7,0.8853910381679504,0.012066113707672955,-0.016714303215183794
750000,7.5,0.9371643599301133,0.012954337740200422,-0.016279219072011433
750000,8,0.988375715844564,0.013937563107964391,-0.01579744769986658
750000,8.5,1.038868728634537,0.015034169656959815,-0.015278010827814596
750000,9,1.088601196981016,0.01626225584550738,-0.01472812327672333
750000,9.5,1.1375327188806663,0.017648613518819627,-0.0141456878831508
750000,10,1.1855150497349314,0.019215241905448016,-0.013524983861390437
750000,10.5,1.2322000337691226,0.02098110844659974,-0.012854184421207256
750000,11,1.2769364924570745,0.022973138296273708,-0.01211226326305223
750000,11.5,1.318646113875423,0.02523656645114881,-0.011268109480934216
750000,12,1.3556861196076513,0.027856437935011,-0.010302673238760223
750000,12.5,1.3856045566196917,0.03100820079422426,-0.009297646092646574
750000,13,1.4044047678925236,0.035118084935960706,-0.008715858036199339
750000,13.5,1.4049882733541852,0.041605078942238506,-0.01041223583415511
750000,14,1.3597587685396006,0.06039155338475275,-0.021120774491332817
750000,14.5,1.1409544089997223,0.12017311462991404,-0.052090002516550014
750000,15,1.012040987178847,0.15768761578042279,-0.08138037290286634
750000,15.5,0.995742210336499,0.1744081070780297,-0.09024201504078055
750000,16,0.987393427901178,0.18974950805606822,-0.0967681291651485
750000,16.5,0.9898346292062206,0.20204293739889473,-0.10306478776121204
750000,17,0.9978519787285832,0.21257538532003264,-0.10897978373196855
750000,17.5,1.0086878441013778,0.22213896328919627,-0.11464096126937245
750000,18,1.0215025697747186,0.23096779073570559,-0.12010247495654286
750000,18.5,1.035891165063194,0.23915583912100602,-0.1253654343012188
750000,19,1.051455422630193,0.24680730731755843,-0.13043657301834877
750000,19.5,1.0678126365899119,0.25403966667801803,-0.13534234241416257
750000,20,1.0846552973281165,0.2609579018532442,-0.14012048098325974
750000,20.5,1.1017677417868619,0.26764064124782855,-0.14480951150704524
750000,21,1.1190099208832325,0.2741400746847637,-0.14944238728292086
750000,21.5,1.1362918065815708,0.2804882046555639,-0.1540439455072208
750000,22,1.1535515143690274,0.2867038647642209,-0.1586306137646057
750000,22.5,1.1707407965668546,0.29279821128763556,-0.16321123827082273
750000,23,1.1878171298018587,0.2987783222815595,-0.16778840303708664
750000,23.5,1.204740369282848,0.30464926859524105,-0.172359897489179
750000,24,1.2214720396406962,0.31041515296683037,-0.1769201340579835
750000,24.5,1.2379758344906722,0.3160795320744886,-0.18146139826435143
750000,25,1.254218427282905,0.3216455110048167,-0.18597487025981693
750000,-20,-0.9523274649594723,0.2594079953699133,0.11590572104451885
750000,-19.5,-0.9352361926831183,0.25382035980038287,0.11176050667747321
750000,-19,-0.9181475929691851,0.2481687767696059,0.10767386115377045
750000,-18.5,-0.9010905198157366,0.24244739919952285,0.10364635005591721
750000,-18,-0.8841010319482993,0.23664938290542065,0.09967884244694566
750000,-17.5,-0.8672211902604022,0.23076755277385988,0.0957724146246854
750000,-17,-0.8504952688716597,0.2247952732707948,0.0919275924387242
750000,-16.5,-0.8339637767418144,0.21872699571014476,0.08814311462677468
750000,-16,-0.8176570030649156,0.21255784885816004,0.08441480796768926
750000,-15.5,-0.8015909112826669,0.20628203918130208,0.08073533247971285
750000,-15,-0.7857682151141179,0.19989070355312813,0.07709522238400324
750000,-14.5,-0.7701855541480426,0.19337062737888835,0.07348491069713628
750000,-14,-0.7548444716127756,0.1867050974985452,0.06989679777752977
750000,-13.5,-0.7397620873359243,0.17987693268706278,0.06632644778063063
750000,-13,-0.7249787481723784,0.1728723064154284,0.06277262380435689
750000,-12.5,-0.7105624398206112,0.16568344428125822,0.05923646136253583
750000,-12,-0.6966099707429493,0.1583089845106921,0.05572016981046289
750000,-11.5,-0.6832421847176726,0.1507526304915529,0.05222534087185437
750000,-11,-0.670586833520925,0.14302379237598747,0.04875029459933272
750000,-10.5,-0.658743401189935,0.1351462160249375,0.04528444055439757
750000,-10,-0.647740808976411,0.12717039369133593,0.041795396887830544
750000,-9.5,-0.6375312184576214,0.11915280786349859,0.038203550752272955
750000,-9,-0.6280247019275759,0.11107946446305818,0.034339799832482254
750000,-8.5,-0.6190129396465593,0.10283157884679135,0.029891712114688433
750000,-8,-0.6099413330566832,0.09423682439243619,0.024385901157267027
750000,-7.5,-0.5997274981720798,0.08497625857936802,0.017284208726966333
750000,-7,-0.5854066807486936,0.0743836151004615,0.008345345743069901
750000,-6.5,-0.5599684520796128,0.0622068342556632,-0.001478231261427907
750000,-6,-0.5188744278525135,0.04958450763376405,-0.010124022296103357
750000,-5.5,-0.46944025342609336,0.038097840692481184,-0.016175327920899027
750000,-5,-0.42595039048819555,0.027588409213475756,-0.0213185336494592
750000,-4.5,-0.3676978119742395,0.01659459354499972,-0.024906202665033562
750000,-4,-0.315791149958341,0.011642310826570109,-0.024015196161850463
750000,-3.5,-0.2660051884557477,0.00985662686517616,-0.02214315474708043
750000,-3,-0.21371993869174774,0.008674958362417717,-0.020932603815377662
750000,-2.5,-0.15800313624302476,0.007784502210858536,-0.020643697260372684
750000,-2,-0.09872484749823218,0.007089804532046643,-0.021363789476609305
750000,-1.5,-0.03790815088661825,0.006434092756814979,-0.023398561420524627
750000,-1,0.01841796620741279,0.005247219168149433,-0.023405834980320898
750000,-0.5,0.07411979668732749,0.004261685255705109,-0.021144598055004498
750000,0,0.13440627706638392,0.004314378642090276,-0.020945107279824644
750000,0.5,0.18809510120048392,0.004496048445156149,-0.020421289815589928
750000,1,0.23990822269495465,0.004708299773643836,-0.019696972263298033
750000,1.5,0.29199615619105096,0.00497715009626271,-0.019203549155106577
750000,2,0.3440420514735728,0.00539259292453321,-0.018878950245173394
750000,2.5,0.3972798098534193,0.0060135129964849305,-0.018352538443546472
750000,3,0.45360252771335224,0.006623023198188227,-0.018216243358742605
750000,3.5,0.5109324700441649,0.0071916441357203365,-0.018457138224066777
750000,4,0.5657324290354083,0.00786550630092669,-0.01843430396884042
750000,4.5,0.6199833412548579,0.008530417339209144,-0.018337030286687393
750000,5,0.6747845680806493,0.009177868864206445,-0.018170099738620993
750000,5.5,0.7296810228015169,0.009876817999345776,-0.017957898452781285
750000,6,0.7840430403036283,0.010676813406532485,-0.0176986839819125
750000,6.5,0.8372708429403435,0.01161117459599157,-0.017349569167886412
750000,7,0.8891381042766369,0.012699878405011878,-0.016874863564804533
750000,7.5,0.939873528752837,0.013948379526369063,-0.016272297762726432
750000,8,0.9895945361225695,0.015375480826081608,-0.01556230544246503
750000,8.5,1.0380406231050685,0.017024356766756638,-0.014773561345963311
750000,9,1.084850432000153,0.018933374961327264,-0.013935543904959843
750000,9.5,1.129546968528008,0.021133767987142105,-0.013067477111435454
750000,10,1.1711612267445515,0.02366809133969371,-0.012186827273431547
750000,10.5,1.2077303908235588,0.02662078701734394,-0.011363802700192934
750000,11,1.2358979637072074,0.030226373454800795,-0.010891877840553328
750000,11.5,1.2511082859404572,0.03511155822254974,-0.011639259598986665
750000,12,1.2486128896056758,0.042677741152510905,-0.015137157234770703
750000,12.5,1.2241151100541665,0.05635976942218455,-0.022903254204741118
750000,13,1.1649252311005853,0.08617458254844304,-0.036723479573337714
750000,13.5,1.0375064834308925,0.1324702464240105,-0.05700760608416298
750000,14,0.9456049555048508,0.16211048534714767,-0.07765805345719612
750000,14.5,0.9384755190280024,0.17388195330278508,-0.08727025612680611
750000,15,0.9390470795160925,0.18533946229415063,-0.09267897144450286
750000,15.5,0.9452704415836449,0.19608817302650175,-0.0979566413600966
750000,16,0.9559468584229377,0.2056975186283527,-0.10301192816568766
750000,16.5,0.9686624237814654,0.21444857649085042,-0.10780643477272374
750000,17,0.9822938435508639,0.2225955931812724,-0.1124412135005446
750000,17.5,0.9964575193481526,0.23030934783180104,-0.1170004508895323
750000,18,1.0110242856239007,0.23770414844548546,-0.12153224063562715
750000,18.5,1.025935640887024,0.24485450717311869,-0.1260607684371753
750000,19,1.0411493088019992,0.25180597898506324,-0.13059711526039552
750000,19.5,1.056625904062348,0.2585838622515948,-0.13514575586467553
750000,20,1.0723265352994436,0.26520027811952995,-0.13970803306884075
750000,20.5,1.0882124403376872,0.27165961680892586,-0.14428372174741677
750000,21,1.1042446424900114,0.2779624636748251,-0.14887150658283507
750000,21.5,1.1203835845464958,0.28410826027140507,-0.1534689787311885
750000,22,1.1365889943896947,0.29009700273081573,-0.15807253413595573
750000,22.5,1.1528200823148858,0.29593023917624234,-0.1626773595968336
750000,23,1.1690360089506973,0.30161154597956463,-0.1672775550845299
750000,23.5,1.185196496629447,0.3071465900785277,-0.17186636556485055
750000,24,1.2012624627145914,0.3125428520368491,-0.17643646829654555
750000,24.5,1.2171965874775803,0.3178090926989302,-0.18098026370539333
750000,25,1.2329637651326277,0.3229546717607066,-0.18549013354953064
1000000,-20,-0.9612159515477736,0.26135257558354835,0.11828982666241547
1000000,-19.5,-0.9431894236474779,0.2552593533939484,0.1141724471116183
1000000,-19,-0.9251416785060851,0.24911059826369158,0.11008654621170078
1000000,-18.5,-0.9071470264262527,0.2429059573601466,0.10602989181053038
1000000,-18,-0.8893016142348238,0.23664180255422787,0.10200291220224127
1000000,-17.5,-0.8717147184883899,0.23031101859708944,0.09800906063165096
1000000,-17,-0.854488988868215,0.2239034044736374,0.09405350497645028
1000000,-16.5,-0.8376949910134979,0.21740647462841065,0.0901404638191953
1000000,-16,-0.8213553408185702,0.2108062562640565,0.0862710216190687
1000000,-15.5,-0.8054538027660517,0.20408782974345416,0.08244367289850117
1000000,-15,-0.7899666889338144,0.19723555340351653,0.07865782193609305
1000000,-14.5,-0.7748946081639586,0.19023299405114952,0.07491764542784567
1000000,-14,-0.7602763627611367,0.18306287015878256,0.07123328550732087
1000000,-13.5,-0.7461851104090782,0.17570797263590754,0.0676183450276356
1000000,-13,-0.7327138409920098,0.16815547716513526,0.06408457276505047
1000000,-12.5,-0.7199510982550775,0.1604096150481938,0.06063549959310314
1000000,-12,-0.7079552656392095,0.15251700111106656,0.05726223808807628
1000000,-11.5,-0.6967949551022511,0.14458668179237805,0.053948576027291605
1000000,-11,-0.6867669413300787,0.1367418991481561,0.05068243679657314
1000000,-10.5,-0.6785933455589966,0.12902937578428297,0.047420744890205924
1000000,-10,-0.6729179885478883,0.1215490841046756,0.043979553687358966
1000000,-9.5,-0.6683060691621358,0.11490029677843783,0.03987224207516425
1000000,-9,-0.6565406225454521,0.10942027580587432,0.033730346271257136
1000000,-8.5,-0.6313142948178696,0.08940721249299867,0.02029506720371732
1000000,-8,-0.6762152765335326,0.04000814110331451,-0.006513283722986011
1000000,-7.5,-0.7086685275785223,0.018843523514411733,-0.021846547700619934
1000000,-7,-0.6521988363240934,0.014725263429362317,-0.02355235217502602
1000000,-6.5,-0.594526556506003,0.013064453557066025,-0.023279375381108563
1000000,-6,-0.5397929612376604,0.01190670461404914,-0.02274422206510714
1000000,-5.5,-0.48554354962193125,0.011026689804895122,-0.02222368614586382
1000000,-5,-0.4309025363102076,0.010344635426465878,-0.021844906866175497
1000000,-4.5,-0.3756944059048425,0.009804462921170197,-0.021632283391299103
1000000,-4,-0.3201147822023456,0.009367578677526764,-0.02154067390540934
1000000,-3.5,-0.26438072352945097,0.009016897211234528,-0.02150223734299458
1000000,-3,-0.20856072294735536,0.008751106638329753,-0.021464597091109275
1000000,-2.5,-0.15265901901229337,0.00857204254226215,-0.021395416523210777
1000000,-2,-0.0967989910185092,0.008474840417967597,-0.02127760424909624
1000000,-1.5,-0.04110694760181258,0.008441969005303926,-0.021106635709050702
1000000,-1,0.014553562043758933,0.008444146183211917,-0.02086511632340095
1000000,-0.5,0.07019550871284014,0.00844103006195164,-0.02064591377515783
1000000,0,0.12546118016392796,0.00838654194860176,-0.020731147592884996
1000000,0.5,0.1807446730403184,0.00831037816434879,-0.021151376070396976
1000000,1,0.23722764655719197,0.008338724618714204,-0.02158228273404984
1000000,1.5,0.2938211631685811,0.008408128190864641,-0.021741963673723295
1000000,2,0.34953521316992864,0.008359771668991873,-0.021559928245551984
1000000,2.5,0.40412398964014073,0.00821393166537096,-0.021153168423823338
1000000,3,0.4581180286650015,0.008130198768535227,-0.020739491032959242
1000000,3.5,0.512490138084921,0.008169052209931367,-0.02030786303852178
1000000,4,0.567612298806517,0.008348978454863269,-0.019858489057685925
1000000,4.5,0.6232499469549933,0.008649852340365357,-0.019553319024909904
1000000,5,0.6786469835861337,0.009050924908301504,-0.019366405546333242
1000000,5.5,0.7333206072272762,0.009532979814250752,-0.019176602940486343
1000000,6,0.7872871669922026,0.010072331421088546,-0.018907942232782443
1000000,6.5,0.8405053218690314,0.010666135198389277,-0.018538873547430057
1000000,7,0.8928177913525497,0.01133330623387677,-0.018076620424424154
1000000,7.5,0.9442395587262786,0.012090181394964358,-0.017541740364328994
1000000,8,0.9949157280128291,0.012944380301985173,-0.016960461493411284
1000000,8.5,1.0449840987670331,0.013900721322329255,-0.01636039711666869
1000000,9,1.0945044026777053,0.014976054192401111,-0.015758156587361846
1000000,9.5,1.1434256250027417,0.016200286081610636,-0.015156442762288738
1000000,10,1.1915631931563775,0.017601134010246794,-0.014551049642150076
1000000,10.5,1.2385648895904433,0.01920748313585202,-0.013932682317308822
1000000,11,1.2838507613916317,0.02105572650682187,-0.013287828907416813
1000000,11.5,1.3265228874073842,0.023197051448895493,-0.012593373446363874
1000000,12,1.3652933890452608,0.02571088669767523,-0.011825417520677593
1000000,12.5,1.3985942956305664,0.02872665850565612,-0.01099591023259495
1000000,13,1.4249260656167078,0.03245450657614259,-0.010217545820155965
1000000,13.5,1.4425043190126008,0.03726838974735448,-0.009852604030214037
1000000,14,1.4416520193508988,0.04495151253268395,-0.011815277778042256
1000000,14.5,1.3265832121224148,0.07709472121204117,-0.028491810072046916
1000000,15,1.0394321165442926,0.15972460634940397,-0.07050052579154194
1000000,15.5,0.9988825888044545,0.18008357301585906,-0.09363133274594528
1000000,16,0.9965548372261117,0.193140533909291,-0.09949709364249706
1000000,16.5,1.0009289105613692,0.2050437235623991,-0.1051421685808938
1000000,17,1.0098002653352185,0.21550444042193287,-0.110865032404429
1000000,17.5,1.0205880458519498,0.22520586926214894,-0.11648710013416809
1000000,18,1.033010245775626,0.23422698749694548,-0.12199593379537958
1000000,18.5,1.0469988595325308,0.24257751144206696,-0.12735098038705361
1000000,19,1.062231138090098,0.2503494239854613,-0.13252428682604822
1000000,19.5,1.0782762200242506,0.25767640251849894,-0.1375193915475049
1000000,20,1.0947536579679034,0.2646815635872932,-0.14236137995116174
1000000,20.5,1.1113956171917245,0.27145369838187217,-0.14708265959581385
1000000,21,1.128042113755893,0.2780461436495047,-0.15171377285623594
1000000,21.5,1.1446103741108515,0.2844855882865904,-0.1562794442938107
1000000,22,1.161062685647115,0.2907824141988123,-0.16079779803431457
1000000,22.5,1.1773821912643818,0.2969389742183571,-0.1652809628856888
1000000,23,1.1935579991346614,0.30295501346802123,-0.16973604258420574
1000000,23.5,1.2095777393567404,0.30883062080352314,-0.1741660428344295
1000000,24,1.2254249850525307,0.3145674181003534,-0.17857068919295613
1000000,24.5,1.241079340146945,0.32016865753881574,-0.18294717886776213
1000000,25,1.2565176936584377,0.3256387470146097,-0.18729089225162868
1000000,-20,-0.9575404526293447,0.2608323262432845,0.11683489712151786
1000000,-19.5,-0.9396385317763797,0.25490676700085624,0.11277291866161536
1000000,-19,-0.921714778961053,0.24892996709746992,0.10874592317389144
1000000,-18.5,-0.9038431732047032,0.242901316763006,0.10475268989995015
1000000,-18,-0.8861163768003262,0.23681756290904518,0.10079394712467744
1000000,-17.5,-0.8686345636617923,0.23067306017222775,0.09687172297219228
1000000,-17,-0.8514856574474099,0.22446023340859944,0.09298759080827923
1000000,-16.5,-0.834724315802712,0.21816961804977258,0.08914077768050924
1000000,-16,-0.8183630165181033,0.21178916046900464,0.08532773237487644
1000000,-15.5,-0.8023842294254254,0.2053032664293628,0.08154407091778187
1000000,-15,-0.7867670393018976,0.19869249572962155,0.07778795669447522
1000000,-14.5,-0.7715108890624994,0.19193435533058692,0.07406267236456227
1000000,-14,-0.7566459589642274,0.1850048336531959,0.07037673725559113
1000000,-13.5,-0.7422329289094765,0.17787995662804149,0.06674149799691362
1000000,-13,-0.7283583482395501,0.17053754438733237,0.06316707590308508
1000000,-12.5,-0.7151255581878508,0.16296213339977886,0.05965774656772418
1000000,-12,-0.7026362726854853,0.15515997322591996,0.0562081475390637
1000000,-11.5,-0.6909751810119868,0.14718688691782805,0.05280291887223942
1000000,-11,-0.6802686489163713,0.13915325334291606,0.049421338866538336
1000000,-10.5,-0.6708798659156558,0.13113844790713017,0.0460308821128838
1000000,-10,-0.663514682429469,0.12310733895973176,0.042536543829989205
1000000,-9.5,-0.6587974486131843,0.11503220155850254,0.03870383098019059
1000000,-9,-0.6560020464941718,0.10711473969254416,0.03409449600176997
1000000,-8.5,-0.6501290741843231,0.09978172351603867,0.028019183815019888
1000000,-8,-0.6294682447143213,0.09082559406684236,0.019185292342894605
1000000,-7.5,-0.609559012005582,0.0615354871821776,0.002163217308463175
1000000,-7,-0.6295003849496889,0.02644884774670295,-0.018565475770082284
1000000,-6.5,-0.594984888380629,0.015254428890406242,-0.024733552376152483
1000000,-6,-0.5386522600866325,0.012322627446672226,-0.02484973230728649
1000000,-5.5,-0.4830971903298505,0.010871796859972811,-0.024258826838232144
1000000,-5,-0.4276428971166224,0.009844069451366467,-0.023760542772304372
1000000,-4.5,-0.3711807702850788,0.009061127365781931,-0.023475161080478923
1000000,-4,-0.3141208399047406,0.008456818260649637,-0.023278187854367957
1000000,-3.5,-0.2576799375986462,0.00800435220962772,-0.022932733940860425
1000000,-3,-0.20242575227159698,0.007686323639420941,-0.02236979532065601
1000000,-2.5,-0.14790604361532741,0.007462286595961699,-0.021735136421599046
1000000,-2,-0.09347472171837037,0.00728914823834188,-0.02114319225730648
1000000,-1.5,-0.038559438594881756,0.0071631827620295,-0.02068529296491299
1000000,-1,0.016765228940396643,0.007062891703852928,-0.020617826344943538
1000000,-0.5,0.07166515443086738,0.006885205513375358,-0.021184846325351878
1000000,0,0.1281861593342483,0.0065912113800265975,-0.02145381739707536
1000000,0.5,0.18123563426925607,0.006019009395363001,-0.020161498043062064
1000000,1,0.23284052371820393,0.005764617030146274,-0.019367564287351844
1000000,1.5,0.28969314689682024,0.005894113328056576,-0.01930854607074176
1000000,2,0.34789848955998703,0.006177612970428263,-0.019861910110388084
1000000,2.5,0.4039914365727741,0.006555531093824847,-0.020155234663512083
1000000,3,0.4582962469382911,0.0069859157503928265,-0.020002823872666917
1000000,3.5,0.5123883298514601,0.007397349212230748,-0.019700240175153042
1000000,4,0.566799978030284,0.007793271359294942,-0.019322424510272954
1000000,4.5,0.6214029729214755,0.008206177052272454,-0.018935677385497732
1000000,5,0.6758730871851882,0.008663726882729218,-0.018583904238661093
1000000,5.5,0.7298170936562085,0.00918607105880312,-0.0182622543001138
1000000,6,0.783039106965854,0.009783388632414769,-0.017940815945867553
1000000,6.5,0.8357591772135464,0.010446876118533038,-0.017597385154648055
1000000,7,0.8882586237214759,0.011162560471728377,-0.01722334722933797
1000000,7.5,0.9404283762486154,0.011939612494402452,-0.016811694386882056
1000000,8,0.9920234517531581,0.01279753016081241,-0.01636146426753226
1000000,8.5,1.0429582842355194,0.013746811588354176,-0.015881207753972174
1000000,9,1.0932605031507883,0.014803377057735378,-0.015374603886064129
1000000,9.5,1.142949184534729,0.015991769895760084,-0.014837410065444843
1000000,10,1.1919562907672567,0.017328559539456626,-0.014264821076023405
1000000,10.5,1.2400818582906001,0.018828692609668567,-0.013650878132022903
1000000,11,1.2869425593024462,0.020511985275322116,-0.012985895694992023
1000000,11.5,1.3318809442090553,0.022407737377236368,-0.012242635265275722
1000000,12,1.3738418310478684,0.02456402938264428,-0.011373149622613812
1000000,12.5,1.4112532181747586,0.02706499842346962,-0.010336345169947433
1000000,13,1.4418203427366492,0.0300711996014333,-0.00917630280164866
1000000,13.5,1.4618113686975962,0.0339584299150245,-0.008271176554151619
1000000,14,1.4641578227044256,0.0400638134154389,-0.009369127781079654
1000000,14.5,1.4186074855836466,0.05821334605480907,-0.019435150143755683
1000000,15,1.1911470499260381,0.11876208714133876,-0.05057738005207232
1000000,15.5,1.0363539647679298,0.16078059274276438,-0.08332881794472483
1000000,16,1.0196271526194836,0.17735977511137493,-0.09336747186086565
1000000,16.5,1.0101783620038436,0.1933137842822033,-0.09985699767301683
1000000,17,1.011435869935816,0.2062515609107146,-0.10635936236646486
1000000,17.5,1.0186550581478746,0.21725814289731646,-0.1125251565437725
1000000,18,1.0289277099686942,0.2272217447143494,-0.11841781782824007
1000000,18.5,1.0413707634716916,0.2364144673005471,-0.12409228768178857
1000000,19,1.0555957506045992,0.24491261978224818,-0.12954760085166236
1000000,19.5,1.0711791193380904,0.252803557101483,-0.13478216143517227
1000000,20,1.0876643042275613,0.26020957883900764,-0.139816441935799
1000000,20.5,1.1046585416084178,0.2672549711700247,-0.14468721851211533
1000000,21,1.1218802103555374,0.2740391806959332,-0.149435485884422
1000000,21.5,1.1391528603471028,0.28062914659768484,-0.15409810688552866
1000000,22,1.1563759215885079,0.28706394769080656,-0.1587041715582553
1000000,22.5,1.1734943338458543,0.29336330639725744,-0.1632742915621788
1000000,23,1.1904759028850367,0.29953531844869685,-0.16782125383831833
1000000,23.5,1.207297233480073,0.30558200109177946,-0.1723511951547995
1000000,24,1.2239362758995533,0.31150278574170914,-0.17686493882735754
1000000,24.5,1.2403692273696905,0.3172965050498565,-0.1813593328737863
1000000,25,1.256570006773191,0.322962385404061,-0.18582849237301732
1000000,-20,-0.9532916260462975,0.26082089224218996,0.11603288879733598
1000000,-19.5,-0.935972725855036,0.2551455823516326,0.11191338008190675
1000000,-19,-0.9186502910615785,0.24939587927719314,0.10784750747550968
1000000,-18.5,-0.9013644371139543,0.24356644302663394,0.10383628901353666
1000000,-18,-0.8841639120087785,0.23765189155078195,0.09988132366488019
1000000,-17.5,-0.8671019954161472,0.23164768859669788,0.0959840547154969
1000000,-17,-0.8502291529204093,0.22555066905132312,0.09214435230622998
1000000,-16.5,-0.8335843944348907,0.21935843308134526,0.08835909914239334
1000000,-16,-0.8171891527469846,0.2130673147355287,0.08462176935677322
1000000,-15.5,-0.801047770416435,0.20666973956717383,0.08092361023359046
1000000,-15,-0.7851558060336227,0.2001527122490508,0.07725604826391486
1000000,-14.5,-0.7695125540508694,0.1934988516195605,0.0736130958113857
1000000,-14,-0.7541321118001132,0.18668977618970936,0.06999261252876862
1000000,-13.5,-0.7390503402004296,0.17971004434661467,0.06639613940494843
1000000,-13,-0.7243289809400333,0.17254952293733428,0.0628277456168529
1000000,-12.5,-0.7100582051819438,0.16520308997031058,0.05929237283590145
1000000,-12,-0.6963551404551805,0.1576685720223697,0.05579382846949277
1000000,-11.5,-0.6833514407556451,0.1499469028006105,0.05233232670369857
1000000,-11,-0.6711622459524559,0.14205248808714172,0.04890130002935225
1000000,-10.5,-0.6598446651617512,0.1340388619155968,0.04548223365016792
1000000,-10,-0.6493988564075237,0.1260094575216695,0.042032389760041984
1000000,-9.5,-0.6398643340140038,0.11804277219131132,0.03845361758476455
1000000,-9,-0.6313780754173038,0.11008498861467286,0.03453514671983323
1000000,-8.5,-0.6239451036145077,0.10199775105233268,0.029905610995686813
1000000,-8,-0.6168951972802489,0.09361588362383685,0.024087773942858038
1000000,-7.5,-0.6077936357001493,0.08442039500506368,0.016751519538633616
1000000,-7,-0.5909980986691207,0.07351592890780058,0.008212885635724263
1000000,-6.5,-0.5600749448272411,0.06082842454257612,-0.0005214858220256517
1000000,-6,-0.5150374778392857,0.04757147023599751,-0.008665676379408575
1000000,-5.5,-0.46932536641291817,0.03439611448850296,-0.016459834530656744
1000000,-5,-0.42322247570415955,0.02033893401664479,-0.02380083152612529
1000000,-4.5,-0.36957251400586233,0.01246833585936454,-0.024754604622951093
1000000,-4,-0.31897970726629166,0.010006207276384953,-0.023279533400209478
1000000,-3.5,-0.26685960664210867,0.008753971575276666,-0.02194385510323601
1000000,-3,-0.21151835812533362,0.007834387781383137,-0.02142378021462883
1000000,-2.5,-0.153114623537138,0.007109067025797546,-0.021686079436935273
1000000,-2,-0.0928755935360345,0.00654637568533401,-0.02239221484921157
1000000,-1.5,-0.03374136874477543,0.006082961851069525,-0.023405475805869293
1000000,-1,0.02071843696410894,0.005392753072753283,-0.023742088001799045
1000000,-0.5,0.07172409308914188,0.00428174673522138,-0.02053462009367069
1000000,0,0.12851784096925828,0.00408730801107023,-0.019575776385039097
1000000,0.5,0.18662736828492024,0.0042555010687191815,-0.019649266900387458
1000000,1,0.24060365754498084,0.004474698196759651,-0.019586851247659166
1000000,1.5,0.2925685180426225,0.004780965235316087,-0.01940002365668241
1000000,2,0.34442512129813185,0.005256520754420177,-0.018950523465470662
1000000,2.5,0.3984499888576932,0.005810954545762599,-0.018484059322441296
1000000,3,0.4550936573735468,0.006287935222699772,-0.01854610989811194
1000000,3.5,0.5112283096429462,0.0068086934955480715,-0.018659794993469165
1000000,4,0.5655475785932568,0.007402162240141723,-0.018584256426476566
1000000,4.5,0.6202623420954488,0.007959275791342448,-0.01849304869594515
1000000,5,0.6755945362514972,0.008509971877560757,-0.018361099494398132
1000000,5.5,0.7309404734891994,0.009110463486216882,-0.01821284057215099
1000000,6,0.7856501741607583,0.009796236779942338,-0.018030395563613816
1000000,6.5,0.8392118719835783,0.010589941313402748,-0.01776715362899497
1000000,7,0.8915999462725716,0.01149843575792729,-0.017392622508982623
1000000,7.5,0.9431900455493626,0.012512683378359465,-0.01690990712806743
1000000,8,0.9940868419447292,0.013640935326476962,-0.016338645324055906
1000000,8.5,1.0440483414469808,0.014912532789749371,-0.015702155943620403
1000000,9,1.092876408918774,0.016353006802669604,-0.015018222634852953
1000000,9.5,1.1404327151071396,0.0179885971518025,-0.014289140976426954
1000000,10,1.186429530213619,0.019843564085801374,-0.013512636441924722
1000000,10.5,1.2302074069697577,0.021942580137684277,-0.012688396423310199
1000000,11,1.2705042233405441,0.024336351922576195,-0.01182529544595085
1000000,11.5,1.3052057495148661,0.0271409586231146,-0.010988246407433644
1000000,12,1.3311052424493954,0.030624439654643756,-0.010446918082839464
1000000,12.5,1.3437094522639215,0.03539689349878945,-0.010983530462015074
1000000,13,1.3373919977771174,0.042757148822934146,-0.014107764292379261
1000000,13.5,1.3071800346694165,0.05634987564376474,-0.02187410152301079
1000000,14,1.2383765811552743,0.08948144506175225,-0.03745805975028895
1000000,14.5,1.0782813938213531,0.1388419472857072,-0.06142534095891233
1000000,15,0.9883956671614456,0.1666955682323985,-0.0839033615113241
1000000,15.5,0.9768534519798898,0.18109782248966735,-0.09275505655674428
1000000,16,0.9720779556744668,0.19540226700414945,-0.09897737530600806
1000000,16.5,0.9764011639552465,0.20765828433311365,-0.10507062359175258
1000000,17,0.9866797917083273,0.21796093734590888,-0.11070148475172974
1000000,17.5,0.9998343092725821,0.22695944621990474,-0.11590654823228479
1000000,18,1.0143738932237651,0.23512516957143206,-0.1208376290303839
1000000,18.5,1.0296634315836233,0.24274342044068103,-0.12561166854985883
1000000,19,1.0454057645541077,0.2499866669171996,-0.13029925680786147
1000000,19.5,1.0614356903470101,0.25696052972349137,-0.13494044962425478
1000000,20,1.0776497818529758,0.263728563231776,-0.13955795036358093
1000000,20.5,1.0939795511967048,0.27032719783747206,-0.14416476035020503
1000000,21,1.110377027692707,0.2767759085471604,-0.14876815064325338
1000000,21.5,1.1268050955971607,0.283084326769294,-0.15337161150884826
1000000,22,1.1432311770099155,0.28925698856596105,-0.15797579105253826
1000000,22.5,1.1596237293325753,0.2952962538398209,-0.16257899819249455
1000000,23,1.1759508478980312,0.3012039316368321,-0.16717757460166643
1000000,23.5,1.1921801777543763,0.30698209301249213,-0.17176626929532926
1000000,24,1.2082794606922918,0.31263343196334986,-0.1763386469338905
1000000,24.5,1.2242172599654004,0.31816138961150214,-0.18088750865354192
1000000,25,1.2399636135490137,0.32357013227345754,-0.18540528710172657
1500000,-20,-0.9602839120972902,0.26246652618635574,0.11829361052332352
1500000,-19.5,-0.9422014485222101,0.25651232386182926,0.11416501397081474
1500000,-19,-0.9241221020580687,0.2504772449653646,0.11005441965349975
1500000,-18.5,-0.9061483737370106,0.24435534601769557,0.10596418837120877
1500000,-18,-0.8883947457508363,0.23813697894436905,0.101900179358265
1500000,-17.5,-0.8709653843869752,0.23180887587923107,0.09787025755568901
1500000,-17,-0.8539274977844169,0.2253547205751047,0.09388118258012806
1500000,-16.5,-0.8372988120508551,0.21875610364344142,0.08993610060102489
1500000,-16,-0.8210640301514859,0.21199358738771762,0.08603537277600144
1500000,-15.5,-0.8052105776131261,0.20504731690388625,0.08218089276580608
1500000,-15,-0.7897557559672145,0.19789700325063686,0.078380701776547
1500000,-14.5,-0.7747498226094559,0.19052248785400697,0.07465032391004275
1500000,-14,-0.7602616106971056,0.18290762758908352,0.07100925996958578
1500000,-13.5,-0.7463596154535406,0.17505200391886538,0.06747299398676447
1500000,-13,-0.733104649875823,0.1669963561416918,0.06404477065862486
1500000,-12.5,-0.7206033423486891,0.15886110466183903,0.06072545161089226
1500000,-12,-0.7091948227940369,0.15088422379673397,0.057571153690017134
1500000,-11.5,-0.6995207643296204,0.14351712424766297,0.05473348092709363
1500000,-11,-0.6915499544425738,0.1377858131149432,0.05229603185450462
1500000,-10.5,-0.6817086570427733,0.13503084056250916,0.0497295708910043
1500000,-10,-0.6630990138104427,0.12527147630405117,0.04309279051859357
1500000,-9.5,-0.679883475760114,0.0741589459791438,0.02105563624910053
1500000,-9,-0.8280506398974183,0.027958962821955362,-0.010129434440553267
1500000,-8.5,-0.8311104701682022,0.017700005725275872,-0.021465016390771148
1500000,-8,-0.7615955078085531,0.015428358363796569,-0.02298783166364677
1500000,-7.5,-0.7031105120159533,0.013797739072960629,-0.023122267720821602
1500000,-7,-0.6492439357710089,0.01246127726920099,-0.022786416495665585
1500000,-6.5,-0.5958715720504413,0.011400372072158736,-0.02234354597552156
1500000,-6,-0.5419373967779828,0.010567700888496909,-0.021975524023340617
1500000,-5.5,-0.48723369456048127,0.00991629362980595,-0.021740558856009718
1500000,-5,-0.43193569021204004,0.009401549938979736,-0.021629710330911028
1500000,-4.5,-0.37638251048256943,0.008986825638788934,-0.021602120701047854
1500000,-4,-0.32083993886296747,0.008649405562187497,-0.0216070913949187
1500000,-3.5,-0.26536932453048734,0.00837988753265051,-0.02159611748536675
1500000,-3,-0.20984496442139575,0.008178894582890534,-0.021534266080359906
1500000,-2.5,-0.1540564967579866,0.008052352964774823,-0.021421890101886585
1500000,-2,-0.09790988562170913,0.007988974286825738,-0.0212874174171455
1500000,-1.5,-0.04164902353391978,0.007954455686619316,-0.02111747052142925
1500000,-1,0.014389700492712043,0.007932251194602363,-0.020929867358834356
1500000,-0.5,0.07019010535126088,0.007920693638950024,-0.020830169268347444
1500000,0,0.1257748033758087,0.007899804642997298,-0.020911282300318048
1500000,0.5,0.1809958741768073,0.007860259091851809,-0.02118214427383488
1500000,1,0.23670436981450366,0.007886940325549197,-0.021479813277257436
1500000,1.5,0.2929305087757649,0.007999779561087392,-0.021715796765280897
1500000,2,0.3492992109646673,0.008071850998272009,-0.021796332030222368
1500000,2.5,0.4055186848315775,0.008018638278596987,-0.021612142916196116
1500000,3,0.4610494949687325,0.007903917542741072,-0.021274107798867792
1500000,3.5,0.5158937186141828,0.007851656782324874,-0.020955578905504542
1500000,4,0.5704714502443358,0.007902102673203487,-0.020651633387387982
1500000,4.5,0.6249078818864088,0.008083424848018588,-0.02025186251488794
1500000,5,0.6794183505346587,0.008390035926563906,-0.019872995479369496
1500000,5.5,0.7342039945493186,0.008785003262754108,-0.019603164903177647
1500000,6,0.7890473826043987,0.009239919579192851,-0.019398207774742566
1500000,6.5,0.8433493086555283,0.009757683316068149,-0.019176672197713632
1500000,7,0.8967201452983726,0.010349189233500493,-0.01888428035391207
1500000,7.5,0.9491219483644404,0.011019645076060344,-0.018502210875757735
1500000,8,1.0006772866949363,0.011770633197307647,-0.018038950172585763
1500000,8.5,1.05153134133465,0.012604929542173241,-0.017516778180548403
1500000,9,1.101780636155091,0.01354053540643013,-0.01695059351539613
1500000,9.5,1.1514364005061153,0.014604769672286518,-0.016348052906102032
1500000,10,1.200403796371689,0.01581952151431653,-0.015717618859553178
1500000,10.5,1.2484551801228163,0.017207245624963213,-0.015069249110737613
1500000,11,1.2951920232362555,0.0187958764438757,-0.014407638984415503
1500000,11.5,1.3399781804190845,0.02062321329143664,-0.013718745046996507
1500000,12,1.3818444911816614,0.02274255122855436,-0.012971439315642904
1500000,12.5,1.4194574159318867,0.02523332991880236,-0.01213427905506686
1500000,13,1.4513431314853982,0.02821984054567302,-0.011207595458091971
1500000,13.5,1.4763570261703798,0.03189866280914776,-0.010281610881049813
1500000,14,1.4930711921789241,0.03664382204295456,-0.009724873405014335
1500000,14.5,1.4907845885203206,0.044268204816681596,-0.011473428219492402
1500000,15,1.3909802861584815,0.07183973782655252,-0.025579983771684335
1500000,15.5,1.1063612787152681,0.15369552467928801,-0.06335430721290267
1500000,16,1.0161986697749015,0.18622238637079394,-0.09494305672081087
1500000,16.5,1.0155397434732647,0.1979195487138847,-0.10322637803100224
1500000,17,1.0187420828725025,0.21054719789171242,-0.1085490503890183
1500000,17.5,1.0275227854840359,0.22162991112561278,-0.11432351270380886
1500000,18,1.0385478368424528,0.23172218100035358,-0.12005189275293483
1500000,18.5,1.0510295384903605,0.24102961257248767,-0.12566314594259054
1500000,19,1.064970093898661,0.24958556952676955,-0.13113375888500733
1500000,19.5,1.080164163343501,0.25748943011524794,-0.1364324273539256
1500000,20,1.096218103461826,0.2648899095121588,-0.14154873558939363
1500000,20.5,1.112728907826812,0.27192861012436986,-0.14649660701771514
1500000,21,1.1293835320919683,0.27870997348721227,-0.15130283000511932
1500000,21.5,1.1459791401456023,0.2852971455716581,-0.1559960592825
1500000,22,1.1624041039418245,0.29172089022232517,-0.16060069062393556
1500000,22.5,1.1786085800070416,0.2979916281408893,-0.16513480347570714
1500000,23,1.1945780916658473,0.30410970137824206,-0.16961041972502544
1500000,23.5,1.2103141486785958,0.3100723385945178,-0.1740347271932012
1500000,24,1.225821880934501,0.3158774645165896,-0.1784114498949737
1500000,24.5,1.2411033570351115,0.3215251704891182,-0.18274195545689995
1500000,25,1.256154994582335,0.32701778257441483,-0.18702598169185333
1500000,-20,-0.9593127177266038,0.26256931108770015,0.11737174206063028
1500000,-19.5,-0.9411942699014189,0.25667505408740887,0.11329767649978896
1500000,-19,-0.9230985376589049,0.2507087283821988,0.10924729384915975
1500000,-18.5,-0.9051273504973338,0.2446658656124173,0.10522351793967324
1500000,-18,-0.8873857958892883,0.2385389184772478,0.101230903876437
1500000,-17.5,-0.8699586678072746,0.23231767642341564,0.09727347438314624
1500000,-17,-0.8528899722704588,0.22598951874079953,0.09335246055390004
1500000,-16.5,-0.836181579668871,0.21953924109300857,0.08946600284977352
1500000,-16,-0.8198152960935556,0.21294861381625824,0.08561174664127848
1500000,-15.5,-0.8037824406792465,0.2061960797169565,0.0817907488513714
1500000,-15,-0.7881011202680728,0.19925706433532478,0.07800989497342886
1500000,-14.5,-0.7728169777549244,0.1921052250873738,0.07428125411059927
1500000,-14,-0.757995861406725,0.1847150045233352,0.07061863418754537
1500000,-13.5,-0.7437156977991976,0.17706729486856207,0.06703248942290226
1500000,-13,-0.7300594053572651,0.16916338421102345,0.06352491790137302
1500000,-12.5,-0.717117390659001,0.16105280153204712,0.06008879268809492
1500000,-12,-0.7050422138231393,0.15285836140230105,0.05671875083687369
1500000,-11.5,-0.6942021024117376,0.14473846671213098,0.0534270722976389
1500000,-11,-0.6852775655820982,0.1368113790640574,0.0502151713704886
1500000,-10.5,-0.6788877103023152,0.12928092146621883,0.04700407447452417
1500000,-10,-0.674239562690752,0.1228476076241737,0.04359056282341338
1500000,-9.5,-0.666142566366142,0.1182798873530606,0.03931044443005077
1500000,-9,-0.6478548344256732,0.1056162169753524,0.030549440246485836
1500000,-8.5,-0.6688101657568236,0.05860511330553211,0.00825199266723269
1500000,-8,-0.7440494503977385,0.023921354970316066,-0.015620150116666563
1500000,-7.5,-0.7098749793308925,0.015516290503660532,-0.023092305362890687
1500000,-7,-0.6491280331074931,0.01296252206328867,-0.024346284864549286
1500000,-6.5,-0.5924447153876533,0.01137102662753135,-0.024356605214024187
1500000,-6,-0.537544387771022,0.010171589722401774,-0.02406097019288273
1500000,-5.5,-0.48243455479725633,0.00926388292852696,-0.023727042406660768
1500000,-5,-0.4267550131829094,0.008587187000329406,-0.023374182710362325
1500000,-4.5,-0.37113566128775477,0.00809227553180401,-0.022907586776657583
1500000,-4,-0.31614220497787743,0.007738764257466762,-0.022318249447215333
1500000,-3.5,-0.2614854074925392,0.007483823081687919,-0.02174317606023657
1500000,-3,-0.2065014824066428,0.007282242346712752,-0.021279354104931
1500000,-2.5,-0.1508575796016099,0.00710863752604375,-0.020961466948018637
1500000,-2,-0.09483382085055869,0.0069591989027920674,-0.020788293614624486
1500000,-1.5,-0.03896051638766565,0.006847847284973787,-0.020691156147008033
1500000,-1,0.016447963756965472,0.006787525880093004,-0.020675668564085665
1500000,-0.5,0.07089336037436861,0.006730416461452195,-0.02094913661829518
1500000,0,0.1259009699516349,0.006637649990020783,-0.021404542352685477
1500000,0.5,0.18369626214438906,0.00645268387408751,-0.02127539005838221
1500000,1,0.23763298955110332,0.005983315627904473,-0.020403961337460183
1500000,1.5,0.29017672312477694,0.0057145351152973565,-0.02019444677207272
1500000,2,0.3453610027129434,0.005795973950563442,-0.02012261499616035
1500000,2.5,0.40183054352905384,0.006095422240422814,-0.020182651765676324
1500000,3,0.4580742083345498,0.006444919964611059,-0.020283797774309182
1500000,3.5,0.513952216562731,0.006788368448555797,-0.020223072183641413
1500000,4,0.569479338167378,0.007135241472595564,-0.01999401445061327
1500000,4.5,0.6246291483444786,0.007506262034618747,-0.019689844126196482
1500000,5,0.6792369616866776,0.007920495111569963,-0.019373881357128902
1500000,5.5,0.7331133752223727,0.008392506143223403,-0.01905774090509744
1500000,6,0.7863912058501303,0.008921115878391788,-0.0187310798514789
1500000,6.5,0.8394800594882406,0.009487827480355303,-0.018387949981511928
1500000,7,0.8924323289682397,0.010090222943747397,-0.01802167821231834
1500000,7.5,0.9449611287075883,0.010747473158940927,-0.01762407169651675
1500000,8,0.9969040382935441,0.011471799834190102,-0.017196342255754532
1500000,8.5,1.048273833639665,0.012266528597569453,-0.016746291486275284
1500000,9,1.099132764631122,0.013148499911595972,-0.016271652826894373
1500000,9.5,1.1495048773291678,0.014139229072410392,-0.015764544960293073
1500000,10,1.1993379874075725,0.015251320191141168,-0.01521894126850633
1500000,10.5,1.2485033731955506,0.016497790946787366,-0.014635076972172464
1500000,11,1.2967899136265661,0.017895614220988062,-0.014014461207829171
1500000,11.5,1.3438490009957385,0.019468281849556245,-0.013341943097049261
1500000,12,1.3890841634627615,0.021248820087227515,-0.012578441362793688
1500000,12.5,1.4315221987721318,0.023285808710511665,-0.011665584167419986
1500000,13,1.469724551278151,0.025655662745120433,-0.01054713028922075
1500000,13.5,1.5017298592868462,0.028487208834524443,-0.009223968646487703
1500000,14,1.5246976014496112,0.03204129063388177,-0.007915462396624983
1500000,14.5,1.5333123567336995,0.03715035974458707,-0.007756365352839882
1500000,15,1.507102148416713,0.049227200477424675,-0.01356039280528359
1500000,15.5,1.3360976140033518,0.09721755720112847,-0.03791390938295613
1500000,16,1.0763877495645013,0.16221835451595124,-0.0773305956206746
1500000,16.5,1.0443989456361598,0.17999208048330834,-0.09675127544719343
1500000,17,1.0358834029466908,0.19559887978247142,-0.10295379081769102
1500000,17.5,1.0358740945314973,0.20938519776986791,-0.10935138460191902
1500000,18,1.0423928521355101,0.2210789449420592,-0.11573736206818733
1500000,18.5,1.0519770880004773,0.23164282729328503,-0.12186136129601643
1500000,19,1.0636393278634764,0.24140959480284432,-0.1277505424534095
1500000,19.5,1.0771771103061683,0.2504171146818554,-0.13341461833113122
1500000,20,1.0923098996876197,0.25870535777415227,-0.13884745377724322
1500000,20.5,1.1085966674233458,0.2663827373883499,-0.14405794431969163
1500000,21,1.1255685612607074,0.27359302229299076,-0.1490740916890114
1500000,21.5,1.142837254006483,0.28047100404923636,-0.1539329435332767
1500000,22,1.1601333684830688,0.28711801582680574,-0.15867057209864388
1500000,22.5,1.177295848482533,0.293597648140155,-0.163316684442877
1500000,23,1.194241697070957,0.29994251745264044,-0.16789319650513912
1500000,23.5,1.210935214992541,0.30616413862353514,-0.17241490907481002
1500000,24,1.227364689462958,0.3122617183979695,-0.17689086614098773
1500000,24.5,1.2435276133600044,0.31822855519010446,-0.18132568039934818
1500000,25,1.2594226242900342,0.3240561601435242,-0.18572060820465508
1500000,-20,-0.9547484857071122,0.26295222004471225,0.11624977188919618
1500000,-19.5,-0.937066584538708,0.2570806642657847,0.11215830629551159
1500000,-19,-0.9193998469183011,0.2511331392273536,0.10811132465740168
1500000,-18.5,-0.9018145071301115,0.24510751753407828,0.10411165512269571
1500000,-18,-0.8843812036241525,0.23900199788737952,0.10016218360559627
1500000,-17.5,-0.8671623992267167,0.2328150650541544,0.09626397838028687
1500000,-17,-0.8501992063195445,0.226544110911182,0.09241470524523465
1500000,-16.5,-0.8335051332467727,0.220182958677752,0.08860865521632401
1500000,-16,-0.8170720426177129,0.21371979564999782,0.08483880171144437
1500000,-15.5,-0.8008853575574082,0.20713720917026504,0.081099814989859
1500000,-15,-0.7849392521639069,0.200414657955073,0.07739030793951479
1500000,-14.5,-0.7692456464264124,0.1935320122641389,0.07371336202715513
1500000,-14,-0.7538382992538986,0.18647216386396737,0.07007556408146849
1500000,-13.5,-0.738775914320882,0.17922140352575866,0.06648523388072243
1500000,-13,-0.7241450279271006,0.1717679550989743,0.06295026709428286
1500000,-12.5,-0.7100589226935938,0.16410188298199718,0.05947569495311214
1500000,-12,-0.6966463800324634,0.15622409435033044,0.056061106881641856
1500000,-11.5,-0.6840302037807522,0.14817421895597832,0.052698555176687624
1500000,-11,-0.6723250574461539,0.1400633005727865,0.0493710753510652
1500000,-10.5,-0.6617186999220354,0.13203825884273954,0.04604557555821733
1500000,-10,-0.652608442695275,0.1241717305959028,0.04264461842409896
1500000,-9.5,-0.6455394336725332,0.11648280835370455,0.03899918684388619
1500000,-9,-0.6407018078978659,0.10906847260017478,0.034819365637284876
1500000,-8.5,-0.6370075675619605,0.10185880502588415,0.029722374591812265
1500000,-8,-0.6310307513545322,0.09401100770675065,0.023387748358051005
1500000,-7.5,-0.6168981112318921,0.08411082337322728,0.015842205942599673
1500000,-7,-0.5892456145692606,0.07122113179350567,0.007206558596416162
1500000,-6.5,-0.5507259425118887,0.054473611002249143,-0.003240840194159448
1500000,-6,-0.5167116155174983,0.03317978427134812,-0.016198574071226927
1500000,-5.5,-0.4767300610009907,0.017333511769260637,-0.024206159888888107
1500000,-5,-0.4262103180655702,0.011410569756349092,-0.024903157440930117
1500000,-4.5,-0.37400711129559017,0.009382608811311182,-0.023799894794546493
1500000,-4,-0.3203028576012238,0.008293451964604084,-0.02284638367589687
1500000,-3.5,-0.2640848803315037,0.007494845266901782,-0.022455722154711807
1500000,-3,-0.20556382329052336,0.006860399624453205,-0.0225772889471859
1500000,-2.5,-0.14665829447218082,0.006363486135473147,-0.0227695602710586
1500000,-2,-0.08966267718800291,0.006011382574607335,-0.02249340725050489
1500000,-1.5,-0.034985454167224705,0.005779169576279129,-0.022000189719089364
1500000,-1,0.01807230537455823,0.0054588522585905346,-0.022194160408897413
1500000,-0.5,0.07295357974796082,0.004716212935173017,-0.020930401747796874
1500000,0,0.12561759083704516,0.004040589953960663,-0.019296128395584436
1500000,0.5,0.1823665214436094,0.004005325912583409,-0.019078639863068698
1500000,1,0.2389036697546159,0.004227623016592847,-0.019517001688544765
1500000,1.5,0.2928403652550576,0.004605015433346516,-0.019637304078969055
1500000,2,0.34683188017135363,0.0050701840282597705,-0.01936085745926047
1500000,2.5,0.402273162509566,0.005481221399540801,-0.019272780113154375
1500000,3,0.4582487384806613,0.005879721166106692,-0.019359309471772286
1500000,3.5,0.5125992757637772,0.0063629725992761866,-0.01920177504331417
1500000,4,0.5666946695908179,0.0068412106173166565,-0.019038584418769496
1500000,4.5,0.6217575632550331,0.00728138068406261,-0.018884553935879213
1500000,5,0.6773454738591348,0.007731174172132882,-0.018740981546628854
1500000,5.5,0.7328017899256994,0.008229167989739454,-0.01861494995440271
1500000,6,0.7875133561357004,0.00879837252859241,-0.018471033540203196
1500000,6.5,0.8411606483095402,0.009451224196062863,-0.018262571266451373
1500000,7,0.8940130727956559,0.010178418146077688,-0.017969026980444378
1500000,7.5,0.9464794944848912,0.010961888429251533,-0.017596596603655538
1500000,8,0.9984653987555113,0.011810912253209174,-0.017156928495018976
1500000,8.5,1.0497119529722725,0.0127466863233411,-0.01666413186536295
1500000,9,1.1001644466504263,0.013790417378770362,-0.016123876922709605
1500000,9.5,1.1498807908073951,0.01496627706772888,-0.015532012246087926
1500000,10,1.198864947314132,0.016286107256479596,-0.01488940142941281
1500000,10.5,1.246962527380703,0.0177584670057727,-0.014202761628140215
1500000,11,1.293787910307778,0.01939816909542727,-0.013479185254930469
1500000,11.5,1.3386225249902055,0.02123194203159074,-0.012706516858074881
1500000,12,1.3802497217441063,0.02330907853095391,-0.011849028226951924
1500000,12.5,1.4167513253689172,0.025725002517659645,-0.010885008815258303
1500000,13,1.4452745861764795,0.028681510706200876,-0.00992648895323244
1500000,13.5,1.4616414446804633,0.03265246957559781,-0.009524402768719522
1500000,14,1.4596557844807379,0.03886990259672697,-0.011225547180670455
1500000,14.5,1.4294349710232264,0.05172968498703589,-0.01817289351410547
1500000,15,1.340718944779686,0.08690257131659268,-0.035191818498118095
1500000,15.5,1.1373089974952415,0.14037987338393004,-0.06296312124439758
1500000,16,1.0414678172135687,0.16894532838874665,-0.0879989265842665
1500000,16.5,1.0250615104441723,0.18511946971996854,-0.09714280576278896
1500000,17,1.0153588068174269,0.20138932808181254,-0.10386843591869974
1500000,17.5,1.0162018675924107,0.21517402310399505,-0.11068385527802609
1500000,18,1.0242998594199755,0.2265953034751067,-0.11703666010276062
1500000,18.5,1.03631129872319,0.23640542107846474,-0.12287700174661424
1500000,19,1.0504554202830003,0.24516418899646442,-0.12833138458619123
1500000,19.5,1.0658622878192345,0.2532140634861209,-0.13351639596583095
1500000,20,1.0820531379491023,0.2607649612277995,-0.13851263058898913
1500000,20.5,1.0987203377414803,0.26795012411832664,-0.14337457099524323
1500000,21,1.1156507705867373,0.2748551529330979,-0.14814071384302704
1500000,21.5,1.1326954396860762,0.2815346136533381,-0.15283916350716456
1500000,22,1.1497511337049449,0.2880229434572463,-0.1574902856668547
1500000,22.5,1.1667460926074773,0.2943419355652663,-0.16210804867374135
1500000,23,1.1836287375468055,0.3005057510875972,-0.1667009301668601
1500000,23.5,1.2003595128929017,0.3065241192505172,-0.17127275847784804
1500000,24,1.2169055779132072,0.31240427407762955,-0.1758235902674567
1500000,24.5,1.2332377816593285,0.31815205565002097,-0.18035060385492602
1500000,25,1.249329251491073,0.3237724854569035,-0.18484894936410773
2000000,-20,-0.9594734678560084,0.26343584567322825,0.11839916873394414
2000000,-19.5,-0.9414315946905474,0.257590143479703,0.11424378074434624
2000000,-19,-0.9234300869712073,0.25164458250987976,0.1100979879864063
2000000,-18.5,-0.9055823723689814,0.24558802307470498,0.10596861521036578
2000000,-18,-0.887995869651535,0.23940425535570753,0.10186533331094662
2000000,-17.5,-0.8707447365449386,0.23307178419197974,0.09779760586723107
2000000,-17,-0.8538544862855711,0.2265646888306358,0.09377159910546276
2000000,-16.5,-0.83731604186089,0.21985449480909924,0.08979030388839357
2000000,-16,-0.8211216509732666,0.21291190768219181,0.08585794830365913
2000000,-15.5,-0.8052927883620097,0.20570762074031324,0.08198559146292755
2000000,-15,-0.7898817919309489,0.1982141673537463,0.07819315267606439
2000000,-14.5,-0.774955293014946,0.1904138278876231,0.07450498553367017
2000000,-14,-0.7605805846851096,0.18231983620199557,0.07094050292018012
2000000,-13.5,-0.7468525746542992,0.17402119633583985,0.06751695216206874
2000000,-13,-0.7340274219086191,0.16578320927865467,0.06432616623145568
2000000,-12.5,-0.7225807467353174,0.15835781664426998,0.061715619871147896
2000000,-12,-0.7119645170043678,0.15362229726048074,0.06007725765378435
2000000,-11.5,-0.6977683796996557,0.15298019616444167,0.05837016887191245
2000000,-11,-0.677647483200094,0.1405029486076885,0.050935530178737275
2000000,-10.5,-0.709957289055837,0.08268211114058892,0.027431689198866224
2000000,-10,-0.8954822259197511,0.031866611249091854,-0.005612951790962655
2000000,-9.5,-0.9503365508517267,0.01924308374409934,-0.021000096909504523
2000000,-9,-0.8745730245176888,0.01694039118115895,-0.023113572917241556
2000000,-8.5,-0.8100824387403384,0.01521142931107531,-0.023434233012890538
2000000,-8,-0.7560060714948015,0.013664368112166932,-0.023258319213214973
2000000,-7.5,-0.7037396240060719,0.01238736063758747,-0.022844769655496762
2000000,-7,-0.6510439664428046,0.011343542205781262,-0.02239992717573522
2000000,-6.5,-0.5974752700554665,0.010500391438565264,-0.022037146517981183
2000000,-6,-0.5430204307917567,0.009827972981714212,-0.021799089097145743
2000000,-5.5,-0.48790377494795234,0.009292391031668302,-0.021679421686337727
2000000,-5,-0.4324604246384712,0.008861737612699394,-0.021646380220115273
2000000,-4.5,-0.37697633890297466,0.008511805825225649,-0.02165903920680892
2000000,-4,-0.3215786738648704,0.008227145953238436,-0.021672400031968065
2000000,-3.5,-0.2662187031360563,0.00800056588803144,-0.02164368595893204
2000000,-3,-0.21070931646925964,0.007833937606165855,-0.021554853630482335
2000000,-2.5,-0.15479492986484647,0.007727127201420518,-0.021427513126883287
2000000,-2,-0.09840200166348864,0.007662953588056758,-0.021274122388093522
2000000,-1.5,-0.04193548383866,0.007617971177772331,-0.021110336179502778
2000000,-1,0.01418853696552641,0.007586182073645801,-0.02100764691268719
2000000,-0.5,0.07009925321013297,0.007576704762822273,-0.020994992815492247
2000000,0,0.1259493255073807,0.007580910442235837,-0.021049344381988605
2000000,0.5,0.18133521525183996,0.0075801309169442116,-0.02118500479779191
2000000,1,0.2365949445500796,0.007605791251760644,-0.021403590508278888
2000000,1.5,0.29261022948691223,0.007698377880749528,-0.021665768332303874
2000000,2,0.34909730627227903,0.007788616738123905,-0.02180537999258491
2000000,2.5,0.40580164866001806,0.00780814049175567,-0.021745192582401564
2000000,3,0.46216831009842846,0.0077464111445569184,-0.02148913241402191
2000000,3.5,0.5177849029211978,0.0076866357816809255,-0.021205325438229283
2000000,4,0.5726390036361961,0.007703695040277063,-0.0209900832089289
2000000,4.5,0.6269271313855975,0.007818508060318126,-0.02077417150984356
2000000,5,0.680930567846814,0.008046095211818025,-0.020425237865981365
2000000,5.5,0.7352375728271848,0.008364620325377386,-0.020042503039781858
2000000,6,0.7898667958543991,0.008755338329670322,-0.019731491147301248
2000000,6.5,0.8443018404952121,0.009220500813171963,-0.0194843609103647
2000000,7,0.8981498053957688,0.009761925723728197,-0.019244113241518222
2000000,7.5,0.9512509612977763,0.01037852513250963,-0.018958585505051424
2000000,8,1.0035896002864453,0.011068603133722594,-0.018603089415975427
2000000,8.5,1.055220296834798,0.011832875137866742,-0.018176389354391056
2000000,9,1.1062002490780611,0.012687924585961274,-0.017679331051304897
2000000,9.5,1.156544436830228,0.013658021648644108,-0.017115931605212815
2000000,10,1.2061961267721335,0.014760920282786525,-0.016499831160599214
2000000,10.5,1.2549932772272965,0.016014573506254,-0.01585200909303548
2000000,11,1.3026386656738314,0.017441937347838696,-0.015189200718422486
2000000,11.5,1.3486540543966892,0.019074398095721243,-0.014507666817537734
2000000,12,1.3922993326624753,0.0209542359154843,-0.013782885456571768
2000000,12.5,1.432497990979776,0.023139650111501545,-0.012979367713115352
2000000,13,1.4678978137214374,0.025715860998681145,-0.012068350535015237
2000000,13.5,1.497220836539275,0.02881311412503468,-0.011061339112446375
2000000,14,1.5195641517879097,0.0326443437607301,-0.010087361078766222
2000000,14.5,1.532368927506677,0.037733613684846984,-0.009735133523839652
2000000,15,1.5163210861797471,0.047203847143511536,-0.012989577433744614
2000000,15.5,1.377340751518816,0.0838468462798094,-0.031157801393918518
2000000,16,1.09994184312556,0.16679191522443487,-0.06894126276423244
2000000,16.5,1.0261517967898373,0.19433909520154088,-0.09919914563089456
2000000,17,1.0284223709469857,0.20508334268389,-0.10749384881908751
2000000,17.5,1.0331665021161682,0.21754074130622306,-0.11258090525189407
2000000,18,1.0427753868461458,0.22875778540780495,-0.11833427074726034
2000000,18.5,1.0543988651908924,0.23895351860677252,-0.12411144057220487
2000000,19,1.0673375295637935,0.2482673684742174,-0.12976911764730772
2000000,19.5,1.0816221397988528,0.2567488843958348,-0.13527957991901265
2000000,20,1.0970574360945582,0.2645313161431841,-0.14061486378505456
2000000,20.5,1.1132521596929714,0.271792314331811,-0.14576323468481803
2000000,21,1.1298055934668199,0.2786910044164606,-0.15073528492676452
2000000,21.5,1.146408487653634,0.2853391517525141,-0.155554990888075
2000000,22,1.1628630489914025,0.29180033244720494,-0.160249371294982
2000000,22.5,1.1790636176336882,0.2981020227869721,-0.16484212153096997
2000000,23,1.1949671335310599,0.3042501190710723,-0.1693511430633539
2000000,23.5,1.2105668224622914,0.3102409049838115,-0.17378848853656334
2000000,24,1.2258729648204656,0.3160689610881615,-0.17816143567210993
2000000,24.5,1.240900477352671,0.3217311957499482,-0.1824738703437003
2000000,25,1.2556618321466966,0.32722794699364993,-0.18672752419365357
2000000,-20,-0.9601044775762871,0.26400803819476537,0.11777958709379344
2000000,-19.5,-0.9419217975043535,0.25819239574113595,0.11368747353455444
2000000,-19,-0.9238102099287686,0.2522810347106031,0.1096136502886212
2000000,-18.5,-0.9058755639923352,0.2462645483422858,0.10556397236749439
2000000,-18,-0.8882051655459866,0.24012941434866755,0.10154433357873763
2000000,-17.5,-0.8708466023481776,0.23385821346122326,0.09755792514000279
2000000,-17,-0.8538065318153998,0.22743000055418633,0.09360431880808176
2000000,-16.5,-0.8370742690346628,0.22082050028104527,0.08968193615638076
2000000,-16,-0.8206524334240973,0.21400190638285907,0.0857925280670059
2000000,-15.5,-0.8045729138526275,0.2069428992410438,0.0819443884321311
2000000,-15,-0.7888943684968241,0.19961030498873242,0.07815205050301685
2000000,-14.5,-0.7736916341292158,0.1919742192430585,0.07443231827228741
2000000,-14,-0.7590471914510487,0.18401986206806076,0.07079803964857877
2000000,-13.5,-0.7450533995337676,0.17577225066787072,0.0672539397624793
2000000,-13,-0.7318474330922259,0.16733688676026476,0.06380771397429288
2000000,-12.5,-0.7197076379988365,0.15893713651331448,0.06051393453991437
2000000,-12,-0.7090942559692003,0.1509254831811246,0.057500063533714785
2000000,-11.5,-0.7002575978275063,0.14385906757638428,0.054850428401549245
2000000,-11,-0.6921151409590139,0.1387203015446369,0.05243444956974329
2000000,-10.5,-0.6804103459066092,0.13573981045336383,0.049436702846952126
2000000,-10,-0.6627484872496674,0.122338935869325,0.04179830640679238
2000000,-9.5,-0.690824292112677,0.07181549139990386,0.020442392710678638
2000000,-9,-0.8207612437921039,0.028713014634101294,-0.007998139109016367
2000000,-8.5,-0.8260735113932658,0.017355692987434702,-0.02058227497737416
2000000,-8,-0.7614350798745225,0.014470946967586282,-0.023491864627867728
2000000,-7.5,-0.7016982235693908,0.012667866332025988,-0.024242210048491118
2000000,-7,-0.6465095910768279,0.011209694495554035,-0.024251959921610357
2000000,-6.5,-0.5923301220217735,0.010050700403253399,-0.023985170133254213
2000000,-6,-0.5378907155596326,0.009158528060470131,-0.023621223920366453
2000000,-5.5,-0.483079435179027,0.008493082243151456,-0.02316836418463748
2000000,-5,-0.42827728909913376,0.008013779249108724,-0.02260460914592962
2000000,-4.5,-0.37364526654164126,0.0076768958887076496,-0.022018335594603047
2000000,-4,-0.31891335740588445,0.007428835226400639,-0.021539632584132037
2000000,-3.5,-0.2637683305076685,0.007219803030162063,-0.021184395717113648
2000000,-3,-0.2079668331932201,0.00703252397970413,-0.020953685368859123
2000000,-2.5,-0.15157181515800242,0.0068711772444444204,-0.020863924604820994
2000000,-2,-0.09516490201273944,0.0067384790758547915,-0.02087154407603167
2000000,-1.5,-0.03931706538845753,0.006647722397908269,-0.020892179746840586
2000000,-1,0.01598110217075957,0.006620586440206353,-0.02086115790449481
2000000,-0.5,0.07074572039332475,0.006633638147174819,-0.02089401665671842
2000000,0,0.12540874415678957,0.006583623559833507,-0.021160786101361205
2000000,0.5,0.18298112086786264,0.006494640583461655,-0.02145102700023065
2000000,1,0.24002091762781325,0.006202474381388624,-0.02118576971726331
2000000,1.5,0.29313540459924975,0.00583747965907863,-0.020912513193421692
2000000,2,0.34585725088746183,0.005721098260335256,-0.02073851771673725
2000000,2.5,0.4003534228295232,0.005863022813057117,-0.020377133676609826
2000000,3,0.4568102486438602,0.006117360455150304,-0.02031953627174315
2000000,3.5,0.5137803873967879,0.006408156676114334,-0.02034273691760324
2000000,4,0.5703352410838443,0.006724705509124864,-0.02026550897133734
2000000,4.5,0.6261626720517978,0.007073986383855066,-0.020092706407857937
2000000,5,0.6810975688794212,0.007467953220693058,-0.019863944319030703
2000000,5.5,0.7351449852439114,0.007913967214924144,-0.019597380547643223
2000000,6,0.7887121694103962,0.008399311204231751,-0.019299960513483084
2000000,6.5,0.8421759876610849,0.008907213358018284,-0.018975664793921487
2000000,7,0.8953797858730943,0.00944836809707296,-0.01862010453058859
2000000,7.5,0.9480662328337703,0.010042209995069828,-0.018229583881210064
2000000,8,1.0001828657121665,0.010694853197575786,-0.01780920200492655
2000000,8.5,1.0517847924107915,0.011407922283468536,-0.017367262355474533
2000000,9,1.1029322328530644,0.012199463184981206,-0.01689951937922702
2000000,9.5,1.1536340477191436,0.01308952682747563,-0.01639714393148718
2000000,10,1.2038274924134056,0.014089743016798405,-0.015854087514503637
2000000,10.5,1.2533924805459349,0.015212669165549456,-0.015273483776990518
2000000,11,1.3021617117883553,0.016474871557503802,-0.014659823866404718
2000000,11.5,1.349884504474507,0.017899014955806036,-0.014002198837930132
2000000,12,1.39613825547921,0.019515003824271068,-0.013269434328243826
2000000,12.5,1.4402059869970278,0.02136302110247119,-0.012411039684331479
2000000,13,1.4809589422256648,0.023500909219138267,-0.011365385310087333
2000000,13.5,1.5168218616482623,0.026017309230214808,-0.01008675740151663
2000000,14,1.5458075234619595,0.029058696356885367,-0.008613365748238127
2000000,14.5,1.5651252276886176,0.03293718545948735,-0.007290679780958054
2000000,15,1.5681704386898714,0.03883040194659509,-0.007700715166656392
2000000,15.5,1.5223577250344817,0.05471617565574327,-0.015859856956919643
2000000,16,1.3102852702355439,0.11231001317590633,-0.04336839525272428
2000000,16.5,1.0715106124378295,0.17534657484513202,-0.08258821730175564
2000000,17,1.0504739707887838,0.1898469413048885,-0.10185883983299174
2000000,17.5,1.0472845946518796,0.2038106924615863,-0.10763113958818911
2000000,18,1.0506636099013666,0.21684038012209805,-0.11380365624401183
2000000,18.5,1.0589562661638607,0.22832409717560098,-0.1201517200781553
2000000,19,1.0694312769983836,0.2388846624823552,-0.12627473863185085
2000000,19.5,1.081594878055901,0.2486596581337434,-0.13215884258698696
2000000,20,1.0954580277252137,0.25762327987733885,-0.13781498263127595
2000000,20.5,1.1108128918013058,0.26581578891501034,-0.14324432003150567
2000000,21,1.1272437870031862,0.2733629265818656,-0.14845847970450296
2000000,21.5,1.1442917160429857,0.28042476436569497,-0.15348352215289782
2000000,22,1.161569011944699,0.28714824052620996,-0.15835229449528862
2000000,22.5,1.178801103258139,0.2936432412783753,-0.163096272267056
2000000,23,1.195820874696694,0.29997866952793806,-0.16774100899413477
2000000,23.5,1.2125427726938987,0.30618928221983965,-0.17230495342068206
2000000,24,1.228933848647557,0.3122859297862705,-0.17680021331818757
2000000,24.5,1.24498975186475,0.3182651560517892,-0.1812340289983819
2000000,25,1.2607180063522583,0.32411659300421497,-0.18561021223204954
2000000,-20,-0.9555775215565513,0.2644181550539894,0.11645951097255297
2000000,-19.5,-0.9376839786973239,0.258460311779943,0.11237117291241445
2000000,-19,-0.919853954926493,0.2524324802248462,0.10832070839324656
2000000,-18.5,-0.9021699593297816,0.24633091425384046,0.10431311387133692
2000000,-18,-0.884702371785293,0.2401506026400562,0.10035204911434585
2000000,-17.5,-0.8674927701438112,0.23388446474404204,0.09643773882528044
2000000,-17,-0.8505481974835333,0.22752173606555737,0.09256663530831762
2000000,-16.5,-0.8338523403307636,0.22104661836720407,0.08873354416568591
2000000,-16,-0.81738649996233,0.21443837521717454,0.08493500999796237
2000000,-15.5,-0.8011464672404531,0.2076731797290321,0.08117185357386471
2000000,-15,-0.785148866375206,0.2007269304472051,0.07744967108481367
2000000,-14.5,-0.7694309107845332,0.19357770009314965,0.07377751955767899
2000000,-14,-0.75404950908613,0.18620694763319867,0.07016557182602776
2000000,-13.5,-0.7390812260493553,0.17860040610396918,0.06662234609086636
2000000,-13,-0.7246199079491172,0.17075312649953647,0.06315193619609859
2000000,-12.5,-0.7107680022361793,0.16268789534874173,0.05975198202059736
2000000,-12,-0.6976290304568594,0.1544911923519764,0.05641383079470818
2000000,-11.5,-0.6853417374633229,0.1463269588665838,0.05312470778581463
2000000,-11,-0.6742021368792774,0.13834961101985205,0.04986222377149282
2000000,-10.5,-0.6647840887021244,0.1305988210276353,0.046567130478692
2000000,-10,-0.6578141563214419,0.12309257697583773,0.04310835109609954
2000000,-9.5,-0.653632353949078,0.11599296400605762,0.039267287652277445
2000000,-9,-0.6511986600577412,0.10945843886253653,0.03471843192710125
2000000,-8.5,-0.6468730429486129,0.1029739866820334,0.0290317768900335
2000000,-8,-0.6345051981990482,0.09465430956707684,0.021819138489422768
2000000,-7.5,-0.6107032588095216,0.08051826933892141,0.012183545983319142
2000000,-7,-0.5859745915838497,0.055001131011067884,-0.0021379510047774314
2000000,-6.5,-0.5695125783919687,0.028235706534598566,-0.017812694132061026
2000000,-6,-0.5329862488735116,0.015298951372098,-0.024478316544129998
2000000,-5.5,-0.4820639461337617,0.010938484135375404,-0.024984190586334845
2000000,-5,-0.42883077978311934,0.009191783253495683,-0.024182453315925858
2000000,-4.5,-0.37454702800038164,0.008165751704202856,-0.023456589500615778
2000000,-4,-0.31848056315153256,0.0074113212529997325,-0.0230724007394126
2000000,-3.5,-0.26075586805915546,0.006815855312876131,-0.022975361401869804
2000000,-3,-0.2028045939023007,0.006353270895394618,-0.022863792510531035
2000000,-2.5,-0.14641828033375376,0.0060164440344421645,-0.022397818919776158
2000000,-2,-0.09171391523465278,0.00579685514493829,-0.02164064275212981
2000000,-1.5,-0.03726255486647129,0.005658102135480068,-0.02103410669658238
2000000,-1,0.01687402782453959,0.005457010510671295,-0.021175549467583682
2000000,-0.5,0.07300184385998673,0.00501986942736545,-0.021371068035711597
2000000,0,0.12795575896101813,0.004267321778854008,-0.019873002658865893
2000000,0.5,0.18029409180383493,0.003973880782490943,-0.01948254100626886
2000000,1,0.23588238397510625,0.004131633704158748,-0.01945570429587364
2000000,1.5,0.29211569331463205,0.004497578816199135,-0.019608638484971883
2000000,2,0.34841404841698226,0.0048843480260007495,-0.01972056856721333
2000000,2.5,0.4048637808100973,0.005235843615773698,-0.01994750492712008
2000000,3,0.4602507862953905,0.005633419824553122,-0.01995834926686026
2000000,3.5,0.5141065005006612,0.006080226076141508,-0.019732588280314305
2000000,4,0.568419869743082,0.00648854304153561,-0.01952700534858504
2000000,4.5,0.6236255189308433,0.006870605629318127,-0.019325687924924194
2000000,5,0.6791757148226125,0.007270176935145213,-0.01915247481870048
2000000,5.5,0.7344602731442825,0.0077164495393112235,-0.019006307704708913
2000000,6,0.7889495998627277,0.00822785437258862,-0.018848672471609984
2000000,6.5,0.8425335924814834,0.008809374754204293,-0.018639858610443004
2000000,7,0.8956629043825175,0.009441164857541226,-0.018368246258694296
2000000,7.5,0.9485988093095182,0.010108906735976997,-0.01803741827273042
2000000,8,1.0010749479796957,0.010827148112648479,-0.017651596980819344
2000000,8.5,1.0528671878327247,0.01161194408820348,-0.017219058173620454
2000000,9,1.103983974555167,0.012483044388834592,-0.016737773739430317
2000000,9.5,1.1545097831336217,0.01346107519406825,-0.016200387640734715
2000000,10,1.2044779784683024,0.014553956860665136,-0.015606763783668346
2000000,10.5,1.2538279819302158,0.015768662463616107,-0.014968707218014648
2000000,11,1.3023958562728954,0.017116278053328188,-0.014303677875582097
2000000,11.5,1.349865179172316,0.0186143873897878,-0.013611686457096973
2000000,12,1.3956475866642912,0.020289333392752823,-0.012863910785610791
2000000,12.5,1.4387124564540597,0.022182068797159653,-0.01200431487939068
2000000,13,1.47739680478881,0.024363812181739927,-0.010970838905545717
2000000,13.5,1.5092015668074583,0.026975182948050312,-0.009770395014625507
2000000,14,1.53048217726199,0.030340214081450788,-0.008710748008118468
2000000,14.5,1.5358203480987633,0.03534743966963788,-0.008989082566502797
2000000,15,1.5153764226375537,0.045227837718425035,-0.013634189392641901
2000000,15.5,1.4378216709599658,0.07380373065743163,-0.02831193807428019
2000000,16,1.2267175028978385,0.13073337126012494,-0.055939686260579435
2000000,16.5,1.0740278257196332,0.16964134477728032,-0.08696611308456287
2000000,17,1.0553906514401417,0.18529952392650037,-0.09918205092344783
2000000,17.5,1.0445079071247416,0.2017901472613484,-0.10564767356456345
2000000,18,1.0435436160784703,0.21627729505048454,-0.11262097003169665
2000000,18.5,1.0500906652063993,0.22843254165373308,-0.11938433069497525
2000000,19,1.060724735895172,0.2389630628051151,-0.12566971489950732
2000000,19.5,1.073715611731571,0.24837649715720886,-0.1315297689191457
2000000,20,1.0882552098599212,0.2569682835439427,-0.13705243842067766
2000000,20.5,1.1038501846851334,0.26493901557101274,-0.14230817653259434
2000000,21,1.120127700307732,0.27244242817102143,-0.14735372361421217
2000000,21.5,1.136802466471302,0.2795941087711208,-0.1522373364177386
2000000,22,1.153668044271389,0.28647476761076984,-0.15699950736245744
2000000,22.5,1.1705821508833316,0.29313667975112445,-0.16167242174331103
2000000,23,1.1874488486303778,0.29961163139767166,-0.16627998687493248
2000000,23.5,1.2042028000504528,0.30591799202263503,-0.17083859369451346
2000000,24,1.220797540250108,0.31206598965652177,-0.17535826847300898
2000000,24.5,1.2371975981600074,0.3180612800542911,-0.17984391891464718
2000000,25,1.2533735881218138,0.32390722962428836,-0.18429651449413728
3000000,-20,-0.9578674445339092,0.2647961668997255,0.11855898156332427
3000000,-19.5,-0.9400043054238365,0.25909980941891514,0.11432443200141626
3000000,-19,-0.9222560675066527,0.25327448948839204,0.11009034150002515
3000000,-18.5,-0.90472178101403,0.24729301628507735,0.1058705891887766
3000000,-18,-0.8874622728696142,0.2411176306030913,0.10167940544162656
3000000,-17.5,-0.8704919160377435,0.23470167060427982,0.09752842497529444
3000000,-17,-0.8538012189582457,0.22799402948706135,0.09342766865265446
3000000,-16.5,-0.837392452289036,0.22094380488498816,0.08939083836139147
3000000,-16,-0.8212966230786753,0.21350518516638156,0.08544021798378908
3000000,-15.5,-0.8055640893028491,0.20564998201190504,0.08160600712158467
3000000,-15,-0.7902570477699411,0.1974021877611815,0.07792516613707884
3000000,-14.5,-0.7755168262864152,0.18893049196795694,0.07449081250994376
3000000,-14,-0.7617265490054439,0.18091553189185325,0.0717247245187468
3000000,-13.5,-0.748369424381709,0.17601368058370156,0.07060641902056472
3000000,-13,-0.7279380119864496,0.17850749908902905,0.06920731399306276
3000000,-12.5,-0.7014591904829698,0.16498725432886557,0.05713760045298435
3000000,-12,-0.7623520141319584,0.09508551114379081,0.029038728126766982
3000000,-11.5,-0.9808442403441807,0.03859034193808188,-0.0031191870437926256
3000000,-11,-1.1059903701246827,0.022268851462584636,-0.02119558883629137
3000000,-10.5,-1.0479575639962364,0.019405829396120497,-0.024312931503673682
3000000,-10,-0.9711981866919404,0.017726238516308453,-0.024350616671969107
3000000,-9.5,-0.9128143623165748,0.015898258706349182,-0.02416774625680028
3000000,-9,-0.8616213625979201,0.014278228557663999,-0.023804657427927773
3000000,-8.5,-0.8111217000262945,0.012943702326853183,-0.023351293404259992
3000000,-8,-0.759737695886228,0.011844304805226151,-0.022904551244800737
3000000,-7.5,-0.7072459100100366,0.010926072826296635,-0.02250368305112989
3000000,-7,-0.6536916304024458,0.010157593515934982,-0.022170221819657315
3000000,-6.5,-0.5992581584939997,0.00952357814544525,-0.021927053722069625
3000000,-6,-0.5442287629124054,0.0090059057703324,-0.021781791864678362
3000000,-5.5,-0.48890013978853253,0.00858377165892287,-0.0217217951763783
3000000,-5,-0.43349411719547654,0.008238878329130665,-0.021719353862204523
3000000,-4.5,-0.3781121874084464,0.007956336773458137,-0.02173534522377956
3000000,-4,-0.32273690770814834,0.007725800684568018,-0.021727881268106947
3000000,-3.5,-0.2672550237415006,0.007543051821145212,-0.021673889071560596
3000000,-3,-0.211492522797381,0.007403107317528193,-0.02157489076524883
3000000,-2.5,-0.15533302967518903,0.007297425315296262,-0.021424061097947113
3000000,-2,-0.09887699463732796,0.0072209642766366735,-0.021254668846883096
3000000,-1.5,-0.04240472566711975,0.007168411538488831,-0.021162250102744872
3000000,-1,0.013866562761617629,0.007137081857911352,-0.021167621999377252
3000000,-0.5,0.07003897017927294,0.007136949945278073,-0.021196878075506465
3000000,0,0.1261560098923845,0.007171073193012879,-0.0211809486590639
3000000,0.5,0.18171147347192687,0.0072156542460644025,-0.02118841244246444
3000000,1,0.2367072909172765,0.007243981167784529,-0.021342383571679273
3000000,1.5,0.2925547201848613,0.0072892892251683215,-0.021574022671618124
3000000,2,0.3492110524932253,0.0073619642797551335,-0.021751589122862795
3000000,2.5,0.40610068683102835,0.007424852886908223,-0.021764277493104556
3000000,3,0.462993525171778,0.007454276831383603,-0.021634231978934278
3000000,3.5,0.5194026333882656,0.007453107204719271,-0.02141647200483824
3000000,4,0.5749761086848834,0.007475257768943875,-0.021233902918350336
3000000,4.5,0.6296715798613549,0.007568522863711955,-0.021110931081939906
3000000,5,0.683974675162646,0.007720941880191767,-0.021019363288399352
3000000,5.5,0.7381699692743922,0.00793297369467888,-0.020806399814236202
3000000,6,0.7921503003599523,0.008227724368872954,-0.020443855699171343
3000000,6.5,0.8459479787313351,0.008611659077951871,-0.020052791115600547
3000000,7,0.8996191630873003,0.00907774540740165,-0.019711433377610808
3000000,7.5,0.9530922212701578,0.009619233608074372,-0.019416064717501208
3000000,8,1.0062364320358395,0.01023079649593183,-0.019129755069022078
3000000,8.5,1.0589338380124285,0.01090902990505751,-0.01881589203649152
3000000,9,1.111088331263483,0.011665571243605538,-0.018439831129609834
3000000,9.5,1.1626203323944295,0.012520253747247943,-0.01798159068259136
3000000,10,1.2134441960424023,0.013485795199198465,-0.017445276911172387
3000000,10.5,1.2634200010374987,0.01457432211032338,-0.016852678076931225
3000000,11,1.3123248681965864,0.015802511821483147,-0.016227330346554224
3000000,11.5,1.3598337681003911,0.017194562489646265,-0.015575599440928702
3000000,12,1.4054728424365972,0.018782640249572158,-0.014884947686437803
3000000,12.5,1.4485446598672003,0.020607681780165685,-0.014129208789542567
3000000,13,1.4880681209785425,0.022723564460040983,-0.013275081237518992
3000000,13.5,1.5228474559835925,0.025205628441417747,-0.012294382249884666
3000000,14,1.5517655946258042,0.028165191760966483,-0.011192000908910295
3000000,14.5,1.5739032441294771,0.031789443379707946,-0.010084250713094404
3000000,15,1.5865294656107414,0.03655576665256,-0.009525303018222162
3000000,15.5,1.5739966812668134,0.04477818988268521,-0.011931095817100732
3000000,16,1.4701024819190227,0.07136723039691528,-0.0255314166030108
3000000,16.5,1.2097917252177217,0.14881202234135024,-0.05765170052957337
3000000,17,1.046532047164675,0.20146748131902975,-0.09369287357279109
3000000,17.5,1.0441628470448259,0.21056011122309568,-0.11110643741222509
3000000,18,1.049926201624248,0.22204227853800293,-0.11596899042764837
3000000,18.5,1.0590571149896064,0.2338567835580928,-0.12130355188973595
3000000,19,1.0709460077561397,0.2445664873689185,-0.12717776344954776
3000000,19.5,1.0840535287774402,0.25423230229854205,-0.13299769461339211
3000000,20,1.098295474855378,0.26290094976930717,-0.1386595368396741
3000000,20.5,1.1136351459862497,0.27070324587381944,-0.14414220717621137
3000000,21,1.1297613527460921,0.27785080326509415,-0.14943032132587725
3000000,21.5,1.146263134585398,0.28455484369302436,-0.15452187344941432
3000000,22,1.1627865576458147,0.2909747701378445,-0.15943006062405518
3000000,22.5,1.1790915646404503,0.2972068137646665,-0.164176767991793
3000000,23,1.195046725117447,0.3032950156810019,-0.16878563095926077
3000000,23.5,1.2106005132080484,0.30924934730116804,-0.1732777002800379
3000000,24,1.2257505162354452,0.3150626539170857,-0.17766961924242977
3000000,24.5,1.2405190077778683,0.32072310188197556,-0.18197341534105557
3000000,25,1.2549364652953277,0.32622150519477927,-0.18619711810091927
3000000,-20,-0.9601071107109685,0.26641122882874896,0.11839431950033608
3000000,-19.5,-0.9420129751792758,0.26072057383438346,0.11424289107392299
3000000,-19,-0.9240574613232861,0.25488771104116087,0.1101014330542703
3000000,-18.5,-0.9063154002198219,0.24888630130709313,0.10597807730376135
3000000,-18,-0.8888209828970879,0.24268172699065793,0.10187788606387253
3000000,-17.5,-0.8715775807179593,0.23623303498354614,0.09780264575600832
3000000,-17,-0.8545888539074484,0.2294947929349067,0.09375483507092158
3000000,-16.5,-0.837886594138224,0.22241765700132257,0.08974314954139545
3000000,-16,-0.8215376757640122,0.2149502598264654,0.08578507201038131
3000000,-15.5,-0.8056341988222997,0.20704849762486544,0.0819041408360969
3000000,-15,-0.790283170140837,0.19869991559729624,0.07812485202956833
3000000,-14.5,-0.7756229576906721,0.18997343055882573,0.07448258181369577
3000000,-14,-0.7619028975771613,0.1811202312198662,0.07110371035541821
3000000,-13.5,-0.749450992150299,0.17283086191870223,0.06838170563942801
3000000,-13,-0.737537098602518,0.16675244247486964,0.06673839453462986
3000000,-12.5,-0.7222908735969453,0.16495756612355783,0.06522832124658277
3000000,-12,-0.7002310331537486,0.1631444251697622,0.060608677145845974
3000000,-11.5,-0.6887241442608807,0.13658354463169164,0.04766856902269498
3000000,-11,-0.761079816216865,0.07608752900860827,0.023191432113310963
3000000,-10.5,-0.9337932929244559,0.03285421459525879,-0.004734175846548736
3000000,-10,-0.991990492937544,0.01985285363763943,-0.019733818080379186
3000000,-9.5,-0.930029752060258,0.01673460167353335,-0.023312374404571654
3000000,-9,-0.8637827913926621,0.014827913840360148,-0.02428349823811562
3000000,-8.5,-0.8074946463511946,0.013124799682972872,-0.024557148321605847
3000000,-8,-0.7545068332866152,0.011685165146900028,-0.024447031465010222
3000000,-7.5,-0.7017730012301813,0.01050081204634621,-0.024129938316883207
3000000,-7,-0.6485552483468093,0.009540573737848128,-0.02368169015153137
3000000,-6.5,-0.5948738464396994,0.008788088038262053,-0.023124758829069895
3000000,-6,-0.5409130477261683,0.008224122840918889,-0.02249505859314978
3000000,-5.5,-0.48665580233014955,0.007817882078382937,-0.021911615102805395
3000000,-5,-0.43191876253169154,0.007522619924520806,-0.02150003166182961
3000000,-4.5,-0.37669961096140453,0.0072830047661783266,-0.021240365877061795
3000000,-4,-0.32106049485274774,0.007064841231398397,-0.021070657688001152
3000000,-3.5,-0.2650183502574547,0.006863494871606104,-0.02099013578295226
3000000,-3,-0.2087089794445343,0.006687045031678122,-0.020990047810944733
3000000,-2.5,-0.15233110835655306,0.006547887801491778,-0.021048437025129707
3000000,-2,-0.09611482548349543,0.006454597362453067,-0.02112865891583795
3000000,-1.5,-0.04025762669591171,0.006410940924789071,-0.0211500066130037
3000000,-1,0.015444558219136095,0.006425723067230159,-0.021057499556972697
3000000,-0.5,0.07121825081789854,0.006462469208105857,-0.020916924995999234
3000000,0,0.1262470570316423,0.006429821891818859,-0.020960102329420843
3000000,0.5,0.18178367383233146,0.006333954255052642,-0.021349564231516533
3000000,1,0.23963491424383154,0.006280130002718624,-0.021790068650593294
3000000,1.5,0.2957564683107812,0.006112597044165052,-0.021580979150785717
3000000,2,0.34899525220850414,0.005900788146374449,-0.021270294718183296
3000000,2.5,0.40218752191971996,0.0057787686455614854,-0.021212708615031103
3000000,3,0.4567910861370989,0.005810210463185255,-0.020867461153176635
3000000,3.5,0.5130574128702596,0.0059803800570387596,-0.020537782224392398
3000000,4,0.5701033874817901,0.006234418362416222,-0.02042337144665722
3000000,4.5,0.6267540773770159,0.006548785420048967,-0.020381589169153988
3000000,5,0.6824020629436879,0.006917612303455941,-0.02031040901942339
3000000,5.5,0.7371728507038449,0.00732808968890735,-0.0201771756928817
3000000,6,0.7915824664977704,0.007755713734737547,-0.019983069429619502
3000000,6.5,0.845689549645346,0.008199476598370848,-0.019731347737049824
3000000,7,0.8992469101312629,0.008678982845308596,-0.019423527725972094
3000000,7.5,0.952185281699237,0.009206474230714795,-0.019063761130547762
3000000,8,1.0045663581488893,0.009783242505281245,-0.018661362128000215
3000000,8.5,1.056466083053386,0.010410924983135256,-0.018226971819979683
3000000,9,1.1079360027080538,0.011108051234157335,-0.01775812330469291
3000000,9.5,1.1589750535534313,0.011894115020793227,-0.017248692224412072
3000000,10,1.2095181465964202,0.01278047551389741,-0.016696220020509404
3000000,10.5,1.2594521914048586,0.01377898863576162,-0.01610837167834286
3000000,11,1.308635497725874,0.014905154323890167,-0.01549285075661445
3000000,11.5,1.3568831684227531,0.016179958041284852,-0.01484240749388597
3000000,12,1.4039128715104523,0.017629800439147386,-0.014133224425960815
3000000,12.5,1.4492573379702165,0.019287246466082743,-0.013326044072009054
3000000,13,1.4921467965151183,0.021194527676894597,-0.012368285155154706
3000000,13.5,1.5314059284728887,0.023410899502855374,-0.011203541797692815
3000000,14,1.5654673258193685,0.02602554431295439,-0.009799322595431866
3000000,14.5,1.592477217611382,0.029187132873449588,-0.008219530422918913
3000000,15,1.609723226761707,0.033231444902195324,-0.00686923130613801
3000000,15.5,1.6091169188607188,0.03943759963439679,-0.007393985128090956
3000000,16,1.5559075306137138,0.05507733860439292,-0.015175016682885118
3000000,16.5,1.361455800005061,0.1087055433156071,-0.03950807928021485
3000000,17,1.1045350744428297,0.18368530297189925,-0.07615737572051574
3000000,17.5,1.0543830092760942,0.20240465257189327,-0.10436482359757322
3000000,18,1.0596528317881275,0.21152885507926142,-0.11228929166972372
3000000,18.5,1.0656992491579564,0.22341482444493363,-0.11759876897336614
3000000,19,1.075710333264274,0.2348650852206313,-0.12383612484652108
3000000,19.5,1.0871708896697816,0.24569335527531402,-0.13003800786607922
3000000,20,1.0996165923347143,0.2557756409427784,-0.13598101024816797
3000000,20.5,1.1133915963189223,0.26494362089211543,-0.14167813843113725
3000000,21,1.1285526178243843,0.2731834062158583,-0.14715236786556035
3000000,21.5,1.1448052835857148,0.2806271010370347,-0.15241970145924458
3000000,22,1.161716814295909,0.28746941161074124,-0.15749925616785018
3000000,22.5,1.1788787510347407,0.29389928373229374,-0.16241453179482856
3000000,23,1.1959787653971117,0.3000650220081714,-0.16718969315946672
3000000,23.5,1.2128125601139241,0.30606524277914926,-0.17184603018028927
3000000,24,1.2292673706008037,0.31195417720158486,-0.17640016796239782
3000000,24.5,1.2452966321115602,0.31775268285051994,-0.18086383393125266
3000000,25,1.2608955151066166,0.3234599501350455,-0.18524457296459584
3000000,-20,-0.9564919377925134,0.26685163888395835,0.11679552180546783
3000000,-19.5,-0.9384433218861327,0.26096339620360787,0.11267159455558508
3000000,-19,-0.9205451791170783,0.2549770503841913,0.10858448402017573
3000000,-18.5,-0.9028602290559649,0.24887494128356677,0.10454111871318156
3000000,-18,-0.8854108229514417,0.2426368155333223,0.10054370173472624
3000000,-17.5,-0.8681879479045709,0.23623953949447718,0.09659030951639348
3000000,-17,-0.8511777018366615,0.2296566325427208,0.0926785011137167
3000000,-16.5,-0.8343844768471076,0.2228584851290197,0.08880931279728306
3000000,-16,-0.8178369954637544,0.21581414620578895,0.08498894820167487
3000000,-15.5,-0.8015812905954232,0.2084946282678085,0.08122753382140524
3000000,-15,-0.7856714683433343,0.2008770531794323,0.07753591213107293
3000000,-14.5,-0.7701640546244769,0.19295039924707433,0.073921814614329
3000000,-14,-0.755115414660448,0.18472772614954222,0.07038682583904321
3000000,-13.5,-0.7405811062589622,0.17627340455934964,0.0669261653775143
3000000,-13,-0.7266279718948343,0.1677397684419372,0.06353400942524667
3000000,-12.5,-0.7133919006174418,0.1593540869525118,0.060212468642504
3000000,-12,-0.7011890025792675,0.15129751886471848,0.056967299999900314
3000000,-11.5,-0.6905728155336579,0.14362522005068679,0.053779758641876445
3000000,-11,-0.6821773014078907,0.13641856483357637,0.050589481399019344
3000000,-10.5,-0.6762308904657244,0.13001309428053362,0.04731325095054613
3000000,-10,-0.6715396822666422,0.12502718418447517,0.04383792124369876
3000000,-9.5,-0.6641286656603249,0.1214876244665748,0.03971685118948906
3000000,-9,-0.6501212765928401,0.11336460116363797,0.03287363197658024
3000000,-8.5,-0.6439539366904086,0.0833497738033802,0.01846699566917278
3000000,-8,-0.6729413824087713,0.04310069837243742,-0.002727654543038754
3000000,-7.5,-0.6852896334303206,0.021660998857980188,-0.018007044723083756
3000000,-7,-0.6468724066939125,0.014060658500019536,-0.02348411411227245
3000000,-6.5,-0.5929648381670692,0.011111602091154797,-0.024558596044067793
3000000,-6,-0.5383525106718048,0.009529893293066955,-0.024445664339682916
3000000,-5.5,-0.48397418018280325,0.008456145664243148,-0.02409202993075893
3000000,-5,-0.42883933384366524,0.007653258937877074,-0.023758110836667512
3000000,-4.5,-0.37260278926885687,0.007028563927148287,-0.02348529840035808
3000000,-4,-0.31593410841640013,0.0065387150157787165,-0.023149311222914703
3000000,-3.5,-0.2599501043304243,0.006168603824263643,-0.022571006395374366
3000000,-3,-0.20489644883397026,0.005911478986890028,-0.021810573418019726
3000000,-2.5,-0.14990104247695338,0.005742180952268159,-0.021181987293255697
3000000,-2,-0.09443120008250186,0.005619224056720798,-0.02076530784052426
3000000,-1.5,-0.038452767511515024,0.005524765231594516,-0.02047787319151855
3000000,-1,0.017189883841704584,0.005412808382571632,-0.020554546854978224
3000000,-0.5,0.07184809246633142,0.005162033033498489,-0.021172814702499283
3000000,0,0.12947099961670303,0.004767850122879189,-0.021132376437427835
3000000,0.5,0.18217412100730285,0.0042876790262100966,-0.02041098836749425
3000000,1,0.23442268964450488,0.004174797489863129,-0.020099510613467465
3000000,1.5,0.2904648647222824,0.004338284025304371,-0.01974530200725901
3000000,2,0.34833065021968146,0.004597958509189322,-0.020076989665269544
3000000,2.5,0.40573762996395435,0.004921769348058823,-0.020481384641857534
3000000,3,0.46117244041684796,0.005314203861409303,-0.020500663222062093
3000000,3.5,0.5158557416091628,0.005693823283505835,-0.020403628949406484
3000000,4,0.5710495689452835,0.006032589603048302,-0.020245407922540776
3000000,4.5,0.6266222276846458,0.006363260680014463,-0.02005391919740631
3000000,5,0.6821357029812247,0.0067170186983304845,-0.019871850630969506
3000000,5.5,0.7371094389531295,0.007115239138876945,-0.019698881015596574
3000000,6,0.7912443091947761,0.007570846587942107,-0.01950636529908478
3000000,6.5,0.8448270169161,0.008073564011094984,-0.019274858504065347
3000000,7,0.8983511600063,0.008598959001157463,-0.019003427550744734
3000000,7.5,0.9517074957457144,0.00915070729958463,-0.01868920215117385
3000000,8,1.004562841636204,0.009745664476991765,-0.018332741813475526
3000000,8.5,1.0568173523015716,0.010391863510622249,-0.01793888239415344
3000000,9,1.1085213828339633,0.011106881891521283,-0.017499131830646216
3000000,9.5,1.1597315704688351,0.011907124487972081,-0.017002704591044027
3000000,10,1.2104444504672238,0.01279898066620522,-0.016446361583508803
3000000,10.5,1.2606024699266387,0.013789407778486334,-0.015842888622986457
3000000,11,1.3101228377534198,0.014889128256797479,-0.015210454166755786
3000000,11.5,1.358883892496801,0.01611400973649538,-0.014554030721986796
3000000,12,1.4066602572966154,0.017484547048892168,-0.01386000954904083
3000000,12.5,1.453017950953353,0.01902652753605439,-0.013093505402936991
3000000,13,1.4971677365515204,0.020774915379923098,-0.012197155342100715
3000000,13.5,1.5377933478484385,0.022782896890663103,-0.01109870383045544
3000000,14,1.5728897412607714,0.025141899778894437,-0.009745174762132727
3000000,14.5,1.599583627806699,0.02803729032491441,-0.008224001464837209
3000000,15,1.6137276468965684,0.03194496794329786,-0.007156571734239328
3000000,15.5,1.6080488472658825,0.03845117623887389,-0.008574819088533053
3000000,16,1.5617423723133885,0.05445027682444408,-0.017021362262121382
3000000,16.5,1.4125842802402724,0.09989246419213121,-0.03822361096435666
3000000,17,1.1587125283356297,0.1637899978083572,-0.07125776039873145
3000000,17.5,1.081187020653425,0.18825677471040972,-0.0991240425749538
3000000,18,1.0757451443162362,0.2011563954901505,-0.10751059436401755
3000000,18.5,1.0739553659893186,0.21555264945769784,-0.11350493740730622
3000000,19,1.0793597274944564,0.2284555170458135,-0.12038982225502873
3000000,19.5,1.0885966317658589,0.24003710889122337,-0.12717972314509196
3000000,20,1.0998447894771723,0.2506457708804765,-0.13360831777520957
3000000,20.5,1.1127159425079312,0.26035473648235996,-0.13967335552980598
3000000,21,1.1270629663103287,0.26918970542499004,-0.14540462526894884
3000000,21.5,1.1425851406115748,0.2772487788502349,-0.15083400871214142
3000000,22,1.158882073224113,0.2846890316254411,-0.15600072315922747
3000000,22.5,1.175579419389204,0.2916746240539323,-0.16095010386768932
3000000,23,1.1923940784786067,0.298340504192905,-0.16572721728371956
3000000,23.5,1.2091397986222527,0.30478076963728085,-0.17037137638922173
3000000,24,1.2257052619065787,0.31105256578982465,-0.1749135545316471
3000000,24.5,1.2420280348133488,0.31718551405594114,-0.17937612690286162
3000000,25,1.258074080338746,0.3231910089714571,-0.18377386661030784
5000000,-20,-0.9548948968208519,0.2660670549050344,0.11828361014859105
5000000,-19.5,-0.9373163172727333,0.26048502846042015,0.11384508163530009
5000000,-19,-0.9199010426508433,0.2546926880220953,0.10941184105734159
5000000,-18.5,-0.9026757732663003,0.2486138263349854,0.10501004664046582
5000000,-18,-0.8856298073438451,0.24216312272466572,0.10066427489927572
5000000,-17.5,-0.8687408667139153,0.23525999171514467,0.09640032223415022
5000000,-17,-0.8519897755335588,0.22784667395490765,0.09225148780230923
5000000,-16.5,-0.8353616996187007,0.21992457649420022,0.08827262631728995
5000000,-16,-0.8189181352142849,0.21165895514474828,0.08463113230920753
5000000,-15.5,-0.8029916350742843,0.20390036512448445,0.08205249659749067
5000000,-15,-0.7855441748948293,0.20113216472822015,0.08171015321029025
5000000,-14.5,-0.7484577019384201,0.20971475181697197,0.07336196401700144
5000000,-14,-0.7718151468535964,0.15082049871856804,0.03929339079860004
5000000,-13.5,-1.0368731229672614,0.057099377595198966,0.0011486698678421876
5000000,-13,-1.2468440149866407,0.02916843119466896,-0.020386554937857435
5000000,-12.5,-1.2512734091695674,0.023793256760795627,-0.02544963571235218
5000000,-12,-1.1805817081218821,0.021946826925324115,-0.025332604419100114
5000000,-11.5,-1.1165741814212173,0.019923907884223598,-0.02506989023861344
5000000,-11,-1.064943673594231,0.017822868796781275,-0.024920587221078566
5000000,-10.5,-1.0174151051039302,0.015971738832857137,-0.02465036090287749
5000000,-10,-0.9694185432369968,0.014427149939018119,-0.024262646127905206
5000000,-9.5,-0.9199701387077488,0.013133141062832428,-0.023835686621132786
5000000,-9,-0.8692362818630568,0.01203643559326097,-0.023427558622532225
5000000,-8.5,-0.8173869502075601,0.011108024972750838,-0.023063637515636146
5000000,-8,-0.7644827854256926,0.010327526926705712,-0.02274186112224341
5000000,-7.5,-0.7106421765561555,0.00966630332671544,-0.022449317494425265
5000000,-7,-0.6560885426896106,0.00910155993177392,-0.02218977952834416
5000000,-6.5,-0.6010758494263513,0.008624817120720794,-0.02198916944749448
5000000,-6,-0.545816015212996,0.008226866208544079,-0.02186395585126629
5000000,-5.5,-0.4904401870135739,0.00789559969925276,-0.02180518173456031
5000000,-5,-0.4349925875971998,0.007619515806777701,-0.021784118026988233
5000000,-4.5,-0.3794502224024265,0.0073904102092419224,-0.02177079141536955
5000000,-4,-0.3237527855520566,0.007201167022633243,-0.021748467580079957
5000000,-3.5,-0.26785858393110396,0.007042021690987209,-0.021692019273883097
5000000,-3,-0.21182284747821561,0.006906256037375006,-0.021569251633878836
5000000,-2.5,-0.15573139332463465,0.0067943854752199025,-0.02142083820682502
5000000,-2,-0.09950846669940874,0.00671136691910314,-0.021330547935951037
5000000,-1.5,-0.04301939503414323,0.00666033895377929,-0.02132613314450617
5000000,-1,0.013623886107460181,0.0066392355411111215,-0.02135527108452295
5000000,-0.5,0.07012952314457396,0.006653495683439019,-0.02133910340706611
5000000,0,0.12626578119579857,0.006708402511400124,-0.021277115312488777
5000000,0.5,0.18196317809062096,0.006774519363656711,-0.02125123721521151
5000000,1,0.23732881374123938,0.006806798081632512,-0.021329690721638903
5000000,1.5,0.29306906045832676,0.006813331128305246,-0.021481728675611936
5000000,2,0.34981765986272895,0.0068478897212224145,-0.02162989421056575
5000000,2.5,0.40684493023463636,0.0069131960786588025,-0.021707581269407965
5000000,3,0.46376681325513736,0.006991073088628674,-0.021669400891338328
5000000,3.5,0.5204613533054856,0.007075405399810094,-0.021565025057165937
5000000,4,0.5765403565962939,0.007168710890340935,-0.021422023486624073
5000000,4.5,0.6320201355954597,0.0072796714966095535,-0.021312150470396234
5000000,5,0.6872072342197304,0.007416309221250518,-0.02123372887991894
5000000,5.5,0.7419937161775824,0.007590096367820312,-0.021169467983509754
5000000,6,0.7962306261562161,0.007809953238811727,-0.021103279529728187
5000000,6.5,0.8499110739998583,0.008092015851956614,-0.0209299345663316
5000000,7,0.9031529902680406,0.008450563889625786,-0.020601814866613093
5000000,7.5,0.9562069299934035,0.00888773551906846,-0.02018990502863798
5000000,8,1.0092747835802816,0.009397700634413385,-0.019778265645286855
5000000,8.5,1.0623908324050098,0.0099721074459504,-0.019402428775961263
5000000,9,1.1154229277063359,0.010614462249705322,-0.019044640161629708
5000000,9.5,1.1681590954490637,0.011340360936477546,-0.018666810005679553
5000000,10,1.2203808467340382,0.012158655978094136,-0.01824610512305076
5000000,10.5,1.2718531606282257,0.013075488198693426,-0.017779616842399055
5000000,11,1.322312212759805,0.014100396297255192,-0.017274095030741034
5000000,11.5,1.371477992839389,0.015249581051956958,-0.016726824404469764
5000000,12,1.4190472613775986,0.01654583091290081,-0.0161238720880374
5000000,12.5,1.4646533365534993,0.01801734837461624,-0.01544523906011192
5000000,13,1.5077927486292109,0.019698299754529188,-0.014667269112106425
5000000,13.5,1.5477436746737092,0.021631873582060347,-0.013764070426800244
5000000,14,1.5835540042205611,0.023876062185221952,-0.012711747199344302
5000000,14.5,1.6141823528865435,0.026513169504573574,-0.011501344343285976
5000000,15,1.63860434667271,0.029674234949906914,-0.01018480045420777
5000000,15.5,1.6548708270230186,0.03364666304308134,-0.009070221098002613
5000000,16,1.6555011716135573,0.039416424557567,-0.009439845423465048
5000000,16.5,1.6122309062057094,0.05180778756209543,-0.015337436773839232
5000000,17,1.4559591952422304,0.0931940481350783,-0.03474917429049289
5000000,17.5,1.1946260182193356,0.17612604788627706,-0.06708445502587129
5000000,18,1.063475828900394,0.2181230860450753,-0.10084527095377457
5000000,18.5,1.0670625223580392,0.22519629046631096,-0.11879925991324199
5000000,19,1.0755758688493224,0.23587553055543198,-0.12353845611530435
5000000,19.5,1.0862545085691142,0.2474324821473116,-0.128730415311781
5000000,20,1.0995639973560931,0.25780511665596434,-0.13479217746583427
5000000,20.5,1.1138981359465525,0.2669630478178728,-0.14081584805751612
5000000,21,1.1290081665391354,0.27503823007343703,-0.14660942921959025
5000000,21.5,1.1448594878186722,0.28221738294850746,-0.1521685606488892
5000000,22,1.1612051814140467,0.28873963891404036,-0.15750185565185082
5000000,22.5,1.1776877745778869,0.294836714003446,-0.16261512765309905
5000000,23,1.1939864093432457,0.30068575448563994,-0.1675185234705245
5000000,23.5,1.2098823722516858,0.3063960048292867,-0.17222825856448484
5000000,24,1.2252627975318078,0.31201776733291947,-0.1767643467309817
5000000,24.5,1.2400967893828125,0.31756026859237907,-0.18114766470742458
5000000,25,1.2544053415129546,0.32301012246815797,-0.18539770469655867
5000000,-20,-0.957675980554279,0.2696910148414001,0.118646476694905
5000000,-19.5,-0.9397954248326078,0.2640896871411547,0.11428620141194716
5000000,-19,-0.9220699183961258,0.25821039070395824,0.10992483190918606
5000000,-18.5,-0.9045163749156304,0.25197040788205727,0.10557633317705119
5000000,-18,-0.8871414745688099,0.24528340491601575,0.10125548020414447
5000000,-17.5,-0.8699691335887592,0.23806802557895249,0.09698347234446085
5000000,-17,-0.8530493060401176,0.23026143057392764,0.09279292430853185
5000000,-16.5,-0.836456294169923,0.22185515829681554,0.08873811153883548
5000000,-16,-0.8203391865388798,0.21298480378126286,0.08496434704057872
5000000,-15.5,-0.8050540897648668,0.2042290897326239,0.08200635655766476
5000000,-15,-0.7898948258927818,0.19796968742723214,0.08091469938497249
5000000,-14.5,-0.7647763984032956,0.2006385642404848,0.07824175266462848
5000000,-14,-0.7293646298097869,0.19893118826785128,0.062074701131061706
5000000,-13.5,-0.7868383860182766,0.13373846932272804,0.03424495954508591
5000000,-13,-0.9753122651751758,0.062122998056500615,0.006024797838069732
5000000,-12.5,-1.149784318803172,0.03176897705519916,-0.014804935250288753
5000000,-12,-1.1923526558050026,0.022810455039564498,-0.023930627756812487
5000000,-11.5,-1.1388777678652438,0.020067672680319393,-0.0256152358170798
5000000,-11,-1.0719752059245566,0.018150595731302507,-0.0256590221547506
5000000,-10.5,-1.014907143192763,0.016202851930001774,-0.02561939627755567
5000000,-10,-0.9637837596818725,0.01440243031336578,-0.025465682183284086
5000000,-9.5,-0.9139330835003467,0.012856162876734486,-0.025153487193279454
5000000,-9,-0.8636125204698288,0.011561481813725589,-0.02472743774569097
5000000,-8.5,-0.8124871808856636,0.010491464167384132,-0.024217024587993397
5000000,-8,-0.7605782181999461,0.009621835871683611,-0.02361473496748889
5000000,-7.5,-0.7079666836241016,0.008923324989349151,-0.022922916678739868
5000000,-7,-0.654645951414657,0.00836972882252519,-0.022229394137897655
5000000,-6.5,-0.6004889200506791,0.007941147229615378,-0.021695522768106986
5000000,-6,-0.5455267623907332,0.007602624044072242,-0.021382208965113017
5000000,-5.5,-0.49001851365297155,0.0073138009713777236,-0.021207257448134138
5000000,-5,-0.43412971999035976,0.007054296456482731,-0.021120005336799967
5000000,-4.5,-0.37798357028386026,0.006819931922938491,-0.02111765674174201
5000000,-4,-0.3218035568185026,0.006610963324894448,-0.021172965430921956
5000000,-3.5,-0.26577665095179953,0.006432591994213457,-0.021249495938299934
5000000,-3,-0.20990241386225184,0.006294150507241568,-0.021319152175744604
5000000,-2.5,-0.1539658952802445,0.006202854142466174,-0.02135510976894873
5000000,-2,-0.09768866059720732,0.006161112174208554,-0.021345219361122207
5000000,-1.5,-0.041025201515035775,0.006153567223140475,-0.021290787791632296
5000000,-1,0.015653127669828015,0.006155567934501799,-0.021146861329824
5000000,-0.5,0.07184958042914782,0.006162536351446812,-0.021012589005501927
5000000,0,0.12726182122782387,0.006157523491600222,-0.021090244869275555
5000000,0.5,0.1819741110417945,0.006109949876685239,-0.02138796975291772
5000000,1,0.23794472893333615,0.0060989595941171966,-0.021679066058612275
5000000,1.5,0.2948485517526499,0.006149808421390971,-0.021796357836361933
5000000,2,0.3509072271493937,0.0061059251539719184,-0.021654955624281862
5000000,2.5,0.40612032550777244,0.005952015896790389,-0.021506250320150272
5000000,3,0.461100276471547,0.005818949198440229,-0.02151386466806103
5000000,3.5,0.5163079028301318,0.005761494848397406,-0.02153658290306693
5000000,4,0.5714814388384479,0.005842775675623414,-0.021183361614980807
5000000,4.5,0.6268831559162165,0.006056294329547609,-0.020807373175242713
5000000,5,0.6824964225566607,0.00635858190318696,-0.020620847206774887
5000000,5.5,0.7382386403433667,0.006701844382088675,-0.020546172813734186
5000000,6,0.7938297999147019,0.007064252338232725,-0.0204803683518825
5000000,6.5,0.8488216147701506,0.007455070635752146,-0.020366347155711593
5000000,7,0.9030660962723236,0.00788408542329783,-0.020183755772327856
5000000,7.5,0.9566230638982772,0.008354928658783019,-0.019926187772471883
5000000,8,1.0095752623841387,0.008868178168383247,-0.01959694473227633
5000000,8.5,1.0619869968160693,0.00942516273768352,-0.0192066990880162
5000000,9,1.1139032255533823,0.010041506725713207,-0.018757865725768406
5000000,9.5,1.1653393966593906,0.010736917615932403,-0.018250919864256435
5000000,10,1.2162710099235932,0.011522299809006984,-0.017692609832028465
5000000,10.5,1.2666319677942193,0.012407000465201072,-0.01710009053323585
5000000,11,1.3163272148720826,0.013402487010406515,-0.016490817577180662
5000000,11.5,1.365232776536701,0.014524617846884483,-0.015865720343082645
5000000,12,1.4131705026694048,0.015793342154204956,-0.01520883248300127
5000000,12.5,1.4598642920267326,0.01723216858403906,-0.0144904222002784
5000000,13,1.5048685161064232,0.0188691004139912,-0.013668721611876473
5000000,13.5,1.5474663765706016,0.02073980913652046,-0.012693399275189771
5000000,14,1.5865782061114961,0.022894246668200485,-0.011515521796959503
5000000,14.5,1.6207526123381104,0.02540932709297093,-0.010111831825234991
5000000,15,1.648147461575044,0.028420547630152275,-0.008548348863002797
5000000,15.5,1.665674744713093,0.03224263506964723,-0.007188211563672969
5000000,16,1.6647896896992436,0.03791550013929565,-0.007354071037960375
5000000,16.5,1.6190212162313617,0.049843544946144985,-0.01276771899527419
5000000,17,1.4736032884508008,0.08600411756829054,-0.030059799212088973
5000000,17.5,1.2313386378575786,0.1649478275209006,-0.05960473627898476
5000000,18,1.0754781406478382,0.21704126325224615,-0.09219447758625271
5000000,18.5,1.068032701376005,0.22287982055381475,-0.11481351451679854
5000000,19,1.0798180407495224,0.22889542756247636,-0.12155775385495171
5000000,19.5,1.0908927623580245,0.23906699755864685,-0.12646096725371256
5000000,20,1.103910140748028,0.2500291120552244,-0.1326151442711296
5000000,20.5,1.1171040164296955,0.2607806477678336,-0.13881710048394882
5000000,21,1.1305593884817513,0.270746008760943,-0.14471561494432347
5000000,21.5,1.144901323811432,0.2796158793951033,-0.15033096858927192
5000000,22,1.1603219687857318,0.2873766329787216,-0.15571878827396876
5000000,22.5,1.1765978488210487,0.2942090152882558,-0.1609118462696507
5000000,23,1.1933424812433069,0.30036193384071647,-0.16592829325868377
5000000,23.5,1.2101805013841096,0.30606989814094726,-0.1707815358077697
5000000,24,1.2268210170016762,0.3115161082166224,-0.17548409026026093
5000000,24.5,1.243071971319053,0.31682404019928523,-0.18004821266358914
5000000,25,1.258828127444305,0.32206341291125024,-0.1844854471490305
5000000,-20,-0.9566948748265863,0.2710861467814588,0.11724778349275518
5000000,-19.5,-0.9387379666712445,0.26534581032797455,0.11306196096581726
5000000,-19,-0.9209661939744211,0.25935607495436225,0.10891166696415157
5000000,-18.5,-0.9033795788542884,0.2530639396147929,0.10479708222452888
5000000,-18,-0.8859836557290119,0.24641467907651754,0.10071701831618936
5000000,-17.5,-0.8688149234834488,0.23935295180747423,0.09667446645126272
5000000,-17,-0.8519410141978953,0.2318257011224951,0.0926790689701422
5000000,-16.5,-0.8354432185923379,0.22379096292856734,0.08874513527336417
5000000,-16,-0.8193964856896739,0.21523615112406036,0.08488703072507539
5000000,-15.5,-0.8038586567230934,0.20621113520985285,0.08111705644961811
5000000,-15,-0.7888835414437922,0.19688200907595627,0.07745780814770244
5000000,-14.5,-0.7745713665017173,0.187590438160637,0.07398503811662566
5000000,-14,-0.7610930968635959,0.1788483303222583,0.07086325368890714
5000000,-13.5,-0.7485101449790781,0.17121446040809551,0.06822812760764581
5000000,-13,-0.7364698051718851,0.1652101399159147,0.065997205687445
5000000,-12.5,-0.7239061008468402,0.16145260062014336,0.06392469230230877
5000000,-12,-0.7084998570963034,0.16018788441427476,0.06149918250691186
5000000,-11.5,-0.6885437519728622,0.15646848640708966,0.05696408178849163
5000000,-11,-0.6791116413533896,0.13044465226771026,0.04595082500276463
5000000,-10.5,-0.7372701632839176,0.07673904428009308,0.02513908075039127
5000000,-10,-0.8602278498634917,0.036528709129229155,0.0013206442790699494
5000000,-9.5,-0.9072495356041479,0.02123876437242231,-0.01388498618827216
5000000,-9,-0.8708116890530148,0.016084813382812622,-0.02021840181468605
5000000,-8.5,-0.81427067319644,0.013580809158328247,-0.02272383717457956
5000000,-8,-0.7577502919693445,0.011833121651592865,-0.023798735709713033
5000000,-7.5,-0.7028798785091536,0.010432031768485955,-0.024217237645793824
5000000,-7,-0.6487173056607312,0.009280817029287505,-0.024274842631484637
5000000,-6.5,-0.5944393984342575,0.008348536973230307,-0.024141892252062983
5000000,-6,-0.5396003404807446,0.0076040752688674666,-0.023910485744883886
5000000,-5.5,-0.48423211398146493,0.007014416068566643,-0.023582559803122637
5000000,-5,-0.42882299497951276,0.006553146452980556,-0.02308385831472698
5000000,-4.5,-0.37390160709705156,0.0062024110999445705,-0.02237066212948912
5000000,-4,-0.3193270841480637,0.005948845505860043,-0.02159959004050109
5000000,-3.5,-0.264322297943859,0.005773447023879175,-0.02105157637028221
5000000,-3,-0.20847581502901133,0.005644668638482568,-0.020771564663409712
5000000,-2.5,-0.1518735038259501,0.005536361931008112,-0.02064174050063261
5000000,-2,-0.09487184025245593,0.005437918366388745,-0.020618040963990565
5000000,-1.5,-0.038127379884866364,0.0053526737566067925,-0.020642625811759924
5000000,-1,0.01768737808546167,0.0052904264197846254,-0.020731188319258374
5000000,-0.5,0.07157952855146862,0.005206260557000579,-0.021082613664306978
5000000,0,0.12633907816853102,0.005085857948086381,-0.021521781794185225
5000000,0.5,0.18496436726298465,0.004932033024927209,-0.021365635802109737
5000000,1,0.2395189487146773,0.004594264634978746,-0.02090625353615974
5000000,1.5,0.29272889630417004,0.004374328178658434,-0.0211470609372669
5000000,2,0.3473400027027214,0.004394669403386735,-0.020953366602235794
5000000,2.5,0.40289079861091226,0.0046257890479697574,-0.020637808654393672
5000000,3,0.45896881351822016,0.004927738913342447,-0.020625437670490458
5000000,3.5,0.5156445088445198,0.005223592990702972,-0.020717046936414917
5000000,4,0.572497825919648,0.005511943789970408,-0.02075560364100949
5000000,4.5,0.6290684003805138,0.005810367020026508,-0.0207334877957213
5000000,5,0.6849758427640038,0.0061364393023551145,-0.02066713501180777
5000000,5.5,0.7399380373199071,0.00650460510710313,-0.020554531548518974
5000000,6,0.794159604259944,0.00691093698031378,-0.020388570363168667
5000000,6.5,0.8482356595067303,0.007330676347800263,-0.02017297975851306
5000000,7,0.9022237097107125,0.007761469157836352,-0.01990811281409069
5000000,7.5,0.9558100886701429,0.008222583240685793,-0.019593194080280076
5000000,8,1.0088748241459105,0.008722752268611652,-0.01923554445415298
5000000,8.5,1.061442283544911,0.009263874552816482,-0.018842585726510586
5000000,9,1.1135576338568676,0.009861453850927392,-0.018406890982054436
5000000,9.5,1.1652326419721417,0.010531236700993638,-0.01791795147236399
5000000,10,1.2164198804396777,0.011280863431412075,-0.017371457574541206
5000000,10.5,1.267029102338561,0.012118048887055059,-0.01677874235990238
5000000,11,1.3169628144723182,0.013053642755712695,-0.016154066098803214
5000000,11.5,1.3661205345442426,0.014103124411871237,-0.015498715462983556
5000000,12,1.4143732138685607,0.015285720096283073,-0.014800245457710347
5000000,12.5,1.4615208752927722,0.016623779886341457,-0.014032975979202056
5000000,13,1.507218766739332,0.018143375733076724,-0.0131574074957782
5000000,13.5,1.5508557557945295,0.01987671545663662,-0.012121456986280121
5000000,14,1.5913971938297022,0.021868108475103665,-0.010867711342812263
5000000,14.5,1.627240355117448,0.02418758145994843,-0.009355449422607257
5000000,15,1.6560815872526375,0.02696587792999266,-0.007628018011929434
5000000,15.5,1.6744795968305934,0.030509900483099654,-0.006037331154765898
5000000,16,1.6758885904214564,0.035749177059832375,-0.005857751028961046
5000000,16.5,1.6437750828640572,0.04612667505176291,-0.01024725102447275
5000000,17,1.5403771850948953,0.07420805440930671,-0.024226442823031567
5000000,17.5,1.3351111868810288,0.13713279593480224,-0.04918673536853567
5000000,18,1.1289732305389202,0.19797253735657078,-0.08018883104102055
5000000,18.5,1.0838539938875735,0.2134904159529108,-0.10690132363969997
5000000,19,1.0926409955558198,0.21971716923495943,-0.1162174582893216
5000000,19.5,1.100406394751488,0.2302460319983635,-0.12126719813216094
5000000,20,1.1113844472601697,0.24148476569329458,-0.1278236211171938
5000000,20.5,1.123299055569682,0.2526716584385235,-0.13464227377046764
5000000,21,1.1353429953884926,0.26350599655307394,-0.14115811382711174
5000000,21.5,1.1480666212556765,0.2736278911145203,-0.14730918404956125
5000000,22,1.1619559667911714,0.28280248109708167,-0.1531304362929837
5000000,22.5,1.1770421486184866,0.29099726556889677,-0.1586575050594945
5000000,23,1.1930393463899314,0.2983319961344271,-0.16392161490145513
5000000,23.5,1.2095579418634,0.3049944280669165,-0.16895427737472377
5000000,24,1.2262418533462691,0.3111748734081366,-0.1737872849509645
5000000,24.5,1.2428249213286242,0.31703073675352117,-0.1784504668227809
5000000,25,1.2591361210712448,0.322674816195201,-0.18296980090346515
7000000,-20,-0.9522563774973545,0.26658927436671354,0.11746776871544923
7000000,-19.5,-0.9347090785960184,0.26095022946131274,0.11284850110064165
7000000,-19,-0.9172552960726671,0.2549881353669542,0.10826177230856868
7000000,-18.5,-0.8998639671906503,0.24860243338152818,0.10374255076419366
7000000,-18,-0.8824773221816365,0.24170989502917095,0.09932829800992406
7000000,-17.5,-0.8650214973625989,0.2342786026961868,0.09507508350527763
7000000,-17,-0.8474649111374573,0.22641051555819455,0.09114695727155932
7000000,-16.5,-0.8300506137081956,0.21872928217582524,0.08826284338653079
7000000,-16,-0.811126271839229,0.2151295161961535,0.08769524046970617
7000000,-15.5,-0.7694666646659075,0.22677326534927275,0.07663960053558322
7000000,-15,-0.825552393533489,0.15751227628881498,0.03441919974393484
7000000,-14.5,-1.1818392078498794,0.0513461091966423,-0.007610785336841578
7000000,-14,-1.3558874142626496,0.029804580432997857,-0.024279877750776106
7000000,-13.5,-1.3262499268773984,0.02624729830621285,-0.025824656054965024
7000000,-13,-1.2625190017330297,0.024111557617974205,-0.02531983933028653
7000000,-12.5,-1.20883959135515,0.02169552501509884,-0.02522390693981501
7000000,-12,-1.1632204223137872,0.019347203870748255,-0.025233171755389
7000000,-11.5,-1.119167587300225,0.017314513041467257,-0.025091689511318585
7000000,-11,-1.073437815343146,0.015618728096083648,-0.024801242125313813
7000000,-10.5,-1.0255107864335935,0.014194668196101592,-0.02443863601141765
7000000,-10,-0.9758534203751664,0.012978091715102467,-0.024061527052976487
7000000,-9.5,-0.9249352198944651,0.011928692484161996,-0.02369909520488924
7000000,-9,-0.8730042917383072,0.011025452409227095,-0.023365583632812457
7000000,-8.5,-0.8201644998974025,0.010256398719999404,-0.02306257592251789
7000000,-8,-0.766495837200181,0.009607795969370295,-0.022779102764156102
7000000,-7.5,-0.7121443334386018,0.00905384356973241,-0.022504384420579424
7000000,-7,-0.657307398506089,0.008574505344927381,-0.02224940149305908
7000000,-6.5,-0.6021618559604287,0.008164719146242925,-0.022045542228255624
7000000,-6,-0.5468251453944292,0.00781754165775549,-0.021908393753963664
7000000,-5.5,-0.4913493783373365,0.007523743770463014,-0.021828658588860378
7000000,-5,-0.43573393176932557,0.007276333624274955,-0.02178876934611739
7000000,-4.5,-0.37995274054459205,0.0070683800013059,-0.021773321634589782
7000000,-4,-0.32400852677931957,0.0068907078829584505,-0.021748125128409325
7000000,-3.5,-0.26799405522479836,0.006736417937378629,-0.021670485483104632
7000000,-3,-0.2120258185676781,0.00660320092973272,-0.021559280497582618
7000000,-2.5,-0.15606188086547412,0.006492835453474624,-0.021472079927890443
7000000,-2,-0.09987936925429544,0.0064105862491591085,-0.02143650087507786
7000000,-1.5,-0.04327518082890533,0.006361657735032215,-0.021438761756298053
7000000,-1,0.013581593824438576,0.006347246782601723,-0.02143546239384293
7000000,-0.5,0.07015406637697155,0.006368704889260405,-0.021395900156494233
7000000,0,0.12623807678924856,0.0064235996552009685,-0.021345335214766146
7000000,0.5,0.1821240163731627,0.006485508929492311,-0.021320571142261914
7000000,1,0.23793131870679676,0.006519354541450428,-0.021348788889940205
7000000,1.5,0.2937779048167654,0.0065216647776684,-0.021445751555408805
7000000,2,0.3503803454424701,0.00653757923693371,-0.021555655875514907
7000000,2.5,0.40749877344366914,0.006594497061078746,-0.02165092127988698
7000000,3,0.4644131285669666,0.0066802507425582905,-0.021678913929565512
7000000,3.5,0.5209896792309924,0.006790215627140442,-0.021631902153957508
7000000,4,0.5771483737122419,0.006922850831786352,-0.021543313378388395
7000000,4.5,0.6329248516590036,0.007064703884706667,-0.021425025298465624
7000000,5,0.6884850271006249,0.00721029964286804,-0.021329987920016582
7000000,5.5,0.7436476326113957,0.007384068977709128,-0.021249092777625267
7000000,6,0.7982350518587217,0.007604979321134314,-0.021166598727827616
7000000,6.5,0.8523098559418036,0.00786817337318106,-0.021100757138550644
7000000,7,0.9059671060335287,0.008176006400868794,-0.020994716255416296
7000000,7.5,0.959241687836938,0.008543964892084303,-0.020752368377322864
7000000,8,1.012275001655715,0.008980956396471507,-0.020372523004687487
7000000,8.5,1.0652538603959507,0.009482846793787894,-0.019929474866735557
7000000,9,1.1182307877146145,0.010049697937227512,-0.01947884889543353
7000000,9.5,1.1711071986132167,0.010694927458335808,-0.019033241263215345
7000000,10,1.2237064154782598,0.011426098811883256,-0.018592201741684584
7000000,10.5,1.2757816132326194,0.012246372349363098,-0.01815401064248226
7000000,11,1.3270261498556841,0.013161323785102982,-0.017714856442669746
7000000,11.5,1.3771229803488854,0.014182623058952615,-0.017255937188470103
7000000,12,1.4257728620825392,0.015328014696232805,-0.01674720829443392
7000000,12.5,1.472685793640204,0.016619665876141495,-0.01615694472304356
7000000,13,1.5175347190308157,0.01808377391111525,-0.015455818363585262
7000000,13.5,1.559872207116399,0.019752014742674004,-0.014617747934910408
7000000,14,1.5990392015469221,0.021665056289379876,-0.01362059425524683
7000000,14.5,1.63414180225285,0.02387832540015351,-0.012447826640456825
7000000,15,1.6641491396911121,0.02647157545406979,-0.011095426397168342
7000000,15.5,1.6878564225099895,0.02957649742232378,-0.00961929965962046
7000000,16,1.7027250653163415,0.033499158516461146,-0.008374271046958655
7000000,16.5,1.7006171248046265,0.03926528035185531,-0.008773550495124497
7000000,17,1.6564393914890192,0.05127331398140072,-0.014581274018843546
7000000,17.5,1.5160434701554983,0.08820669159544933,-0.03213138590726471
7000000,18,1.2705282996444083,0.1669113840953828,-0.06121022606131771
7000000,18.5,1.0938874422471738,0.22193245943157647,-0.09417811209924287
7000000,19,1.0791584964540986,0.23192046173571512,-0.11943713802507454
7000000,19.5,1.0898547701988393,0.24053086114409472,-0.12693988079043247
7000000,20,1.0997458499924821,0.2520519252504313,-0.13146034328517597
7000000,20.5,1.1131999547666014,0.2625353976156767,-0.13750352102851068
7000000,21,1.1280976624750387,0.27161978567197465,-0.14377512559983277
7000000,21.5,1.1435479540549893,0.279544895383189,-0.14978671960467566
7000000,22,1.1594659367136502,0.28654305040563055,-0.15549512818697395
7000000,22.5,1.1757489211141747,0.29284423764431977,-0.16093241061006278
7000000,23,1.192142758144512,0.2986755918254483,-0.1661222299492827
7000000,23.5,1.2083549895834096,0.30422836282241533,-0.17107944932098396
7000000,24,1.2241508664667282,0.3096364142154663,-0.1758185891362482
7000000,24.5,1.239387346057971,0.3149749399342016,-0.18035706822602623
7000000,25,1.2540076357197099,0.3202713885292283,-0.18471477223392854
7000000,-20,-0.9543724475937096,0.27181706820120166,0.1179837466175082
7000000,-19.5,-0.9364619228429789,0.26607789563793305,0.11339397076854629
7000000,-19,-0.918645811294634,0.2598719754656904,0.1088170369142455
7000000,-18.5,-0.9009157454506889,0.2530922516011851,0.10428206297045854
7000000,-18,-0.8832603969641069,0.24566270179785887,0.09982976632913462
7000000,-17.5,-0.8656776968238975,0.2375795101386317,0.0955379224324228
7000000,-17,-0.8482573071813546,0.22901732373971692,0.0916484732304362
7000000,-16.5,-0.8313179461738313,0.22077868046960053,0.08902663536444848
7000000,-16,-0.8122002718121167,0.21689089702797495,0.08829781488510144
7000000,-15.5,-0.7712759398843932,0.22696016596704682,0.07719648998444459
7000000,-15,-0.7862641869757246,0.18719367185094143,0.04317654593225467
7000000,-14.5,-1.0323096406067513,0.07909114668345414,0.006450922552195411
7000000,-14,-1.2582386043500302,0.037258361723560035,-0.017207692174320437
7000000,-13.5,-1.3192017987467475,0.026875785544374267,-0.025827847473072665
7000000,-13,-1.2787506539093108,0.023717556535627453,-0.026962363332377143
7000000,-12.5,-1.2173420094558143,0.021566957906266858,-0.026567522840499205
7000000,-12,-1.1623890514711692,0.019349734356542903,-0.02631086473908565
7000000,-11.5,-1.1138635328004933,0.017210655454739713,-0.02616153522597674
7000000,-11,-1.0671233735038252,0.015323010846575672,-0.025939473655662015
7000000,-10.5,-1.0195611450107123,0.0137201012062556,-0.02560416504446854
7000000,-10,-0.9706121675039696,0.012368462615733,-0.02517386393040703
7000000,-9.5,-0.9205402195190016,0.011228510449886596,-0.024656037321658678
7000000,-9,-0.8696742091062833,0.01027429598047269,-0.02404579353554685
7000000,-8.5,-0.8181334742701586,0.00949138256476598,-0.02335691241775062
7000000,-8,-0.7657861863561154,0.008865963586556926,-0.022661231163465606
7000000,-7.5,-0.7123965716290581,0.008367855271516175,-0.022080419742243867
7000000,-7,-0.6579333896444698,0.007956940945112114,-0.021683726221956863
7000000,-6.5,-0.6026864309403951,0.007600949840029126,-0.02142498091259536
7000000,-6,-0.5469365176956373,0.007281794141337504,-0.02125448485706702
7000000,-5.5,-0.49083099074197445,0.006995711920791604,-0.02118315760804304
7000000,-5,-0.4345744707630906,0.006742425963681846,-0.021205394787757837
7000000,-4.5,-0.3784026805751606,0.0065222953891077564,-0.02128498079519782
7000000,-4,-0.3224486351147799,0.006337920574683004,-0.02138356256531479
7000000,-3.5,-0.26668394450639277,0.006191429330518576,-0.021464143274037416
7000000,-3,-0.21092129211680155,0.006082899010935066,-0.021492784503043885
7000000,-2.5,-0.15485193753617899,0.0060143324491968905,-0.021467149715299054
7000000,-2,-0.0981926605754099,0.005979471568016708,-0.021403151335457192
7000000,-1.5,-0.04114383304731786,0.005962017060479362,-0.021275830874717027
7000000,-1,0.015588085994535872,0.005952290912349259,-0.021168334874045833
7000000,-0.5,0.0718012383224669,0.00595350647865985,-0.02118460187984134
7000000,0,0.12764033635566452,0.005965535397246649,-0.02129145589971863
7000000,0.5,0.18266956783184812,0.0059666215356190995,-0.021416629399592456
7000000,1,0.23761770747884303,0.005961556260983049,-0.02152059564440508
7000000,1.5,0.2940003467763943,0.006003775468300952,-0.02170824787586617
7000000,2,0.3507863527062126,0.006033962097055101,-0.0217676372112382
7000000,2.5,0.40726992562859476,0.005989377164857692,-0.021644068353264715
7000000,3,0.4633236091055592,0.00588864575361234,-0.02154329968012654
7000000,3.5,0.5190363180733,0.005817745805764176,-0.02156817103593281
7000000,4,0.5744486362994028,0.005805691619813183,-0.021713061660476686
7000000,4.5,0.6292013011301264,0.005898077373977991,-0.021568331802483708
7000000,5,0.6838115138853703,0.006101251927115916,-0.021178036527679526
7000000,5.5,0.7390713965769437,0.006369455560079262,-0.0208709105498813
7000000,6,0.794629177599915,0.006683173648201676,-0.020698213662252447
7000000,6.5,0.8498932564803322,0.007041466637842862,-0.0205860154838362
7000000,7,0.9046135748499256,0.0074423945708366815,-0.020464438215306194
7000000,7.5,0.9587332926631805,0.00788480306292003,-0.020288678805554575
7000000,8,1.0122535747333892,0.008368629980784572,-0.020039106448251714
7000000,8.5,1.0651952984108757,0.008893875549682866,-0.019715879506310225
7000000,9,1.1175841439320497,0.009471937313176026,-0.019319521145112706
7000000,9.5,1.1694410955255226,0.010121679745054967,-0.018850885458295764
7000000,10,1.220773564700024,0.010853181532837935,-0.01832064957175626
7000000,10.5,1.2715572406550906,0.01167314537124433,-0.01775130187037486
7000000,11,1.3217335033593312,0.012589377062275236,-0.01716793354627163
7000000,11.5,1.371211087955686,0.013613774151290782,-0.01657827541647174
7000000,12,1.4198507488692285,0.014762388909280298,-0.01597144142803218
7000000,12.5,1.4674414438540906,0.01605453068744469,-0.015322291252835019
7000000,13,1.5136608329541192,0.017512757330902233,-0.014593711837724007
7000000,13.5,1.558005633629302,0.019164250141009663,-0.013739303523211531
7000000,14,1.5996988164920274,0.02104445698613191,-0.012709773767532188
7000000,14.5,1.6376180504363744,0.023204698773679065,-0.011466396875239662
7000000,15,1.6702618859745242,0.025728402369055572,-0.010009583073093686
7000000,15.5,1.6954753439262849,0.02877688946363039,-0.008457844633018092
7000000,16,1.7088694755375053,0.032758234863715,-0.007310350458589101
7000000,16.5,1.6987716413952332,0.038995506104647214,-0.008171087100004349
7000000,17,1.6368011023288087,0.0524633248928301,-0.014831864520565063
7000000,17.5,1.482589126904959,0.09052186376496908,-0.032493143171808195
7000000,18,1.257145917780742,0.16872198151293594,-0.059982164809784626
7000000,18.5,1.0995664079413459,0.2253612086412466,-0.08990634248787938
7000000,19,1.0774407290464851,0.23386188732722663,-0.1152900697282453
7000000,19.5,1.092008834360212,0.2364489004667899,-0.12591504693207164
7000000,20,1.1038491092641554,0.24500543056940233,-0.13015552253271095
7000000,20.5,1.117645784666668,0.2555815271629578,-0.13587699665585656
7000000,21,1.1318915862106373,0.2663135587684364,-0.14218657738132012
7000000,21.5,1.1458728266517735,0.27638457193579696,-0.14825156561742023
7000000,22,1.1601850219832077,0.2853655737323406,-0.15397217667135812
7000000,22.5,1.1752832470153474,0.29315832314864865,-0.15941643866324137
7000000,23,1.191154465542105,0.29990488626532585,-0.1646415137430945
7000000,23.5,1.2075118266505918,0.30585509789693,-0.16967639533863146
7000000,24,1.2240076808426443,0.3112653470767034,-0.17453522977912134
7000000,24.5,1.2403438512718685,0.3163484756326417,-0.17922737412887182
7000000,25,1.2563063091174265,0.3212587573020412,-0.18376175615717555
7000000,-20,-0.9552176204411715,0.2742976135610402,0.11730397240137964
7000000,-19.5,-0.9374944291276219,0.26835446034766974,0.1129938633117696
7000000,-19,-0.9199526403425007,0.2619435390558133,0.10870204001737366
7000000,-18.5,-0.9026154944854573,0.254977665577515,0.10443326249411669
7000000,-18,-0.8855395992854513,0.2473775740651169,0.10019981020902312
7000000,-17.5,-0.8688051735387154,0.23908500299399024,0.09602309976671689
7000000,-17,-0.8524932459397752,0.2300961664145405,0.09193391743043311
7000000,-16.5,-0.8366799373285032,0.22052792852814543,0.08799071156813015
7000000,-16,-0.8214905590960634,0.21073530455997458,0.0843713391142157
7000000,-15.5,-0.8070912419170573,0.2015392399953228,0.08155441357453797
7000000,-15,-0.7926899629113667,0.19464824038817763,0.07997740364913009
7000000,-14.5,-0.7745040306576165,0.19248734442697593,0.07827383947406602
7000000,-14,-0.7493450722352082,0.19469926113196054,0.07358678732629811
7000000,-13.5,-0.7245843262268483,0.1911363659948167,0.0645414055211009
7000000,-13,-0.7260502106230365,0.1612684750794164,0.050364592304324475
7000000,-12.5,-0.7954962525992648,0.10380754404080195,0.03079954940615574
7000000,-12,-0.936796059288085,0.053882420041273055,0.008582815107306244
7000000,-11.5,-1.0568876083469567,0.029612858414859146,-0.009652820783302688
7000000,-11,-1.0738064903123776,0.021055484005917603,-0.018994909118006584
7000000,-10.5,-1.027909173169737,0.017725213087272568,-0.022423307747430263
7000000,-10,-0.9709052407998714,0.01559770464305398,-0.023783544341293716
7000000,-9.5,-0.9160079655213339,0.01380219465387519,-0.024405115276860942
7000000,-9,-0.8631325237074868,0.012238450123855937,-0.024649352524178575
7000000,-8.5,-0.8109035979663654,0.01090176249148528,-0.024673747742929176
7000000,-8,-0.7583869119575106,0.009778233912306577,-0.02456575092655329
7000000,-7.5,-0.7051120130689801,0.008835380368121664,-0.02436360982059773
7000000,-7,-0.6509947972457679,0.00804583288225602,-0.02408285871877005
7000000,-6.5,-0.596227895824297,0.007396437731382884,-0.02372494467338187
7000000,-6,-0.5412095273069969,0.0068734312546480224,-0.023251837601761537
7000000,-5.5,-0.48637486551818443,0.006462773659567072,-0.022619577259427023
7000000,-5,-0.4318092168159338,0.006152494624015612,-0.021891339461995826
7000000,-4.5,-0.3770394290994081,0.005928555264217718,-0.0212873013161561
7000000,-4,-0.32161125073004393,0.005765414805885484,-0.020957865365455405
7000000,-3.5,-0.265594461141191,0.005630206937455707,-0.020794014783576818
7000000,-3,-0.20902260974859016,0.0055083379179361016,-0.020708610983887887
7000000,-2.5,-0.1519286619851044,0.00539982838446208,-0.02072398881595173
7000000,-2,-0.09482951506034865,0.005305028045218422,-0.02082291664134919
7000000,-1.5,-0.03835526208156412,0.005236472673715753,-0.020949256648486334
7000000,-1,0.017328265533721632,0.005214227434150828,-0.02103608105022708
7000000,-0.5,0.0719411785704058,0.005216510445926871,-0.0211352095964598
7000000,0,0.12614815575132454,0.005152371099360583,-0.021340035112830488
7000000,0.5,0.18401514196195812,0.005082140792138715,-0.021561719366811925
7000000,1,0.24171763671041405,0.00490172955483601,-0.021433387125725702
7000000,1.5,0.295849559196809,0.004638101582353913,-0.021509916612204565
7000000,2,0.3492629703506413,0.004500338382347481,-0.02172091991738848
7000000,2.5,0.40273525591361836,0.0045456430339221735,-0.0213033184491419
7000000,3,0.4577721486364255,0.004720609883495667,-0.020876608136413736
7000000,3.5,0.5145753769843682,0.00494987084965195,-0.020768974140961825
7000000,4,0.5720179515265497,0.00520716501609497,-0.02081097652378024
7000000,4.5,0.6292122287926961,0.005490043458820646,-0.020883430403299305
7000000,5,0.685573846242552,0.005806619561355366,-0.020929472108219327
7000000,5.5,0.7409264774316191,0.006161419678281172,-0.020917663871889557
7000000,6,0.7957444629204307,0.006535760799469849,-0.020838381772442887
7000000,6.5,0.850421609994083,0.006911990053491594,-0.020690908786899886
7000000,7,0.9047423417065712,0.0073034171126033715,-0.020472440716812368
7000000,7.5,0.9585153010263132,0.007726564577461967,-0.020186810754116172
7000000,8,1.0117495328306725,0.00818564366740604,-0.0198435643351357
7000000,8.5,1.0644933707535253,0.008681531666523863,-0.01945277546386936
7000000,9,1.1167806354585887,0.00922811974364585,-0.019012318720967886
7000000,9.5,1.1686136700835377,0.009842357101674613,-0.01851563257612041
7000000,10,1.2199451142992488,0.01053342036711261,-0.017960741188060587
7000000,10.5,1.2706853361786217,0.011309370487908954,-0.017359874657458023
7000000,11,1.3207335357485213,0.012180253629776172,-0.016728871904580403
7000000,11.5,1.36999033216929,0.013160038246901498,-0.016069680278692808
7000000,12,1.418346485407839,0.014265868461031063,-0.015370354166221253
7000000,12.5,1.465663200737577,0.01551707121367054,-0.0146074302840939
7000000,13,1.5117322670087752,0.016934930841614085,-0.013746576675972207
7000000,13.5,1.556194470267088,0.01854347943579349,-0.012744053507159453
7000000,14,1.598408673413985,0.020372466354154094,-0.011551806062872831
7000000,14.5,1.6372928776364242,0.02246523247180529,-0.010130072339145996
7000000,15,1.6711606265633896,0.024897777310047584,-0.008477378693528591
7000000,15.5,1.6974439198069657,0.027828934655495276,-0.006714712264155841
7000000,16,1.7117443333962514,0.03165829711339976,-0.005343260698344083
7000000,16.5,1.704696622580025,0.03758894575013426,-0.00586966339448191
7000000,17,1.6549777682287936,0.04976108073810847,-0.01158410451590134
7000000,17.5,1.5289544746624466,0.08153612147472684,-0.02679804910907635
7000000,18,1.3263062712774767,0.14845693968339713,-0.05116760991992644
7000000,18.5,1.1427422706456098,0.211659421486216,-0.07901910812670311
7000000,19,1.086131000371121,0.22984347664594407,-0.10580094551810366
7000000,19.5,1.0991396701127496,0.23083166304903038,-0.12035125522140211
7000000,20,1.1119761199770943,0.23708411995863224,-0.12519488778999685
7000000,20.5,1.125614115735262,0.2465346807612158,-0.130928416580087
7000000,21,1.1397178084618962,0.25711209020848713,-0.13772496333108675
7000000,21.5,1.1527856449503826,0.268007849461738,-0.1443915863622945
7000000,22,1.1654122009355277,0.2785546922877831,-0.1506445008247199
7000000,22.5,1.1785754108730504,0.2882628595757051,-0.15651446502131902
7000000,23,1.1927555450202942,0.2969116699912821,-0.1620709223918713
7000000,23.5,1.2079290345173506,0.30451555183095447,-0.1673651985679965
7000000,24,1.2238091686319381,0.31122774980235,-0.1724323118509459
7000000,24.5,1.2400426626112733,0.3172524970762497,-0.17729846454040332
7000000,25,1.2563146691023022,0.3227885332372628,-0.18198509762729498
10000000,-20,-0.9483461859577804,0.2670181359823622,0.11584525777034303
10000000,-19.5,-0.9304291461604387,0.2611800557888342,0.11104984582657829
10000000,-19,-0.9123863914257198,0.25489696173430804,0.10634160422420705
10000000,-18.5,-0.8941011570025281,0.24810207004491527,0.1017785881697992
10000000,-18,-0.8754621131534537,0.24082424488419704,0.09750907232879198
10000000,-17.5,-0.8566253034240642,0.23343505423742117,0.09418971165578999
10000000,-17,-0.8366896333334508,0.22866082866284654,0.09316018979605797
10000000,-16.5,-0.7948975023978538,0.23995128059630708,0.08147026577454114
10000000,-16,-0.8559359167012586,0.18165230322049625,0.03550224394723762
10000000,-15.5,-1.2825224872605439,0.05273245283099779,-0.011267523124233228
10000000,-15,-1.439814194674545,0.03199138099049382,-0.025906519436931445
10000000,-14.5,-1.3982962841372777,0.028893691693570266,-0.025962128173662113
10000000,-14,-1.3447983442250653,0.02623320147972035,-0.0255228118982457
10000000,-13.5,-1.3006451981635503,0.023417681787321225,-0.025572459508688757
10000000,-13,-1.2605888049045195,0.020847099977363913,-0.02564676703549455
10000000,-12.5,-1.2198188756556583,0.018660672182636052,-0.025550700306159687
10000000,-12,-1.1763386629897155,0.016832026427495386,-0.02530122877143189
10000000,-11.5,-1.1300571008868068,0.015288283676733789,-0.024973641006999274
10000000,-11,-1.0815911746070324,0.01396504207644213,-0.024630384098814125
10000000,-10.5,-1.0315666557982461,0.012818009976091966,-0.024303695963686308
10000000,-10,-0.9804063239971328,0.011818078373147614,-0.023997227062371777
10000000,-9.5,-0.9283530164531671,0.01094575608988883,-0.023699100930643875
10000000,-9,-0.875545864220617,0.010189165745486003,-0.023403378338210917
10000000,-8.5,-0.8220697728607049,0.009541548220963559,-0.023114289018042328
10000000,-8,-0.767986852533326,0.008993942753426692,-0.022832080479432786
10000000,-7.5,-0.7133904727685962,0.008523097564395154,-0.0225536576965859
10000000,-7,-0.6584054709485847,0.00810892090080374,-0.02229025162901641
10000000,-6.5,-0.6031386010352148,0.0077481130489574345,-0.022071285958640982
10000000,-6,-0.5476569107183705,0.007437349199694888,-0.021914287487076314
10000000,-5.5,-0.4919900151052589,0.007171781111995889,-0.02182264069836425
10000000,-5,-0.4361477890363711,0.0069451209673587555,-0.021785091730109896
10000000,-4.5,-0.3801677325504587,0.006749942009193915,-0.021760067816748843
10000000,-4,-0.32415584806713466,0.00658050035744196,-0.021707225610641444
10000000,-3.5,-0.2682184560370384,0.00643288172870619,-0.021641006127519492
10000000,-3,-0.2123376050638505,0.006305267117007424,-0.02159445416605691
10000000,-2.5,-0.15636369090562305,0.006198968599348495,-0.021572396365563462
10000000,-2,-0.10008134476227373,0.006118657193061957,-0.021558825845423787
10000000,-1.5,-0.04336302659558147,0.006071666621738607,-0.021536883518930926
10000000,-1,0.013532409664991307,0.006062664574299419,-0.021502471027186682
10000000,-0.5,0.0700597734654429,0.00608638333880061,-0.02146547058129664
10000000,0,0.12618848343820824,0.006131457112043069,-0.02143174945254009
10000000,0.5,0.18234528384019075,0.006181520983716354,-0.021399874806266417
10000000,1,0.2385952358050065,0.006215922760769536,-0.021383420725368425
10000000,1.5,0.2947229248931651,0.006225294223739636,-0.021417669375460944
10000000,2,0.3511356980096184,0.006234093948575024,-0.021496792053746296
10000000,2.5,0.4081824778393567,0.006280246696716188,-0.02158682667077281
10000000,3,0.4651639621384791,0.006367068254423482,-0.02167350408663429
10000000,3.5,0.5216134691575841,0.006488504436530687,-0.021704893973462723
10000000,4,0.5776681624241686,0.00664087085114987,-0.021667750875231765
10000000,4.5,0.6336230976925892,0.006803955218330335,-0.021581442151758425
10000000,5,0.6893406816780823,0.006971757258049562,-0.021450993206566387
10000000,5.5,0.7445949582633599,0.0071612179721474815,-0.02132762771428056
10000000,6,0.7994452171868883,0.007382221788926055,-0.021231026004192664
10000000,6.5,0.8539487580055434,0.0076425402795141486,-0.02113522396502978
10000000,7,0.9080999558851266,0.007941657515842943,-0.021041482111291764
10000000,7.5,0.9619576373161511,0.00827610996295794,-0.020948819380079347
10000000,8,1.0155548737755216,0.008651723660394288,-0.020791901621447305
10000000,8.5,1.0688634957133512,0.009077239035464979,-0.02050137791521684
10000000,9,1.1218698566503151,0.009562040440051897,-0.020075284194745635
10000000,9.5,1.1745900077041538,0.010122686875304552,-0.01955997446763102
10000000,10,1.2270358355872024,0.010766231607127339,-0.019018113665905757
10000000,10.5,1.2791225196345861,0.011492831896638406,-0.018500202854321923
10000000,11,1.3306351207538634,0.012304503182979223,-0.018031089339129378
10000000,11.5,1.3812873422528105,0.013209339265506971,-0.01759721429440337
10000000,12,1.4307792644205897,0.014221161299433243,-0.017158395776543968
10000000,12.5,1.4788276792557378,0.015357421241444163,-0.01666587568594839
10000000,13,1.5251641962244178,0.01663830676656168,-0.016072319303557566
10000000,13.5,1.5694889015183975,0.018087239548472227,-0.015336738293650377
10000000,14,1.6113781051695018,0.01973286611636032,-0.014427903737659845
10000000,14.5,1.6501838135088107,0.02161292944508095,-0.013326041185940761
10000000,15,1.6850031320946492,0.023780431758866932,-0.01201968543951832
10000000,15.5,1.71473137111448,0.026314108221689374,-0.010503494638051981
10000000,16,1.7378846602031957,0.029350261819065745,-0.008831206318054194
10000000,16.5,1.7512585630399675,0.03322215516321437,-0.007415756509722944
10000000,17,1.745959061278405,0.0390210954070708,-0.007841713232673951
10000000,17.5,1.699305105121181,0.05090156811754842,-0.013685509845038142
10000000,18,1.5710373700990274,0.08442856159691935,-0.02975239561886166
10000000,18.5,1.3512257489707995,0.15601753924236167,-0.05544027743327847
10000000,19,1.1477935784584397,0.21921655770801246,-0.08523459144134989
10000000,19.5,1.0937723648365656,0.2383313037993965,-0.1150498846272185
10000000,20,1.1052000712144379,0.24442812019248608,-0.1297768952747186
10000000,20.5,1.113808978186618,0.2554398321344115,-0.1341057535104416
10000000,21,1.126248758315817,0.2663091074699678,-0.13968853361721723
10000000,21.5,1.141447521995351,0.27552003944321585,-0.146166284535913
10000000,22,1.1573192892312156,0.2833754323428119,-0.15248652820488295
10000000,22.5,1.1733410673108309,0.29025028053369656,-0.15843062074540612
10000000,23,1.189483545255979,0.29640718547060113,-0.16402546090715164
10000000,23.5,1.205671723589118,0.3020560599094136,-0.1693226795329864
10000000,24,1.2217192144687616,0.3073792551216076,-0.1743556435677775
10000000,24.5,1.237413163253312,0.31252156175834556,-0.17914517721055845
10000000,25,1.2525834789855759,0.3175814641289248,-0.18370888387140916
10000000,-20,-0.9489965035532066,0.2737038354041548,0.11630478613521332
10000000,-19.5,-0.9306731017272485,0.2674883744177913,0.1114751938750817
10000000,-19,-0.9122575663493533,0.26060691141055875,0.1067241344159816
10000000,-18.5,-0.893659109169094,0.25305005980949796,0.10215110133716487
10000000,-18,-0.8748656443134543,0.24500391200302962,0.09808209007679716
10000000,-17.5,-0.8560819938376356,0.23737266010446859,0.0956185808724989
10000000,-17,-0.8324004826936431,0.23545985164887032,0.09393659193543236
10000000,-16.5,-0.7822422442447553,0.24967045228455936,0.07216717585023597
10000000,-16,-0.9136550009252511,0.1589649337175302,0.02688966387038011
10000000,-15.5,-1.2798472266497007,0.05338839223141823,-0.012059991083698695
10000000,-15,-1.4280204254272342,0.03236233356066476,-0.026791731397064127
10000000,-14.5,-1.4043434863456565,0.02821253109616853,-0.028153629346651648
10000000,-14,-1.3492632682503907,0.025666082707022145,-0.027424922475347717
10000000,-13.5,-1.2994456939316914,0.02301006438429774,-0.026988493251722385
10000000,-13,-1.2558265821526045,0.02042817613720702,-0.026801748739705634
10000000,-12.5,-1.2139687748429546,0.018134128410599956,-0.026617865004380903
10000000,-12,-1.1707794300979886,0.01618363355434642,-0.026340328082244586
10000000,-11.5,-1.1252327615533153,0.014543259095411236,-0.02597332644632308
10000000,-11,-1.0775614803527718,0.013157533255104114,-0.025537655599035754
10000000,-10.5,-1.0283997819310056,0.011979492890989703,-0.025031910726576196
10000000,-10,-0.9782939566943253,0.010977011180656719,-0.02443916955675958
10000000,-9.5,-0.9275063038628804,0.010130094315565606,-0.023767150225992507
10000000,-9,-0.8759743136401512,0.009426143918818047,-0.023093016761536824
10000000,-8.5,-0.8234285270871528,0.008851936987687223,-0.02253930213065078
10000000,-8,-0.7697167132931512,0.008381745754023394,-0.022158334109017457
10000000,-7.5,-0.7150265837199086,0.007971065431337281,-0.021873390510595968
10000000,-7,-0.6596331593054789,0.007590388823418493,-0.0216179510904566
10000000,-6.5,-0.6037127732392982,0.007242366474073178,-0.021427511229673468
10000000,-6,-0.5474901444429263,0.006932853781522052,-0.021337507072012915
10000000,-5.5,-0.4912345601204753,0.006663176834317959,-0.021338114757742596
10000000,-5,-0.4351293143824714,0.006434298078771906,-0.021400987640641918
10000000,-4.5,-0.3792189248430916,0.006246166673554827,-0.02149304452553258
10000000,-4,-0.32343077832151435,0.006094633957902127,-0.021574447792728955
10000000,-3.5,-0.26761927476382874,0.005974897549855738,-0.02161116721533197
10000000,-3,-0.2115959089582838,0.005884830020733532,-0.021597581408391308
10000000,-2.5,-0.15519080213734282,0.005818840999606831,-0.02152040165676594
10000000,-2,-0.09844817484686502,0.00577356847652252,-0.021366928220431444
10000000,-1.5,-0.04161871616998117,0.0057477401346587844,-0.021259561824186195
10000000,-1,0.015102712259001616,0.0057358542470516884,-0.021292524939705418
10000000,-0.5,0.07165712454197715,0.005738004200207974,-0.021401676773085444
10000000,0,0.127950416150578,0.005762822100915374,-0.021447790429737216
10000000,0.5,0.18334957563677332,0.005798192000026809,-0.021414072071996533
10000000,1,0.23793014022810255,0.00580603418661811,-0.021454438857500466
10000000,1.5,0.29376655867380125,0.005814136058596171,-0.021613054134611925
10000000,2,0.3507363145570144,0.0058498977285185196,-0.021772271134969903
10000000,2.5,0.4077107367886753,0.005875723139523113,-0.021747635673858758
10000000,3,0.4644780323032832,0.005872463863868774,-0.021626932035555987
10000000,3.5,0.5207956753880841,0.005848271866375044,-0.021561103117076694
10000000,4,0.5765740200205735,0.005854525528572395,-0.021599052757502044
10000000,4.5,0.6318824744831695,0.005907752227775144,-0.021762933218599487
10000000,5,0.6870274575214581,0.005993811229193247,-0.02188674740192352
10000000,5.5,0.7418094650081126,0.006144843644170616,-0.021654956048215462
10000000,6,0.7963755693563932,0.006377472638085366,-0.02125243084573719
10000000,6.5,0.8510012798485621,0.0066810480820767215,-0.020919928326899675
10000000,7,0.9056487142387926,0.007041462344104582,-0.020692358577655078
10000000,7.5,0.9601126700917599,0.007450618193918261,-0.020509681034645476
10000000,8,1.0142086869858196,0.007904906718369305,-0.020311449469337217
10000000,8.5,1.0678280595335377,0.00840116866069946,-0.020065538727229076
10000000,9,1.1209187056669032,0.008944885126455413,-0.019754658389056025
10000000,9.5,1.17346462604139,0.009552413848166718,-0.01936850969220374
10000000,10,1.2254738588024665,0.010232619221897846,-0.018913305763340195
10000000,10.5,1.276939509255889,0.010989224602404318,-0.018410940715069987
10000000,11,1.3278148652391177,0.011826371363293727,-0.017889617228303567
10000000,11.5,1.3780155302098331,0.012752460690096843,-0.01736035920475766
10000000,12,1.4274149395743958,0.01378061637631745,-0.01681482564403083
10000000,12.5,1.4758383894486613,0.014927428328420131,-0.016231343382931234
10000000,13,1.5230506628420606,0.01621220064476834,-0.015577757953006097
10000000,13.5,1.5687175545749925,0.017657017430187282,-0.014813405296882944
10000000,14,1.6123308770744973,0.019288164373543526,-0.01389338935264852
10000000,14.5,1.6531182800737714,0.021140122641212254,-0.01277671164682155
10000000,15,1.6899764613374884,0.0232643868112283,-0.01143965237225522
10000000,15.5,1.7213686134637625,0.025749440099369556,-0.009903743240045958
10000000,16,1.7447733308586062,0.02877793055839453,-0.008323153262356291
10000000,16.5,1.754600478800199,0.03282475854243483,-0.007283164501257829
10000000,17,1.737205169690495,0.039361677838766575,-0.008533679591558081
10000000,17.5,1.6655093381593231,0.0533881193214614,-0.01570408268493227
10000000,18,1.5120568330062298,0.09052881738398098,-0.03280648367862493
10000000,18.5,1.3033055909204023,0.16541687852049483,-0.05803689348100243
10000000,19,1.1403221744771717,0.22839587022783583,-0.08505070106299391
10000000,19.5,1.0916134576481444,0.2448205980914178,-0.1112021237455708
10000000,20,1.1036041539556831,0.2452564094456176,-0.12843302790667258
10000000,20.5,1.1163746247381185,0.25108240183148245,-0.13397972813369718
10000000,21,1.1296523697314371,0.26084259206244514,-0.13862393453736466
10000000,21.5,1.144947743759085,0.2712817394844199,-0.1448149745872377
10000000,22,1.1600907953770159,0.2812082715038244,-0.15114103672125817
10000000,22.5,1.1748796845060596,0.29013259319020046,-0.15710648412236553
10000000,23,1.1898475632058843,0.29790271427705584,-0.16270889794497428
10000000,23.5,1.2052864831841954,0.30459770850245155,-0.16802684149060207
10000000,24,1.2211365948942683,0.3104295504314239,-0.17311479343935104
10000000,24.5,1.2371596079583878,0.31564502650301673,-0.17800004408503414
10000000,25,1.2530912997106622,0.3204638628454827,-0.18269645611179633
10000000,-20,-0.9516422086364524,0.27713133220438385,0.11636539044910003
10000000,-19.5,-0.9341340245845109,0.27037090765188343,0.111781597377912
10000000,-19,-0.9168166268046547,0.2628107752783933,0.10722588258966848
10000000,-18.5,-0.8997176096406292,0.2544012739377115,0.10273698904493657
10000000,-18,-0.8828611242247676,0.24520820420899464,0.0983966403524212
10000000,-17.5,-0.8663158506755751,0.23554655308352093,0.09445807335742042
10000000,-17,-0.8502370555656322,0.2263552986289768,0.09170492746319107
10000000,-16.5,-0.8326227909168988,0.22070661869700817,0.09066925884408306
10000000,-16,-0.8010239017945016,0.22585934462010704,0.08448310490191542
10000000,-15.5,-0.7654053320203476,0.23035890807321707,0.06484848964682283
10000000,-15,-0.8176912163802503,0.17721433243514545,0.04006623763309192
10000000,-14.5,-0.9692430665078307,0.09900083873131381,0.016650272631405047
10000000,-14,-1.1337778651968402,0.052498263179965074,-0.0031610073560661297
10000000,-13.5,-1.2405477862457042,0.03251761481621116,-0.016867073496752764
10000000,-13,-1.2597405753496889,0.02490057858860439,-0.0233856117782961
10000000,-12.5,-1.2215167589537428,0.021661536941059132,-0.02530479723226437
10000000,-12,-1.1681588367743276,0.01948310668613137,-0.02568586993372426
10000000,-11.5,-1.1162206184751797,0.0174916972607446,-0.02577382988549997
10000000,-11,-1.0667285102699604,0.015632490441366526,-0.02578813430301024
10000000,-10.5,-1.0178533272690966,0.013960179589465768,-0.02572670486791859
10000000,-10,-0.9685313792279219,0.0124925607442976,-0.025580352352018772
10000000,-9.5,-0.918427494140197,0.011220661567913667,-0.025351519621526063
10000000,-9,-0.8674344602259778,0.01012875198306754,-0.02505557126300107
10000000,-8.5,-0.8154475343827099,0.009201344930727388,-0.024712832057539352
10000000,-8,-0.7624087301371945,0.008420829794683175,-0.024331209199424386
10000000,-7.5,-0.7084633654120305,0.007761696801761026,-0.023890520143939956
10000000,-7,-0.6539801368227389,0.007206369881945998,-0.023354308931240176
10000000,-6.5,-0.5993720118256838,0.006751086645010352,-0.022706605302488587
10000000,-6,-0.5448098471354451,0.006391896899107907,-0.021999888776851637
10000000,-5.5,-0.4900278176961522,0.006121041273099067,-0.021400888285254056
10000000,-5,-0.4346321438404041,0.005921474798928785,-0.021075778014614577
10000000,-4.5,-0.3786817933121681,0.005761641914938554,-0.020962739357538198
10000000,-4,-0.3224211602877924,0.005614321951035508,-0.0208978564604915
10000000,-3.5,-0.26585101659227295,0.005473826523394694,-0.02086299917129046
10000000,-3,-0.20905547022107857,0.005345599789758567,-0.02088603278805429
10000000,-2.5,-0.15222655580168964,0.005240859446945809,-0.020974193727750643
10000000,-2,-0.09553331122682013,0.005170843562749961,-0.021111269443219855
10000000,-1.5,-0.039149793115776155,0.00513938204555509,-0.02122458989130301
10000000,-1,0.016964350505459858,0.005152006477065161,-0.02124225162565994
10000000,-0.5,0.07274388884228652,0.005180053460463591,-0.02117622684082277
10000000,0,0.12727050521300398,0.005144150504829051,-0.02119804858636103
10000000,0.5,0.18286484881560092,0.005062112186476258,-0.021508025782981173
10000000,1,0.24128830030379608,0.005029859287661338,-0.02191542687936143
10000000,1.5,0.2978334577738322,0.004921744229065453,-0.021801578135229923
10000000,2,0.3515362300153437,0.00477471534295775,-0.02168361778164603
10000000,2.5,0.4050664932407411,0.004662100273459355,-0.021886069130611748
10000000,3,0.45951168959149086,0.004636381577738655,-0.02175722905660646
10000000,3.5,0.5149662556972883,0.004742799915369043,-0.02126488395857163
10000000,4,0.5716238892508232,0.004939027144045024,-0.020987448129930593
10000000,4.5,0.628643646876543,0.005193488879726222,-0.020943363379031188
10000000,5,0.6851799072246059,0.0054951695289536485,-0.021000929334692928
10000000,5.5,0.7410982861022526,0.005828852908143607,-0.021066065033490164
10000000,6,0.7967836341180388,0.006167925242644852,-0.021091192430506216
10000000,6.5,0.8521703798228132,0.0065108066297270145,-0.021047496275132346
10000000,7,0.906970997550317,0.006874699925326738,-0.020922311895330347
10000000,7.5,0.9611369714849846,0.007269295611675555,-0.020714811645951074
10000000,8,1.0147197322013277,0.007696980989775435,-0.02042878302526711
10000000,8.5,1.0677545642735706,0.008158791959640678,-0.020073008466061984
10000000,9,1.1202607281335606,0.008665981431936183,-0.019650608656500822
10000000,9.5,1.1722433422887424,0.009236243394637945,-0.019160128667233305
10000000,10,1.2236789992461632,0.009880173161073586,-0.018604065483973226
10000000,10.5,1.2745103028669154,0.010605585832158993,-0.017997695861329842
10000000,11,1.3246654199618793,0.011420626627647913,-0.01736321310524018
10000000,11.5,1.3740742305028206,0.012336276389842343,-0.016708753160724916
10000000,12,1.4226623524096922,0.01336608047067905,-0.016026834427772575
10000000,12.5,1.4703398867516078,0.014525064715147022,-0.015298088836756098
10000000,13,1.5169805877907097,0.015829262115824052,-0.014492668548598993
10000000,13.5,1.5623721515498894,0.017295846041808387,-0.013571705498884706
10000000,14,1.6061236228159799,0.01894440681107261,-0.012491357368193812
10000000,14.5,1.6475351046598439,0.02080106473122441,-0.011211515171171115
10000000,15,1.6854425285121972,0.022909065434718483,-0.009712861642584475
10000000,15.5,1.717993631694914,0.025354330047691137,-0.00803363394988868
10000000,16,1.7421220042350956,0.028330818169625415,-0.006365519135655121
10000000,16.5,1.7520749336429458,0.032329748789752775,-0.005323131665672524
10000000,17,1.7358816651196198,0.03874502119581098,-0.00652666662081125
10000000,17.5,1.6707896888087632,0.05193044767311765,-0.013135084464777446
10000000,18,1.531932805545991,0.08477236900908108,-0.028692921548707857
10000000,18.5,1.336209409547612,0.15266997332326845,-0.052206977203695305
10000000,19,1.167792824069782,0.2199951508789246,-0.07776421811206963
10000000,19.5,1.0994906277171885,0.24366936595274125,-0.10270547884615501
10000000,20,1.1058916561673584,0.24320597827173834,-0.12200582200750594
10000000,20.5,1.1231951974879208,0.24413710338106437,-0.1299550020575556
10000000,21,1.1382947804800998,0.25052891371102165,-0.13431076711505918
10000000,21.5,1.1545837751985994,0.2596735507830846,-0.14049464994867022
10000000,22,1.1697160174098729,0.27012277957203756,-0.14728438862921223
10000000,22.5,1.1830344954357375,0.2809065022099481,-0.15374367139227815
10000000,23,1.1956322522003944,0.29124930622051287,-0.15973067085761183
10000000,23.5,1.208597802465306,0.3006454575384751,-0.1653294002815261
10000000,24,1.2224229140456013,0.30889221021927904,-0.17063246832867934
10000000,24.5,1.2371043553551928,0.31602397907537505,-0.17569973900269595
10000000,25,1.25239172326803,0.3222084606251531,-0.1805652376561668