Re,alpha,CL,CD,CM
20000,-20,-0.8711467327027858,0.2383010759557221,0.07877201058240108
20000,-19.5,-0.855162311650472,0.23230841081195233,0.07422642073868328
20000,-19,-0.8393904308087566,0.22618169152439338,0.06972146317219222
20000,-18.5,-0.8238833487756757,0.21991810962003663,0.06526136493961882
20000,-18,-0.8086984900572841,0.21351603429328256,0.060850305842031605
20000,-17.5,-0.7938908536800605,0.20697829878500795,0.056495104898539615
20000,-17,-0.7795054048036367,0.20031523332452536,0.0522066341273202
20000,-16.5,-0.7655757786992227,0.1935458233749313,0.04799732821867473
20000,-16,-0.7521324894157512,0.18669540660333775,0.04387415301356082
20000,-15.5,-0.7392108015834276,0.17978895713131823,0.03983152121810194
20000,-15,-0.7268442315326358,0.17284003228335917,0.03585032381859222
20000,-14.5,-0.7150619350132172,0.16583521305440457,0.03190146810207379
20000,-14,-0.7039490391432353,0.15871091765546302,0.027946693409033933
20000,-13.5,-0.6938000536933804,0.1513254762564529,0.023940171275517223
20000,-13,-0.6852714767088003,0.1434614045983235,0.019844118286788025
20000,-12.5,-0.6793329968804123,0.13491008013917338,0.015644639652473098
20000,-12,-0.6769779912079236,0.12559439733715647,0.011273547106032258
20000,-11.5,-0.6793149462849866,0.11547691940001682,0.006252763615415574
20000,-11,-0.6895176491840529,0.10396635599679623,-0.0006527611040849826
20000,-10.5,-0.7119310852718141,0.09022662900108679,-0.009343784709194261
20000,-10,-0.7359076913615658,0.0766951823940067,-0.015902792014367204
20000,-9.5,-0.7473051816116442,0.06663415744685922,-0.01862119839672951
20000,-9,-0.745963691301562,0.05958634621933931,-0.018973408910311674
20000,-8.5,-0.733486305463185,0.05420949697997158,-0.018259836412042006
20000,-8,-0.7118007414545258,0.04981382724389183,-0.017136494858959465
20000,-7.5,-0.6836785001157185,0.046076276592865575,-0.015858332684387605
20000,-7,-0.6517812764480041,0.04279856146486373,-0.014514091029768575
20000,-6.5,-0.6181356497207606,0.03983492509854504,-0.013123204000415677
20000,-6,-0.5839200969109812,0.037085218223087746,-0.011631243872999183
20000,-5.5,-0.5489841602914027,0.03456554305129677,-0.009902808834264639
20000,-5,-0.51191722396432,0.03247954689765072,-0.007844485473438323
20000,-4.5,-0.4720447616042742,0.030993476016133795,-0.005561721265858054
20000,-4,-0.43004999422578827,0.02996782402563371,-0.0031748002392934143
20000,-3.5,-0.3864865578612863,0.029183656217138018,-0.0007035456862132959
20000,-3,-0.34139293559554706,0.028523199756483573,0.0017703444220344207
20000,-2.5,-0.29426350431433407,0.027948061993517414,0.003912374085808152
20000,-2,-0.24384429934820778,0.027462452421692485,0.005202843953816366
20000,-1.5,-0.18890558950242364,0.027086791547014686,0.0053256481906031805
20000,-1,-0.12924338601404733,0.02682945978609387,0.004309474003975707
20000,-0.5,-0.06571588766453425,0.026681941977483938,0.002402107574870096
20000,0,-5.551115123125783e-17,0.026634048788976936,-2.914335439641036e-17
20000,0.5,0.06571588766453426,0.026681941977483914,-0.0024021075748701603
20000,1,0.12924338601404706,0.02682945978609387,-0.004309474003975651
20000,1.5,0.1889055895024227,0.027086791547014686,-0.0053256481906031935
20000,2,0.24384429934820706,0.02746245242169247,-0.005202843953816319
20000,2.5,0.29426350431433396,0.027948061993517428,-0.003912374085808219
20000,3,0.34139293559554695,0.028523199756483573,-0.0017703444220344567
20000,3.5,0.386486557861286,0.029183656217138004,0.0007035456862132712
20000,4,0.430049994225788,0.0299678240256337,0.003174800239293367
20000,4.5,0.472044761604274,0.030993476016133795,0.00556172126585796
20000,5,0.5119172239643199,0.032479546897650736,0.007844485473438172
20000,5.5,0.5489841602914022,0.03456554305129677,0.009902808834264538
20000,6,0.5839200969109813,0.037085218223087746,0.01163124387299919
20000,6.5,0.61813564972076,0.03983492509854504,0.01312320400041577
20000,7,0.6517812764480047,0.04279856146486377,0.014514091029768536
20000,7.5,0.6836785001157186,0.046076276592865575,0.01585833268438762
20000,8,0.7118007414545255,0.04981382724389187,0.017136494858959458
20000,8.5,0.7334863054631855,0.05420949697997158,0.018259836412042058
20000,9,0.7459636913015621,0.05958634621933934,0.0189734089103117
20000,9.5,0.7473051816116438,0.0666341574468593,0.018621198396729474
20000,10,0.7359076913615656,0.0766951823940067,0.015902792014367204
20000,10.5,0.7119310852718141,0.09022662900108694,0.009343784709194164
20000,11,0.6895176491840526,0.10396635599679623,0.000652761104084984
20000,11.5,0.6793149462849861,0.11547691940001688,-0.0062527636154156045
20000,12,0.6769779912079228,0.1255943973371564,-0.011273547106032202
20000,12.5,0.6793329968804117,0.13491008013917344,-0.01564463965247309
20000,13,0.6852714767088002,0.14346140459832335,-0.019844118286788073
20000,13.5,0.69380005369338,0.15132547625645285,-0.023940171275517313
20000,14,0.7039490391432351,0.15871091765546302,-0.027946693409033947
20000,14.5,0.7150619350132167,0.16583521305440466,-0.03190146810207369
20000,15,0.7268442315326356,0.17284003228335926,-0.03585032381859228
20000,15.5,0.7392108015834273,0.17978895713131823,-0.03983152121810198
20000,16,0.7521324894157517,0.1866954066033379,-0.043874153013560915
20000,16.5,0.7655757786992224,0.19354582337493137,-0.04799732821867475
20000,17,0.7795054048036367,0.20031523332452544,-0.05220663412732033
20000,17.5,0.79389085368006,0.20697829878500804,-0.056495104898539636
20000,18,0.8086984900572837,0.21351603429328256,-0.06085030584203159
20000,18.5,0.8238833487756758,0.21991810962003672,-0.0652613649396189
20000,19,0.8393904308087562,0.22618169152439327,-0.06972146317219227
20000,19.5,0.8551623116504715,0.23230841081195255,-0.07422642073868316
20000,20,0.8711467327027859,0.2383010759557221,-0.07877201058240095
20000,20.5,0.8873009530386574,0.2441612316888607,-0.08335184852762192
20000,21,0.9035925540020713,0.24988796361925333,-0.0879564563604573
20000,21.5,0.9199974848670156,0.2554778734495087,-0.09257339235142162
20000,22,0.9364962105234071,0.2609259705437401,-0.09718814600714756
20000,22.5,0.9530687580940027,0.2662271954441326,-0.1017854919945691
20000,23,0.9696896289743848,0.27137824708292596,-0.10635099667183608
20000,23.5,0.986323833016863,0.27637927981814114,-0.11087234184070356
20000,24,1.0029253071046236,0.28123496428398215,-0.11534014847786782
20000,24.5,1.0194383737770263,0.2859545203057826,-0.1197481186387837
20000,25,1.035801813988353,0.2905506714684666,-0.12409254369278966
20000,-20,-0.8770617947131569,0.2506017763746935,0.08010711800714398
20000,-19.5,-0.8604669559154942,0.24521941492059696,0.07608252458952156
20000,-19,-0.8439719523501414,0.23967451858502695,0.07208055495420308
20000,-18.5,-0.8276406345979178,0.23394458905956775,0.06807609173872384
20000,-18,-0.8115611349269074,0.22798881646295455,0.06403262140243546
20000,-17.5,-0.795860939204289,0.2217351305832529,0.05989909083444518
20000,-17,-0.78073817945073,0.2150687200680985,0.055612024805467695
20000,-16.5,-0.7664889610875428,0.2078428048649402,0.051111598262618685
20000,-16,-0.753465899602413,0.19994635672449976,0.04637703330942058
20000,-15.5,-0.7419084548444803,0.19143572586213548,0.04146995373055073
20000,-15,-0.731711029201321,0.18263821636686953,0.036547979887567875
20000,-14.5,-0.7223362308433364,0.17406883846222695,0.03180938797666657
20000,-14,-0.7130572285138238,0.16613519210377717,0.02738476391692533
20000,-13.5,-0.7035218738788537,0.15884433335082035,0.023251823385462354
20000,-13,-0.6942956557572569,0.15176861663830307,0.01923863475105621
20000,-12.5,-0.6868367607942002,0.14431851501231532,0.015117273400862904
20000,-12,-0.682835029291568,0.13608630333857452,0.010715123194031662
20000,-11.5,-0.6836420689022733,0.12693085338906926,0.005947343021057783
20000,-11,-0.6903021561919922,0.11681432575819141,0.0007686149305896631
20000,-10.5,-0.7037196040405665,0.10568011893234763,-0.004938660511986735
20000,-10,-0.7242464875164453,0.09346312662545912,-0.0114609360856239
20000,-9.5,-0.7483519041739574,0.08075788429245534,-0.01779606837738231
20000,-9,-0.7636608766650479,0.06993058841523511,-0.02021522198389996
20000,-8.5,-0.7625766561490948,0.06199315801104344,-0.01891194696629445
20000,-8,-0.7466380582207961,0.055633293144467834,-0.016930017390194188
20000,-7.5,-0.719207523621689,0.050102227662271966,-0.015273035590977032
20000,-7,-0.6850620383250863,0.04531537804571905,-0.013799226499057132
20000,-6.5,-0.6489681368324414,0.04125223212404472,-0.012114116939387798
20000,-6,-0.6135868961458308,0.03786207960007784,-0.009649023119759553
20000,-5.5,-0.578593627035636,0.03519533847721136,-0.005842087676921739
20000,-5,-0.5427406496140726,0.03341941443808587,-0.0006157191537839619
20000,-4.5,-0.504395262231435,0.032373582777782545,0.005711697550341703
20000,-4,-0.45701797172876785,0.03175502600482212,0.011227106761206751
20000,-3.5,-0.3864082218982213,0.0312668191183209,0.011330498056424845
20000,-3,-0.29009397874922677,0.030621812153961724,0.004467085099622782
20000,-2.5,-0.19152000525159918,0.0296836988802542,-0.004582617445039078
20000,-2,-0.11626591515849694,0.028618213526989438,-0.010231264414979645
20000,-1.5,-0.07083778753301725,0.027651420718345112,-0.010695672888045817
20000,-1,-0.043870370707875,0.02692852623909515,-0.007799276014909573
20000,-0.5,-0.022089559379041446,0.026501324304742283,-0.0038954266876923827
20000,0,1.1102230246251565e-16,0.026362561415339672,-8.743006318923108e-17
20000,0.5,0.022089559379041362,0.026501324304742283,0.0038954266876923644
20000,1,0.04387037070787486,0.026928526239095137,0.0077992760149095215
20000,1.5,0.07083778753301676,0.027651420718345088,0.010695672888045762
20000,2,0.1162659151584963,0.028618213526989438,0.010231264414979704
20000,2.5,0.19152000525159785,0.0296836988802542,0.004582617445039251
20000,3,0.29009397874922593,0.030621812153961713,-0.004467085099622641
20000,3.5,0.38640822189822077,0.0312668191183209,-0.01133049805642487
20000,4,0.4570179717287677,0.03175502600482212,-0.011227106761206829
20000,4.5,0.5043952622314345,0.03237358277778257,-0.005711697550341848
20000,5,0.5427406496140723,0.03341941443808587,0.000615719153783793
20000,5.5,0.578593627035636,0.03519533847721134,0.005842087676921656
20000,6,0.6135868961458302,0.03786207960007781,0.009649023119759566
20000,6.5,0.6489681368324409,0.04125223212404472,0.012114116939387892
20000,7,0.6850620383250854,0.04531537804571903,0.013799226499057163
20000,7.5,0.7192075236216877,0.05010222766227201,0.015273035590976921
20000,8,0.7466380582207963,0.05563329314446788,0.016930017390194202
20000,8.5,0.7625766561490942,0.061993158011043464,0.018911946966294408
20000,9,0.763660876665047,0.06993058841523511,0.02021522198390004
20000,9.5,0.7483519041739571,0.08075788429245534,0.017796068377382335
20000,10,0.7242464875164453,0.09346312662545916,0.0114609360856239
20000,10.5,0.7037196040405665,0.10568011893234767,0.004938660511986594
20000,11,0.6903021561919919,0.11681432575819146,-0.0007686149305896325
20000,11.5,0.6836420689022737,0.12693085338906931,-0.005947343021057799
20000,12,0.6828350292915676,0.13608630333857458,-0.010715123194031688
20000,12.5,0.6868367607942003,0.14431851501231532,-0.015117273400862935
20000,13,0.6942956557572568,0.15176861663830302,-0.019238634751056215
20000,13.5,0.7035218738788539,0.1588443333508205,-0.02325182338546243
20000,14,0.7130572285138239,0.16613519210377717,-0.027384763916925355
20000,14.5,0.7223362308433363,0.17406883846222687,-0.03180938797666665
20000,15,0.7317110292013209,0.18263821636686944,-0.03654797988756794
20000,15.5,0.7419084548444799,0.19143572586213556,-0.041469953730550776
20000,16,0.7534658996024132,0.19994635672449984,-0.04637703330942054
20000,16.5,0.7664889610875419,0.2078428048649404,-0.051111598262618595
20000,17,0.7807381794507293,0.2150687200680988,-0.05561202480546755
20000,17.5,0.7958609392042892,0.2217351305832528,-0.059899090834445154
20000,18,0.8115611349269068,0.22798881646295474,-0.06403262140243549
20000,18.5,0.8276406345979174,0.23394458905956755,-0.06807609173872387
20000,19,0.8439719523501418,0.23967451858502706,-0.07208055495420299
20000,19.5,0.860466955915494,0.24521941492059707,-0.0760825245895217
20000,20,0.8770617947131568,0.2506017763746934,-0.08010711800714394
20000,20.5,0.8937111939729867,0.25583446454324854,-0.0841709880570392
20000,21,0.9103829386072002,0.26092573909034816,-0.08828370927033527
20000,21.5,0.927050536770741,0.26588228120739976,-0.09244844254643636
20000,22,0.943686862546496,0.2707110589000378,-0.09666269771775023
20000,22.5,0.960261143637006,0.27542021860683663,-0.10091937208657527
20000,23,0.9767391111670441,0.28001913054526173,-0.10520798439981198
20000,23.5,0.9930847324776343,0.2845179002036481,-0.10951598880622329
20000,24,1.0092621544843028,0.28892669843234664,-0.11383000159471249
20000,24.5,1.0252372201016442,0.2932551434018457,-0.11813677622531542
20000,25,1.040978438792979,0.29751182746949795,-0.12242385235281006
20000,-20,-0.8863327337358627,0.25314639121151133,0.08717885353610563
20000,-19.5,-0.8690149925155093,0.2477657192993402,0.08379739143624046
20000,-19,-0.8516291833798915,0.24232059362537461,0.08054406358518669
20000,-18.5,-0.8341682454217378,0.2368136344879892,0.07743607356264909
20000,-18,-0.8166313413148722,0.23125044018460789,0.07448660561108722
20000,-17.5,-0.7990593437099969,0.22563953309940585,0.07168800722720958
20000,-17,-0.7815479752619346,0.21999063222755452,0.06899953383957287
20000,-16.5,-0.7641691470594125,0.21430328309316304,0.06636991587598254
20000,-16,-0.7467643709608656,0.20853421556252158,0.06382521010527145
20000,-15.5,-0.7288463965361123,0.20258388967706992,0.06154346510714006
20000,-15,-0.7101278804293516,0.19640379144163048,0.05967739622199304
20000,-14.5,-0.6910694372121686,0.19009754968353582,0.05811882525052481
20000,-14,-0.6721689836731546,0.18377927816942796,0.056687039934688155
20000,-13.5,-0.6527041011542113,0.17735860824024802,0.05542017586062583
20000,-13,-0.6313125558292245,0.170643020040045,0.05447954948877519
20000,-12.5,-0.6087683399427003,0.1637107807763931,0.05373641775055671
20000,-12,-0.5865924988261382,0.1565468484631615,0.052905095805076574
20000,-11.5,-0.5645504461224523,0.14867941883611133,0.051862162011386305
20000,-11,-0.5421143595611472,0.14004527492825553,0.05070403910281679
20000,-10.5,-0.5184224565192748,0.13147031297608403,0.04938746010785798
20000,-10,-0.4881326085108264,0.1225250615638864,0.04575066269310941
20000,-9.5,-0.4597646997851615,0.11227700817817926,0.03629281827312482
20000,-9,-0.4764750497034548,0.10367211487461657,0.027913880346999514
20000,-8.5,-0.5463947254108497,0.09838730322036074,0.02730851969273712
20000,-8,-0.5982244191028413,0.09176465381337064,0.02396101274308044
20000,-7.5,-0.6254105359378592,0.08216277396218095,0.016695713358735067
20000,-7,-0.6433665513962483,0.0716321457475571,0.010997253967444392
20000,-6.5,-0.6428315469315149,0.06288168044925953,0.011180909942607321
20000,-6,-0.6192299102747238,0.05695422909320807,0.017005561975925308
20000,-5.5,-0.5644090933608878,0.05271835638056658,0.02386170924183932
20000,-5,-0.423945432365543,0.0471414815944081,0.014671678022643667
20000,-4.5,-0.245105704720265,0.04060949641678571,-0.008430800232294733
20000,-4,-0.17226819085701692,0.036123412240171286,-0.01752746933766857
20000,-3.5,-0.1559911752548007,0.032994046046935115,-0.017420537982604907
20000,-3,-0.14139318812963822,0.030754694088065106,-0.016076319275483145
20000,-2.5,-0.12057008848569116,0.029205904035911792,-0.014642682957900291
20000,-2,-0.09628944647921428,0.028080723182012025,-0.012853089905581821
20000,-1.5,-0.07104069045923209,0.027206587961302552,-0.01051481959759477
20000,-1,-0.046258646942366116,0.02653102849115768,-0.00755608239858691
20000,-0.5,-0.02263439064651518,0.02608383433932532,-0.003987297341291721
20000,0,1.6653345369377348e-16,0.025924802819439277,-1.1796119636642288e-17
20000,0.5,0.022634390646514235,0.02608383433932531,0.003987297341291699
20000,1,0.04625864694236578,0.026531028491157668,0.00755608239858688
20000,1.5,0.07104069045923209,0.027206587961302552,0.010514819597594734
20000,2,0.09628944647921402,0.02808072318201201,0.012853089905581778
20000,2.5,0.12057008848569119,0.029205904035911816,0.014642682957900258
20000,3,0.14139318812963825,0.03075469408806508,0.016076319275483076
20000,3.5,0.15599117525480102,0.0329940460469351,0.01742053798260485
20000,4,0.17226819085701603,0.03612341224017124,0.017527469337668668
20000,4.5,0.24510570472026344,0.040609496416785656,0.008430800232294918
20000,5,0.42394543236554105,0.047141481594408015,-0.014671678022643412
20000,5.5,0.5644090933608867,0.05271835638056658,-0.023861709241839415
20000,6,0.6192299102747234,0.05695422909320802,-0.017005561975925426
20000,6.5,0.6428315469315156,0.06288168044925947,-0.011180909942607372
20000,7,0.6433665513962492,0.07163214574755704,-0.01099725396744424
20000,7.5,0.6254105359378602,0.08216277396218089,-0.016695713358735195
20000,8,0.5982244191028425,0.09176465381337064,-0.023961012743080327
20000,8.5,0.5463947254108519,0.09838730322036082,-0.027308519692737104
20000,9,0.4764750497034565,0.10367211487461661,-0.027913880346999577
20000,9.5,0.4597646997851621,0.1122770081781793,-0.03629281827312489
20000,10,0.4881326085108265,0.1225250615638864,-0.04575066269310947
20000,10.5,0.5184224565192748,0.13147031297608391,-0.049387460107858015
20000,11,0.5421143595611468,0.14004527492825558,-0.0507040391028168
20000,11.5,0.5645504461224521,0.14867941883611138,-0.051862162011386236
20000,12,0.586592498826138,0.15654684846316122,-0.05290509580507652
20000,12.5,0.6087683399427004,0.16371078077639326,-0.053736417750556785
20000,13,0.6313125558292244,0.17064302004004514,-0.05447954948877527
20000,13.5,0.6527041011542108,0.17735860824024802,-0.055420175860625795
20000,14,0.6721689836731546,0.18377927816942796,-0.05668703993468814
20000,14.5,0.6910694372121697,0.19009754968353573,-0.05811882525052496
20000,15,0.710127880429351,0.19640379144163064,-0.05967739622199304
20000,15.5,0.7288463965361125,0.20258388967706992,-0.061543465107140094
20000,16,0.746764370960865,0.2085342155625213,-0.06382521010527142
20000,16.5,0.7641691470594125,0.21430328309316324,-0.06636991587598254
20000,17,0.7815479752619348,0.21999063222755463,-0.06899953383957294
20000,17.5,0.7990593437099964,0.22563953309940565,-0.07168800722720946
20000,18,0.8166313413148718,0.23125044018460778,-0.07448660561108729
20000,18.5,0.8341682454217367,0.23681363448798962,-0.07743607356264896
20000,19,0.8516291833798917,0.24232059362537461,-0.08054406358518662
20000,19.5,0.8690149925155091,0.24776571929933996,-0.08379739143624035
20000,20,0.8863327337358626,0.25314639121151133,-0.08717885353610567
20000,20.5,0.9035764535845108,0.25846235625068026,-0.0906752617803379
20000,21,0.9207267995068553,0.2637144600792285,-0.09427715801603027
20000,21.5,0.9377583231210216,0.26890322457547067,-0.09797536596260034
20000,22,0.9546460957840884,0.27402786089165515,-0.10175817818141705
20000,22.5,0.9713687555026204,0.2790860248605683,-0.10561056487254868
20000,23,0.9879084086758168,0.2840742263311857,-0.1095151414778707
20000,23.5,1.0042490020155186,0.28898853200559893,-0.1134539178011075
20000,24,1.0203746393064514,0.29382518572620564,-0.11740990403108569
20000,24.5,1.0362686034637645,0.29858094468750207,-0.12136809686786347
20000,25,1.0519131766151948,0.3032531271768909,-0.12531580914817553
50000,-20,-0.878963708440619,0.2367187026830469,0.08167088168716431
50000,-19.5,-0.8624826097293301,0.23076782626066136,0.07720265702310455
50000,-19,-0.8463598184717425,0.22466221969802613,0.07276810766082538
50000,-18.5,-0.8306600561731747,0.21839605608947554,0.06836642004891406
50000,-18,-0.8154429314044851,0.21196477657069565,0.06399601322420331
50000,-17.5,-0.8007675315557033,0.20536237094971221,0.05965433195433081
50000,-17,-0.7867031064858989,0.198577364001579,0.055337249311489936
50000,-16.5,-0.773346049525542,0.1915883803442428,0.051038494880656815
50000,-16,-0.760838100413525,0.18436151044560745,0.0467502060321463
50000,-15.5,-0.7493699112208825,0.17685390303719067,0.04246634395178709
50000,-15,-0.7391414161611409,0.16903076468554046,0.038190236584169715
50000,-14.5,-0.730263278882911,0.160901059847527,0.033942471471337395
50000,-14,-0.7227120884221152,0.15254279811030913,0.02974593634080911
50000,-13.5,-0.716809752252484,0.14394505369223923,0.02551955215546122
50000,-13,-0.7145602861372201,0.13436884472939709,0.020881096380408592
50000,-12.5,-0.7180440503000564,0.12237606978706213,0.015322037194702353
50000,-12,-0.7331140045956932,0.10726485426431877,0.005715473160926515
50000,-11.5,-0.8085658754967764,0.08375997472974596,-0.010279696826876548
50000,-11,-0.8618587630467183,0.06528668496250956,-0.019287968497255694
50000,-10.5,-0.8812679278284747,0.05522096530899388,-0.021776107702327525
50000,-10,-0.8852428453344937,0.04858729081200888,-0.021259411502621374
50000,-9.5,-0.8748722471364513,0.04360546482907883,-0.019732753744371542
50000,-9,-0.8528464377251599,0.039620075734956586,-0.017976651420687294
50000,-8.5,-0.8229126834117363,0.0363216812280552,-0.016163351813434052
50000,-8,-0.7880776995208156,0.033546658710964794,-0.014285281594916922
50000,-7.5,-0.7502583831691713,0.0311956770113062,-0.012320738385332224
50000,-7,-0.7105450722811736,0.02919803908679504,-0.010281182502505403
50000,-6.5,-0.6694991744153107,0.027494789302684952,-0.008225529209649607
50000,-6,-0.6273385685360187,0.026028120134884154,-0.0062632622951863835
50000,-5.5,-0.5840756129773951,0.024729807252727515,-0.004534235270103262
50000,-5,-0.5396755678617579,0.023511520537940055,-0.0031509741619484685
50000,-4.5,-0.49390760782283405,0.02230390313115788,-0.0021345640644017056
50000,-4,-0.44588828447007905,0.0211281524161008,-0.0014031316327966239
50000,-3.5,-0.39485922119344136,0.02007781420758961,-0.0009930200294370045
50000,-3,-0.34098632380735394,0.019239455974372374,-0.000981769007334074
50000,-2.5,-0.2850065882158529,0.018588834411180605,-0.0012072782402663955
50000,-2,-0.227909311289743,0.018046821922786956,-0.0013864665048995473
50000,-1.5,-0.17057655765918822,0.017597903020877544,-0.0013176287460155186
50000,-1,-0.11350463923709203,0.01727129321810546,-0.00098922632233307
50000,-0.5,-0.056706818071080856,0.01707917119602057,-0.0005167342085759266
50000,0,-1.942890293094024e-16,0.017016299054022424,-5.689893001203927e-17
50000,0.5,0.05670681807108051,0.017079171196020555,0.0005167342085757948
50000,1,0.11350463923709198,0.01727129321810546,0.000989226322333067
50000,1.5,0.17057655765918808,0.017597903020877527,0.0013176287460155978
50000,2,0.22790931128974268,0.018046821922786956,0.0013864665048994695
50000,2.5,0.2850065882158523,0.018588834411180588,0.0012072782402663975
50000,3,0.3409863238073537,0.01923945597437235,0.000981769007333895
50000,3.5,0.3948592211934411,0.020077814207589594,0.0009930200294370282
50000,4,0.44588828447007856,0.021128152416100773,0.0014031316327965952
50000,4.5,0.4939076078228335,0.02230390313115786,0.0021345640644017017
50000,5,0.5396755678617581,0.023511520537940055,0.0031509741619483583
50000,5.5,0.584075612977395,0.02472980725272755,0.004534235270103116
50000,6,0.627338568536018,0.026028120134884168,0.006263262295186342
50000,6.5,0.6694991744153111,0.027494789302684914,0.008225529209649616
50000,7,0.710545072281173,0.02919803908679509,0.010281182502505428
50000,7.5,0.7502583831691707,0.031195677011306214,0.012320738385332122
50000,8,0.7880776995208143,0.03354665871096482,0.014285281594916923
50000,8.5,0.8229126834117358,0.036321681228055264,0.01616335181343393
50000,9,0.8528464377251586,0.039620075734956656,0.017976651420687408
50000,9.5,0.8748722471364507,0.043605464829078906,0.019732753744371567
50000,10,0.8852428453344934,0.048587290812008986,0.02125941150262125
50000,10.5,0.881267927828474,0.05522096530899401,0.02177610770232734
50000,11,0.8618587630467164,0.06528668496250982,0.019287968497255597
50000,11.5,0.8085658754967743,0.0837599747297464,0.010279696826876458
50000,12,0.7331140045956924,0.107264854264319,-0.005715473160926751
50000,12.5,0.718044050300056,0.1223760697870624,-0.015322037194702464
50000,13,0.7145602861372192,0.13436884472939714,-0.020881096380408543
50000,13.5,0.7168097522524839,0.14394505369223948,-0.025519552155461284
50000,14,0.7227120884221154,0.15254279811030927,-0.02974593634080913
50000,14.5,0.7302632788829104,0.160901059847527,-0.03394247147133744
50000,15,0.7391414161611415,0.16903076468554054,-0.038190236584169764
50000,15.5,0.7493699112208824,0.17685390303719076,-0.04246634395178707
50000,16,0.7608381004135244,0.18436151044560745,-0.04675020603214627
50000,16.5,0.7733460495255416,0.19158838034424297,-0.05103849488065687
50000,17,0.786703106485899,0.198577364001579,-0.055337249311489964
50000,17.5,0.8007675315557031,0.2053623709497125,-0.059654331954330966
50000,18,0.8154429314044848,0.21196477657069565,-0.06399601322420323
50000,18.5,0.8306600561731754,0.21839605608947554,-0.06836642004891402
50000,19,0.8463598184717424,0.22466221969802624,-0.07276810766082539
50000,19.5,0.8624826097293306,0.23076782626066125,-0.07720265702310455
50000,20,0.8789637084406189,0.2367187026830469,-0.08167088168716427
50000,20.5,0.8957329037702721,0.24252325583920423,-0.0861726588984894
50000,21,0.9127164147158592,0.24819263929305035,-0.09070657878607666
50000,21.5,0.9298396597066046,0.25374016587830883,-0.09526961722208054
50000,22,0.9470299649047238,0.25918033961233067,-0.09985696925635937
50000,22.5,0.9642187407260201,0.2645277936074875,-0.10446209303699698
50000,23,0.9813429684541375,0.2697963195903975,-0.10907694389691543
50000,23.5,0.9983460276845805,0.2749980894341624,-0.11369233811052756
50000,24,1.0151779854887875,0.28014310848935486,-0.118298374459502
50000,24.5,1.0317954918521888,0.2852389011726669,-0.12288485059363521
50000,25,1.048161413238447,0.29029040494445874,-0.1274416300067182
50000,-20,-0.8743044010976369,0.24050863196624847,0.08004574605098944
50000,-19.5,-0.8577102506908109,0.23503886707259114,0.07576130901790981
50000,-19,-0.8412930447519688,0.22943316714498913,0.07153970974094608
50000,-18.5,-0.8251428009470444,0.2236699734940401,0.06737064458004494
50000,-18,-0.8093659640455374,0.21772497404508406,0.06324026408680014
50000,-17.5,-0.7940850659360749,0.21156943960119654,0.059131075184245895
50000,-17,-0.7794435068020084,0.2051646675545397,0.055019974307363204
50000,-16.5,-0.7656264125392067,0.19845055533529915,0.050873587987591284
50000,-16,-0.7529055379293706,0.1913319345117795,0.04664265775888861
50000,-15.5,-0.7416796420995855,0.1836835468652025,0.042264476968004346
50000,-15,-0.7324031090561883,0.17541400725168743,0.03769000812393402
50000,-14.5,-0.7252945465771571,0.16659544594337347,0.03293699270161153
50000,-14,-0.7200171909077266,0.15752558860032972,0.02811073054838381
50000,-13.5,-0.7159562285015637,0.14845751115076508,0.02328305110618751
50000,-13,-0.7134133118931367,0.138941567962336,0.01823403749788755
50000,-12.5,-0.7139202418268918,0.12778815149280023,0.012463425567595365
50000,-12,-0.7182679190994123,0.11483285365946472,0.005083437006505288
50000,-11.5,-0.7438449373392845,0.09901652526067528,-0.007086621215663958
50000,-11,-0.8140608086610887,0.07879994615482999,-0.019922001295167347
50000,-10.5,-0.8569321602245636,0.06475558024851265,-0.024216749660517404
50000,-10,-0.8724862524631289,0.056483293097984076,-0.023437114789874137
50000,-9.5,-0.8734807693874072,0.050247435519635585,-0.02116562707573496
50000,-9,-0.8597706578692921,0.04495022705669462,-0.01880608068007337
50000,-8.5,-0.8334255178744164,0.04036948196232176,-0.016690217135093992
50000,-8,-0.7983953093802536,0.03643345683156531,-0.014778839871170665
50000,-7.5,-0.7582588207483063,0.03309956766340525,-0.012967519665900682
50000,-7,-0.7156256753498311,0.030303423845487325,-0.011168891509869168
50000,-6.5,-0.6723490578581697,0.02792486355040812,-0.009346416214406518
50000,-6,-0.6299880916600251,0.025789970430125396,-0.007501914764726121
50000,-5.5,-0.5901213809110357,0.023723521650608547,-0.005593194709104169
50000,-5,-0.5528727809255576,0.02170960245164413,-0.0033670468972296073
50000,-4.5,-0.5150880654664631,0.02007686747035893,-0.00047912500714456343
50000,-4,-0.4753421731318804,0.019107413289487122,0.0027836027222468934
50000,-3.5,-0.43539584398963926,0.018494842412224363,0.006517711265471201
50000,-3,-0.39599755479740184,0.01804716174376431,0.010884839121798625
50000,-2.5,-0.35248980192575524,0.0178027129415198,0.01456035530978913
50000,-2,-0.2974411120209208,0.017765818954205204,0.015580700097420016
50000,-1.5,-0.23072358500008547,0.017846761591893294,0.013735659357256649
50000,-1,-0.1565492087141228,0.017957599393584815,0.009937631795978003
50000,-0.5,-0.07877729293417396,0.01804993381047748,0.0051357435186271385
50000,0,-4.996003610813204e-16,0.018086169518196086,8.153200337090994e-18
50000,0.5,0.07877729293417352,0.01804993381047748,-0.00513574351862713
50000,1,0.15654920871412167,0.017957599393584833,-0.00993763179597786
50000,1.5,0.23072358500008422,0.017846761591893294,-0.013735659357256444
50000,2,0.2974411120209199,0.017765818954205204,-0.01558070009742001
50000,2.5,0.3524898019257548,0.0178027129415198,-0.014560355309789243
50000,3,0.3959975547974008,0.01804716174376431,-0.010884839121798644
50000,3.5,0.43539584398963904,0.018494842412224335,-0.006517711265471288
50000,4,0.4753421731318801,0.01910741328948711,-0.002783602722246948
50000,4.5,0.5150880654664638,0.02007686747035892,0.00047912500714449924
50000,5,0.552872780925558,0.02170960245164409,0.0033670468972294143
50000,5.5,0.5901213809110344,0.023723521650608568,0.005593194709104113
50000,6,0.6299880916600252,0.025789970430125417,0.0075019147647260405
50000,6.5,0.6723490578581687,0.027924863550408147,0.009346416214406492
50000,7,0.7156256753498315,0.030303423845487377,0.011168891509868994
50000,7.5,0.7582588207483059,0.03309956766340528,0.012967519665900682
50000,8,0.7983953093802526,0.036433456831565424,0.014778839871170657
50000,8.5,0.8334255178744154,0.04036948196232189,0.016690217135093895
50000,9,0.8597706578692907,0.04495022705669462,0.01880608068007355
50000,9.5,0.8734807693874056,0.050247435519635716,0.02116562707573492
50000,10,0.8724862524631274,0.05648329309798421,0.023437114789874043
50000,10.5,0.8569321602245622,0.06475558024851277,0.024216749660517477
50000,11,0.8140608086610877,0.0787999461548302,0.01992200129516722
50000,11.5,0.7438449373392839,0.09901652526067545,0.00708662121566377
50000,12,0.7182679190994113,0.11483285365946487,-0.005083437006505334
50000,12.5,0.7139202418268914,0.1277881514928004,-0.012463425567595547
50000,13,0.7134133118931365,0.1389415679623362,-0.018234037497887674
50000,13.5,0.7159562285015633,0.14845751115076528,-0.023283051106187568
50000,14,0.7200171909077262,0.15752558860032978,-0.028110730548383846
50000,14.5,0.7252945465771565,0.16659544594337353,-0.032936992701611476
50000,15,0.7324031090561878,0.17541400725168751,-0.037690008123934055
50000,15.5,0.7416796420995846,0.18368354686520258,-0.0422644769680043
50000,16,0.7529055379293704,0.19133193451177957,-0.046642657758888616
50000,16.5,0.7656264125392065,0.19845055533529915,-0.05087358798759114
50000,17,0.7794435068020075,0.2051646675545396,-0.05501997430736316
50000,17.5,0.7940850659360745,0.21156943960119637,-0.05913107518424594
50000,18,0.8093659640455368,0.21772497404508426,-0.06324026408680018
50000,18.5,0.8251428009470451,0.22366997349404022,-0.06737064458004488
50000,19,0.841293044751969,0.2294331671449887,-0.07153970974094595
50000,19.5,0.8577102506908104,0.23503886707259083,-0.07576130901790985
50000,20,0.8743044010976364,0.24050863196624847,-0.08004574605098926
50000,20.5,0.8910019135146146,0.24586121436321953,-0.08439907485496581
50000,21,0.9077439644183329,0.25111215242912466,-0.08882238940363107
50000,21.5,0.9244835132937756,0.25627367401593415,-0.09331160567330125
50000,22,0.9411818616461036,0.26135505800972675,-0.09785792819449612
50000,22.5,0.9578055082389596,0.26636328405765713,-0.10244890020212657
50000,23,0.9743237810025567,0.27130372170827916,-0.10706974877878399
50000,23.5,0.9907073937155584,0.27618067783618555,-0.11170470745096736
50000,24,1.0069278119082048,0.2809977273005017,-0.11633809351406157
50000,24.5,1.022957181777442,0.28575783749311573,-0.12095505232228036
50000,25,1.0387685672600444,0.2904633461530398,-0.12554198723877813
50000,-20,-0.8745786739128014,0.24434011876043726,0.08182573460288703
50000,-19.5,-0.8576876245629269,0.2392543349568127,0.07767370581611024
50000,-19,-0.8408995337930361,0.23410517558833666,0.0735876481784754
50000,-18.5,-0.8242587945050175,0.22888281659730608,0.06957361059630608
50000,-18,-0.8078147664399347,0.22357520511331141,0.06563855167401358
50000,-17.5,-0.7916229496857556,0.21816802529678195,0.061790609022658136
50000,-17,-0.7757456493767354,0.212645239853972,0.058038598024169
50000,-16.5,-0.7602510786055332,0.2069904908070088,0.05439063730552647
50000,-16,-0.7452090037264074,0.2011894146266398,0.050852772377286845
50000,-15.5,-0.7306803079800406,0.19523256583090026,0.04742989530486576
50000,-15,-0.7166980992789995,0.189118405498568,0.04413212023959695
50000,-14.5,-0.703240547201715,0.1828557969674076,0.04098845907622221
50000,-14,-0.690204111349471,0.17646491172956483,0.038063582704766015
50000,-13.5,-0.677406543859857,0.16997312782044777,0.03545935913396986
50000,-13,-0.6646656979434167,0.1634021590267187,0.03327280530255696
50000,-12.5,-0.6519436928108886,0.15675625095208764,0.03152147250044837
50000,-12,-0.6394441708443449,0.15003614385232467,0.03011384938933242
50000,-11.5,-0.6276178004840463,0.14327538787853605,0.028894067081462436
50000,-11,-0.6171637435181931,0.13653428449493005,0.027687657115240526
50000,-10.5,-0.6090570684436407,0.12969658770875314,0.026253004125600842
50000,-10,-0.6052180515398422,0.12185712704357764,0.023810636846075272
50000,-9.5,-0.6131132796549575,0.11043823619817818,0.017298492767361326
50000,-9,-0.6741020510621795,0.08881812218519732,0.0007947888390068575
50000,-8.5,-0.7840717117445806,0.06318359969198184,-0.013918900367946388
50000,-8,-0.8004961490131435,0.05200433271720411,-0.015476071755759971
50000,-7.5,-0.7830385126923589,0.044824904478265454,-0.013712737321843003
50000,-7,-0.753637946773772,0.038613570387160755,-0.011232402977777643
50000,-6.5,-0.7136954981635242,0.03347173735275588,-0.00891181872165286
50000,-6,-0.6667028369822604,0.0293097396909839,-0.007062748244925842
50000,-5.5,-0.618123523344181,0.02598365678171065,-0.005029458688036539
50000,-5,-0.5736833788891353,0.023330642753324474,-0.001234696067304309
50000,-4.5,-0.5388437531005322,0.02158678150707701,0.005604551994776177
50000,-4,-0.5125641386244657,0.020781585091032763,0.014840928590108401
50000,-3.5,-0.4749453601096686,0.020514223824356848,0.022578052403913952
50000,-3,-0.3759409238019632,0.020869249030308453,0.01815543161747231
50000,-2.5,-0.23063001025439148,0.021048748831973312,0.0030052528496839403
50000,-2,-0.1153098374623717,0.02031015142736815,-0.008947551515631282
50000,-1.5,-0.05698607553412621,0.01924023259831929,-0.011780193170801083
50000,-1,-0.033695885032914236,0.018396529804207314,-0.008636687526733942
50000,-0.5,-0.017873433898082602,0.01790828932713439,-0.004157330973184716
50000,0,2.498001805406602e-16,0.017752090731428905,-8.049116928532385e-17
50000,0.5,0.017873433898082464,0.01790828932713439,0.004157330973184578
50000,1,0.033695885032913986,0.018396529804207307,0.00863668752673388
50000,1.5,0.056986075534125935,0.01924023259831929,0.01178019317080107
50000,2,0.11530983746237047,0.02031015142736815,0.008947551515631345
50000,2.5,0.2306300102543896,0.02104874883197332,-0.003005252849683731
50000,3,0.3759409238019617,0.020869249030308443,-0.018155431617472156
50000,3.5,0.47494536010966826,0.02051422382435683,-0.02257805240391402
50000,4,0.5125641386244663,0.020781585091032753,-0.014840928590108474
50000,4.5,0.5388437531005329,0.021586781507077032,-0.005604551994776402
50000,5,0.5736833788891352,0.023330642753324454,0.0012346960673042563
50000,5.5,0.6181235233441816,0.025983656781710603,0.005029458688036644
50000,6,0.6667028369822607,0.029309739690983824,0.007062748244925987
50000,6.5,0.713695498163524,0.033471737352755805,0.008911818721652753
50000,7,0.7536379467737715,0.038613570387160775,0.011232402977777544
50000,7.5,0.7830385126923589,0.04482490447826539,0.013712737321842958
50000,8,0.8004961490131421,0.05200433271720425,0.015476071755759985
50000,8.5,0.78407171174458,0.06318359969198196,0.013918900367946357
50000,9,0.6741020510621797,0.08881812218519732,-0.0007947888390067166
50000,9.5,0.6131132796549572,0.11043823619817818,-0.017298492767361312
50000,10,0.605218051539842,0.12185712704357769,-0.023810636846075244
50000,10.5,0.6090570684436406,0.12969658770875309,-0.026253004125600832
50000,11,0.6171637435181931,0.13653428449492996,-0.027687657115240537
50000,11.5,0.627617800484046,0.1432753878785361,-0.02889406708146247
50000,12,0.6394441708443447,0.15003614385232472,-0.030113849389332516
50000,12.5,0.6519436928108894,0.15675625095208773,-0.03152147250044852
50000,13,0.664665697943416,0.1634021590267187,-0.033272805302556996
50000,13.5,0.6774065438598571,0.1699731278204477,-0.03545935913396984
50000,14,0.6902041113494708,0.17646491172956483,-0.038063582704766084
50000,14.5,0.7032405472017149,0.18285579696740745,-0.040988459076222325
50000,15,0.7166980992789987,0.189118405498568,-0.044132120239596916
50000,15.5,0.730680307980041,0.19523256583090015,-0.04742989530486589
50000,16,0.7452090037264074,0.20118941462663972,-0.050852772377286956
50000,16.5,0.7602510786055331,0.20699049080700851,-0.05439063730552639
50000,17,0.7757456493767346,0.2126452398539718,-0.058038598024168976
50000,17.5,0.7916229496857561,0.21816802529678206,-0.061790609022658205
50000,18,0.8078147664399348,0.2235752051133115,-0.06563855167401372
50000,18.5,0.8242587945050172,0.22888281659730628,-0.06957361059630611
50000,19,0.8408995337930361,0.23410517558833646,-0.07358764817847545
50000,19.5,0.8576876245629261,0.2392543349568127,-0.07767370581611019
50000,20,0.8745786739128011,0.24434011876043737,-0.08182573460288695
50000,20.5,0.8915320647181093,0.24937041817339603,-0.08603797632703047
50000,21,0.9085099530164606,0.2543515201021245,-0.09030434695834012
50000,21.5,0.9254765261956162,0.2592883472076992,-0.09461800469279832
50000,22,0.9423975249012959,0.2641845744171714,-0.09897114928001458
50000,22.5,0.9592399916541428,0.2690426427828858,-0.1033550246821052
50000,23,0.9759721895095136,0.2738637198806382,-0.10776006787403265
50000,23.5,0.9925636311548081,0.2786476617150244,-0.11217614331826484
50000,24,1.0089851677501045,0.2833930199022108,-0.11659281177370565
50000,24.5,1.0252091012475342,0.28809711690701095,-0.12099959567585898
50000,25,1.0412092980772547,0.29275618935709896,-0.12538621692567992
100000,-20,-0.8855471769961086,0.23769253969384452,0.08385263669053025
100000,-19.5,-0.8687621383660609,0.23176348422948637,0.07934526656472127
100000,-19,-0.8522868782692292,0.22567462375362063,0.07487169290932963
100000,-18.5,-0.8362425954639856,0.21939385658613267,0.07042546222403748
100000,-18,-0.8207747899140521,0.2128816352895892,0.06599734051388384
100000,-17.5,-0.8060577756078722,0.2060892131835131,0.061575496744064075
100000,-17,-0.7923006665194927,0.1989569094855927,0.05714578636686194
100000,-16.5,-0.7797540589802046,0.1914140186321994,0.052692878900096406
100000,-16,-0.7687077576421887,0.18338618767687587,0.04820439099426657
100000,-15.5,-0.7594478228699508,0.17482496067252232,0.043681874433190784
100000,-15,-0.7521399393219813,0.16577722857683214,0.039158037737438436
100000,-14.5,-0.7468685901869874,0.15642259535376546,0.03468166710519906
100000,-14,-0.7450504900941085,0.14651800404357673,0.030159273016687325
100000,-13.5,-0.7501014785022434,0.13389347273920732,0.025038338584137464
100000,-13,-0.7889667203996421,0.11196928586251548,0.010417693424039367
100000,-12.5,-0.9509916006022242,0.0706559997995862,-0.014922883298982897
100000,-12,-0.9963890619776419,0.05390473932418736,-0.024202816522555425
100000,-11.5,-1.0136395422310267,0.046074252584271363,-0.02476240018903739
100000,-11,-1.013761394040339,0.040877512399503886,-0.022607432044784413
100000,-10.5,-0.998225894641365,0.03696316968096044,-0.02020896347007484
100000,-10,-0.9720541375607865,0.033786391297021226,-0.018042190463176087
100000,-9.5,-0.939383125830958,0.031107746051985408,-0.016062315603496073
100000,-9,-0.9028630122804263,0.028806581142663934,-0.014160052165611147
100000,-8.5,-0.8640556236408292,0.026811893920075807,-0.012246547975549592
100000,-8,-0.8237594516573667,0.025073186349079648,-0.010280285867976548
100000,-7.5,-0.7821979578890722,0.023549639580565045,-0.00828730938066322
100000,-7,-0.7391793434041232,0.022207617659360735,-0.006364214835134647
100000,-6.5,-0.6942855647671162,0.021017906682874333,-0.004654828702191338
100000,-6,-0.6470748003741714,0.019951945611677176,-0.003311041252203844
100000,-5.5,-0.5972425786550627,0.018980379029421686,-0.002457127377913807
100000,-5,-0.5447225746157675,0.018074510146156984,-0.0021659274310196195
100000,-4.5,-0.48980809856802715,0.017207206379641234,-0.002432071311333972
100000,-4,-0.43325527721386553,0.0163616346704637,-0.003133450725809633
100000,-3.5,-0.3759301459159684,0.015566495854487038,-0.003997092979073444
100000,-3,-0.3186168908689357,0.014858905531379621,-0.004576237931908892
100000,-2.5,-0.2624182890365909,0.014241516424181143,-0.004641034587779307
100000,-2,-0.2079212158811587,0.013751797585702828,-0.00426537032226378
100000,-1.5,-0.15484013275304415,0.01340805042178008,-0.0035388349539242775
100000,-1,-0.10271930344050473,0.01316685381426727,-0.002540471538836961
100000,-0.5,-0.05120414293327426,0.013006654997468933,-0.0013328685797275794
100000,0,-5.689893001203927e-16,0.012948661467132154,-4.4408920985006264e-17
100000,0.5,0.051204142933273876,0.013006654997468923,0.001332868579727503
100000,1,0.1027193034405045,0.01316685381426727,0.0025404715388370235
100000,1.5,0.1548401327530436,0.013408050421780069,0.00353883495392429
100000,2,0.2079212158811584,0.013751797585702816,0.004265370322263702
100000,2.5,0.26241828903659076,0.014241516424181143,0.004641034587779369
100000,3,0.31861689086893424,0.014858905531379635,0.004576237931908841
100000,3.5,0.3759301459159679,0.015566495854487038,0.003997092979073353
100000,4,0.43325527721386536,0.0163616346704637,0.0031334507258094584
100000,4.5,0.48980809856802726,0.01720720637964122,0.002432071311333919
100000,5,0.544722574615768,0.018074510146156984,0.002165927431019503
100000,5.5,0.5972425786550624,0.018980379029421714,0.002457127377913791
100000,6,0.6470748003741711,0.019951945611677176,0.003311041252203763
100000,6.5,0.6942855647671151,0.02101790668287435,0.004654828702191397
100000,7,0.7391793434041227,0.022207617659360752,0.006364214835134614
100000,7.5,0.782197957889072,0.023549639580565097,0.008287309380663237
100000,8,0.8237594516573663,0.025073186349079638,0.01028028586797648
100000,8.5,0.8640556236408291,0.026811893920075793,0.01224654797554954
100000,9,0.9028630122804258,0.028806581142663996,0.014160052165611045
100000,9.5,0.9393831258309575,0.031107746051985435,0.016062315603496177
100000,10,0.9720541375607857,0.033786391297021254,0.01804219046317622
100000,10.5,0.9982258946413638,0.03696316968096045,0.020208963470074986
100000,11,1.0137613940403372,0.040877512399503976,0.022607432044784416
100000,11.5,1.0136395422310251,0.04607425258427146,0.024762400189037453
100000,12,0.996389061977639,0.05390473932418765,0.024202816522555185
100000,12.5,0.9509916006022217,0.07065599979958682,0.014922883298982604
100000,13,0.7889667203996381,0.11196928586251642,-0.010417693424039792
100000,13.5,0.7501014785022425,0.13389347273920757,-0.025038338584137516
100000,14,0.7450504900941088,0.14651800404357707,-0.03015927301668748
100000,14.5,0.7468685901869864,0.15642259535376546,-0.034681667105199106
100000,15,0.7521399393219815,0.16577722857683236,-0.039158037737438464
100000,15.5,0.7594478228699507,0.17482496067252248,-0.04368187443319084
100000,16,0.7687077576421888,0.1833861876768761,-0.04820439099426664
100000,16.5,0.7797540589802037,0.19141401863219956,-0.05269287890009644
100000,17,0.7923006665194925,0.1989569094855929,-0.05714578636686178
100000,17.5,0.8060577756078714,0.2060892131835131,-0.061575496744064075
100000,18,0.8207747899140515,0.2128816352895892,-0.06599734051388377
100000,18.5,0.8362425954639848,0.21939385658613247,-0.07042546222403737
100000,19,0.8522868782692293,0.22567462375362074,-0.07487169290932956
100000,19.5,0.8687621383660601,0.23176348422948626,-0.07934526656472116
100000,20,0.8855471769961083,0.23769253969384452,-0.08385263669053034
100000,20.5,0.9025412781178794,0.24348793105091227,-0.088397283656832
100000,21,0.9196606598248029,0.2491710589197512,-0.0929795956353148
100000,21.5,0.9368351722689148,0.25475956167000097,-0.09759691322741948
100000,22,0.9540053695832681,0.26026805685829046,-0.10224377649278989
100000,22.5,0.9711200726458762,0.2657086534407158,-0.10691235679172446
100000,23,0.988134470279834,0.2710912604952729,-0.11159301626348321
100000,23.5,1.0050087353886343,0.2764237402356201,-0.1162749208991408
100000,24,1.0217070820968048,0.28171196647105656,-0.1209466365095957
100000,24.5,1.0381971647382726,0.2869598485679328,-0.12559665354785485
100000,25,1.0544497159337196,0.2921693672410131,-0.13021380883586775
100000,-20,-0.8796431932368417,0.23954094899064574,0.08297324233774225
100000,-19.5,-0.863054572194146,0.2336848843215419,0.07848285847905481
100000,-19,-0.8466844695544916,0.227705695646039,0.07403744699981143
100000,-18.5,-0.830630287635485,0.22157943781816955,0.06962883072664657
100000,-18,-0.8150153856130594,0.21527077039096462,0.0652444777035387
100000,-17.5,-0.7999975748284415,0.20872948540272876,0.06086697198363642
100000,-17,-0.7857837078946078,0.20188538965230263,0.0564729369129068
100000,-16.5,-0.7726537371108794,0.19464252849161698,0.05203169282210658
100000,-16,-0.7609867347452242,0.18688105280846792,0.047506042899312026
100000,-15.5,-0.7512483988261314,0.17849043031867204,0.042861976493976627
100000,-15,-0.7438700604129096,0.16946374497078628,0.03809538927747911
100000,-14.5,-0.7390884826028838,0.1599926571150882,0.0332565161576819
100000,-14,-0.7373288029622185,0.15014356567952594,0.028360498094970592
100000,-13.5,-0.7399041988680003,0.13860869391230313,0.02305631853571233
100000,-13,-0.7466749495988612,0.1231828592744502,0.014955617226634632
100000,-12.5,-0.8224883162787361,0.09564417706980703,-0.004690715970775169
100000,-12,-0.9357328093775538,0.06655758989332428,-0.022065807982074543
100000,-11.5,-0.9634464916656178,0.05467290669116901,-0.026784312818366
100000,-11,-0.977100894963483,0.04783984974556895,-0.025590123070045035
100000,-10.5,-0.977715675599526,0.04266304404697653,-0.022624727680546058
100000,-10,-0.9628577303805705,0.03843231376672826,-0.019703553501938764
100000,-9.5,-0.9362594020353466,0.03480869012872029,-0.01721602478512283
100000,-9,-0.902427691689895,0.03164838905133962,-0.0150619779033944
100000,-8.5,-0.8645241752111451,0.02889420366309027,-0.013070401645510854
100000,-8,-0.824396708615842,0.026504835628864357,-0.011109584396869534
100000,-7.5,-0.7830122388995948,0.0244358677895361,-0.009109254702806241
100000,-7,-0.7408431580043614,0.02264363278553374,-0.007053295761966077
100000,-6.5,-0.6981557043453892,0.021085174745453246,-0.004961926439043454
100000,-6,-0.6551804556295155,0.019711055547167927,-0.0028805737839498378
100000,-5.5,-0.6122191051349939,0.018454326903096833,-0.0008704823127312067
100000,-5,-0.5696122686252033,0.0172319417566106,0.0009950884612563193
100000,-4.5,-0.5267908068146864,0.016038953338270982,0.0026670813770685317
100000,-4,-0.48214183737490435,0.014957943687450001,0.0043984224116015
100000,-3.5,-0.43572746416870106,0.014125995495058745,0.006119227721136925
100000,-3,-0.3877282478993695,0.01356250008572891,0.007598769589564752
100000,-2.5,-0.3377452767968036,0.013119484257368332,0.009000404656121449
100000,-2,-0.2846946440249509,0.012777193709065241,0.010117583311564569
100000,-1.5,-0.2255090478263845,0.012546338115148709,0.010133099979812552
100000,-1,-0.15738900619628154,0.012408651093984008,0.008331164795639065
100000,-0.5,-0.08104552457809072,0.012336572541862522,0.004715212099919985
100000,0,-3.7470027081099033e-16,0.012313627955218228,-2.7755575615628915e-18
100000,0.5,0.08104552457808965,0.012336572541862522,-0.004715212099919872
100000,1,0.15738900619628166,0.012408651093984008,-0.00833116479563918
100000,1.5,0.2255090478263843,0.012546338115148686,-0.010133099979812465
100000,2,0.2846946440249509,0.01277719370906523,-0.010117583311564577
100000,2.5,0.3377452767968037,0.01311948425736832,-0.009000404656121588
100000,3,0.3877282478993698,0.013562500085728898,-0.007598769589564884
100000,3.5,0.43572746416870123,0.014125995495058745,-0.006119227721137115
100000,4,0.4821418373749044,0.014957943687449987,-0.0043984224116015245
100000,4.5,0.5267908068146859,0.016038953338270996,-0.002667081377068712
100000,5,0.5696122686252034,0.0172319417566106,-0.000995088461256337
100000,5.5,0.6122191051349921,0.01845432690309685,0.0008704823127312257
100000,6,0.6551804556295158,0.019711055547167903,0.002880573783949742
100000,6.5,0.6981557043453892,0.021085174745453246,0.004961926439043334
100000,7,0.7408431580043613,0.02264363278553374,0.0070532957619661
100000,7.5,0.7830122388995949,0.02443586778953612,0.009109254702806161
100000,8,0.8243967086158411,0.02650483562886438,0.011109584396869602
100000,8.5,0.8645241752111442,0.02889420366309031,0.013070401645510885
100000,9,0.902427691689895,0.03164838905133969,0.01506197790339436
100000,9.5,0.9362594020353456,0.03480869012872046,0.01721602478512279
100000,10,0.9628577303805692,0.0384323137667284,0.01970355350193877
100000,10.5,0.9777156755995249,0.04266304404697666,0.02262472768054604
100000,11,0.9771008949634814,0.047839849745569075,0.025590123070045205
100000,11.5,0.9634464916656158,0.0546729066911693,0.026784312818365873
100000,12,0.9357328093775525,0.06655758989332457,0.02206580798207426
100000,12.5,0.8224883162787311,0.09564417706980788,0.004690715970774466
100000,13,0.7466749495988599,0.12318285927445043,-0.01495561722663486
100000,13.5,0.739904198868,0.1386086939123032,-0.023056318535712477
100000,14,0.7373288029622184,0.15014356567952614,-0.02836049809497067
100000,14.5,0.7390884826028838,0.1599926571150882,-0.03325651615768195
100000,15,0.743870060412909,0.16946374497078642,-0.03809538927747926
100000,15.5,0.7512483988261315,0.1784904303186722,-0.04286197649397657
100000,16,0.7609867347452242,0.18688105280846792,-0.047506042899312
100000,16.5,0.772653737110879,0.19464252849161698,-0.052031692822106554
100000,17,0.7857837078946083,0.20188538965230282,-0.056472936912906745
100000,17.5,0.799997574828441,0.20872948540272912,-0.06086697198363626
100000,18,0.8150153856130589,0.21527077039096473,-0.06524447770353864
100000,18.5,0.8306302876354847,0.22157943781816936,-0.06962883072664658
100000,19,0.8466844695544913,0.227705695646039,-0.07403744699981149
100000,19.5,0.8630545721941448,0.23368488432154214,-0.07848285847905481
100000,20,0.8796431932368411,0.23954094899064593,-0.08297324233774221
100000,20.5,0.8963729350367411,0.24528906252055108,-0.08751266561916146
100000,21,0.9131813958720291,0.2509380208721788,-0.09210129445326456
100000,21.5,0.9300168176146051,0.2564925476348053,-0.09673569950109388
100000,22,0.9468345611355864,0.2619553393328449,-0.10140929825922658
100000,22.5,0.9635945588326396,0.2673286164770354,-0.10611292249868357
100000,23,0.980259718410933,0.2726150453549973,-0.11083547133633964
100000,23.5,0.9967951015572534,0.27781805514060653,-0.11556459632372729
100000,24,1.01316763668024,0.282941701371432,-0.12028736114568954
100000,24.5,1.0293461380950684,0.2879902759589498,-0.12499082504865788
100000,25,1.0453014587982365,0.29296784273170806,-0.1296625144807765
100000,-20,-0.8720606676284152,0.2401477935185319,0.08161444731236006
100000,-19.5,-0.8551340479522103,0.23493941825969994,0.07725813893268885
100000,-19,-0.8383470426351565,0.22963856873442698,0.07295177723073216
100000,-18.5,-0.8217595627975527,0.2242348155445825,0.06869559199054046
100000,-18,-0.8054398013305304,0.21871541232427055,0.06448833535060541
100000,-17.5,-0.7894652868279999,0.21306510191811187,0.0603276865541615
100000,-17,-0.7739227875322657,0.20726618820620704,0.056210791240185576
100000,-16.5,-0.7589059575448073,0.2012990867349242,0.05213499764469272
100000,-16,-0.7445092258218363,0.19514368568923182,0.04809896132938422
100000,-15.5,-0.7308163155253719,0.18878197450880266,0.04410443192004242
100000,-15,-0.7178826100340023,0.18220247630070552,0.04015912545064395
100000,-14.5,-0.7057134207337019,0.17540704346039937,0.03628087518476274
100000,-14,-0.6942462134047458,0.1684205030106386,0.03250205930485199
100000,-13.5,-0.6833548690157782,0.1613023843756214,0.028869527303394593
100000,-13,-0.6729083379444596,0.15415273219873224,0.025426822491098545
100000,-12.5,-0.6629290333167233,0.14708052044421954,0.022155082477510385
100000,-12,-0.6538849416392578,0.1400574919273904,0.01885409212883995
100000,-11.5,-0.6471378372558012,0.1325561638663518,0.01499433462882536
100000,-11,-0.6459209991983796,0.1230943826120425,0.009670661405302771
100000,-10.5,-0.6582860910901138,0.1096498621770255,0.001841378561991528
100000,-10,-0.7081417594984454,0.09050533292280188,-0.008940256630335203
100000,-9.5,-0.8195674421143422,0.06565733041076542,-0.01871037981765013
100000,-9,-0.8775493569408706,0.048630923617308836,-0.01972289171817667
100000,-8.5,-0.8650035251934634,0.04063531168008913,-0.016459090328408293
100000,-8,-0.8330942844040836,0.03526738944526388,-0.013265624627713326
100000,-7.5,-0.79502607814749,0.030763440678596134,-0.010448233188989317
100000,-7,-0.7532615681995787,0.026982828661185364,-0.007970070423064943
100000,-6.5,-0.7084310454797567,0.023849144077564558,-0.0058957100428642575
100000,-6,-0.662214510165352,0.02126805792198389,-0.00400494856129747
100000,-5.5,-0.6172199055324729,0.0190876172143301,-0.002043615887006415
100000,-5,-0.5760408562391857,0.017108179778204616,-0.00003073097380539057
100000,-4.5,-0.5368711281568374,0.015339538671132314,0.002569408729727693
100000,-4,-0.4945320446316105,0.014232821866037249,0.006274201419516597
100000,-3.5,-0.4528963578233036,0.013702860649538,0.010637986136995608
100000,-3,-0.41703833502096543,0.01333350581362564,0.016357621091614215
100000,-2.5,-0.37495169357096536,0.01325570988785212,0.0207265893982428
100000,-2,-0.3077397873975403,0.013521852522425971,0.019542755863115137
100000,-1.5,-0.22115424839695655,0.013824451819004546,0.013689442682639144
100000,-1,-0.1330838962294947,0.014008554543479318,0.006830256092901749
100000,-0.5,-0.059147889816299454,0.014083853795613006,0.002158543522939229
100000,0,-8.049116928532385e-16,0.014099308551076061,1.4085954624931674e-16
100000,0.5,0.05914788981629876,0.014083853795613019,-0.002158543522939163
100000,1,0.13308389622949351,0.014008554543479332,-0.0068302560929016124
100000,1.5,0.22115424839695497,0.013824451819004558,-0.013689442682639075
100000,2,0.3077397873975399,0.013521852522425971,-0.01954275586311518
100000,2.5,0.374951693570965,0.01325570988785212,-0.020726589398242838
100000,3,0.41703833502096443,0.01333350581362564,-0.01635762109161436
100000,3.5,0.45289635782330295,0.013702860649538,-0.010637986136995686
100000,4,0.4945320446316098,0.014232821866037236,-0.006274201419516602
100000,4.5,0.5368711281568379,0.015339538671132314,-0.002569408729727801
100000,5,0.5760408562391859,0.017108179778204616,0.00003073097380516437
100000,5.5,0.6172199055324731,0.019087617214330072,0.002043615887006431
100000,6,0.6622145101653507,0.0212680579219839,0.004004948561297494
100000,6.5,0.7084310454797547,0.02384914407756458,0.005895710042864173
100000,7,0.7532615681995793,0.026982828661185388,0.007970070423064983
100000,7.5,0.7950260781474903,0.03076344067859616,0.010448233188989204
100000,8,0.8330942844040845,0.03526738944526394,0.013265624627713204
100000,8.5,0.8650035251934629,0.04063531168008922,0.016459090328408442
100000,9,0.877549356940869,0.048630923617309134,0.019722891718176677
100000,9.5,0.8195674421143397,0.06565733041076584,0.018710379817650082
100000,10,0.7081417594984439,0.09050533292280212,0.008940256630335014
100000,10.5,0.6582860910901133,0.1096498621770257,-0.0018413785619915788
100000,11,0.6459209991983789,0.1230943826120425,-0.009670661405302785
100000,11.5,0.6471378372558009,0.1325561638663518,-0.014994334628825434
100000,12,0.6538849416392576,0.14005749192739045,-0.018854092128839976
100000,12.5,0.6629290333167234,0.14708052044421946,-0.02215508247751028
100000,13,0.672908337944459,0.1541527321987321,-0.025426822491098577
100000,13.5,0.6833548690157781,0.1613023843756214,-0.028869527303394656
100000,14,0.6942462134047453,0.16842050301063868,-0.03250205930485203
100000,14.5,0.7057134207337017,0.17540704346039937,-0.036280875184762716
100000,15,0.7178826100340021,0.18220247630070543,-0.04015912545064402
100000,15.5,0.7308163155253722,0.18878197450880257,-0.044104431920042396
100000,16,0.7445092258218362,0.19514368568923207,-0.04809896132938418
100000,16.5,0.7589059575448065,0.2012990867349242,-0.052134997644692635
100000,17,0.7739227875322656,0.20726618820620676,-0.05621079124018565
100000,17.5,0.7894652868279998,0.21306510191811187,-0.06032768655416136
100000,18,0.8054398013305298,0.21871541232427016,-0.06448833535060527
100000,18.5,0.8217595627975522,0.2242348155445828,-0.06869559199054046
100000,19,0.8383470426351562,0.22963856873442717,-0.07295177723073216
100000,19.5,0.8551340479522098,0.23493941825969994,-0.07725813893268876
100000,20,0.8720606676284153,0.2401477935185317,-0.08161444731235998
100000,20.5,0.889073793030857,0.2452721333121639,-0.08601872141582431
100000,21,0.9061256430876977,0.2503192557055422,-0.0904671014190663
100000,21.5,0.9231725170170542,0.2552947063960336,-0.09495387421614157
100000,22,0.9401738615520766,0.260203039249414,-0.09947164211480468
100000,22.5,0.9570916548899867,0.2650480030996016,-0.10401160662906013
100000,23,0.9738900624682916,0.2698326312008327,-0.10856392733586966
100000,23.5,0.9905352987641629,0.27455924965906653,-0.11311811185584739
100000,24,1.0069956256939359,0.27922943405315986,-0.11766339673276871
100000,24.5,1.0232414249899158,0.28384394702549254,-0.1221890880672674
100000,25,1.039245294147174,0.28840268497276234,-0.12668484227419147
200000,-20,-0.8882055521529387,0.23850547413149928,0.08522262876485123
200000,-19.5,-0.8720299311383188,0.23238106541781337,0.08069865119331054
200000,-19,-0.8563737073401415,0.22598192510272963,0.07615561129485174
200000,-18.5,-0.8414316107445229,0.21924168997715587,0.07156939265819554
200000,-18,-0.827449372454242,0.21207902939317144,0.06691275038577679
200000,-17.5,-0.8147061879419707,0.20441339685026952,0.06216342267845691
200000,-17,-0.8034404012294715,0.19620600491304854,0.05731930011547039
200000,-16.5,-0.7937781758655962,0.18748840514171936,0.0524048986549383
200000,-16,-0.786239337718836,0.1781634819223425,0.04741741660211479
200000,-15.5,-0.7841873969299092,0.1672491749711817,0.04241350491780001
200000,-15,-0.7909523574884233,0.1536453150944104,0.03653804901181122
200000,-14.5,-0.9287743245044702,0.11142129206134192,0.008378230653337563
200000,-14,-1.0954061203949128,0.06353699709432944,-0.01655306379941639
200000,-13.5,-1.1320036502203648,0.050059472840111495,-0.02545553867325493
200000,-13,-1.1497804776370337,0.04251628363758748,-0.02719663887941822
200000,-12.5,-1.1511106577875003,0.037745370367229684,-0.025260701785775087
200000,-12,-1.1387266356080865,0.03423136122140356,-0.022576958834021492
200000,-11.5,-1.1159198351431179,0.031396824473236336,-0.02007581166392483
200000,-11,-1.0857855755958783,0.02900048024305712,-0.01787508970124683
200000,-10.5,-1.0507975791617072,0.026920465145320146,-0.015890733045454304
200000,-10,-1.0127370054763265,0.02508965169185223,-0.014018145654806271
200000,-9.5,-0.9727438456983166,0.023467356896301802,-0.012185431887831038
200000,-9,-0.9313974742800426,0.022024418179127946,-0.010372024616274646
200000,-8.5,-0.8888009824868229,0.02073397052887966,-0.00861570918328353
200000,-8,-0.8447014919591629,0.01956633095759062,-0.007006433452884324
200000,-7.5,-0.7986633297767112,0.018493790667550736,-0.005665417777756554
200000,-7,-0.7502453658386263,0.01749863639674446,-0.004712818236010038
200000,-6.5,-0.6991451415282467,0.016573235038536163,-0.004229495798287987
200000,-6,-0.6453457401407687,0.01571682259041544,-0.004220746783220001
200000,-5.5,-0.589291348544179,0.014933011932445787,-0.004584531666951707
200000,-5,-0.5319987933588575,0.01422701291598663,-0.0050972285882951995
200000,-4.5,-0.4748864308391951,0.013601507603197234,-0.005461301112768745
200000,-4,-0.4192183593120931,0.013050325827914775,-0.005445532383413429
200000,-3.5,-0.36553708516333616,0.012555341761457985,-0.0050210173525809445
200000,-3,-0.3134464350679595,0.012112954286209026,-0.004365169481117955
200000,-2.5,-0.26179516095243577,0.011752456375065383,-0.0036514074781356736
200000,-2,-0.2097845276392618,0.011461971886573209,-0.0028352305363446434
200000,-1.5,-0.15748141457907205,0.011211425725169557,-0.001985254007870563
200000,-1,-0.10508014536088621,0.011025672811515706,-0.0012392689006808706
200000,-0.5,-0.05257785124013702,0.01093499846295048,-0.000590586982753058
200000,0,1.6653345369377348e-16,0.010914604234768095,-4.163336342344337e-17
200000,0.5,0.05257785124013615,0.01093499846295048,0.0005905869827528582
200000,1,0.10508014536088568,0.011025672811515716,0.0012392689006806984
200000,1.5,0.1574814145790723,0.011211425725169557,0.0019852540078704544
200000,2,0.20978452763926175,0.011461971886573198,0.0028352305363444933
200000,2.5,0.2617951609524343,0.011752456375065373,0.0036514074781356515
200000,3,0.31344643506795894,0.012112954286209026,0.004365169481117865
200000,3.5,0.3655370851633349,0.012555341761457974,0.0050210173525808265
200000,4,0.41921835931209284,0.013050325827914763,0.005445532383413394
200000,4.5,0.4748864308391949,0.013601507603197222,0.0054613011127687084
200000,5,0.5319987933588575,0.01422701291598663,0.0050972285882950885
200000,5.5,0.5892913485441775,0.014933011932445813,0.004584531666951643
200000,6,0.6453457401407685,0.01571682259041544,0.004220746783219929
200000,6.5,0.6991451415282444,0.016573235038536176,0.004229495798287996
200000,7,0.7502453658386261,0.017498636396744493,0.0047128182360098945
200000,7.5,0.7986633297767103,0.018493790667550768,0.005665417777756307
200000,8,0.8447014919591624,0.019566330957590628,0.007006433452884349
200000,8.5,0.8888009824868217,0.020733970528879705,0.008615709183283393
200000,9,0.931397474280042,0.022024418179127918,0.010372024616274612
200000,9.5,0.9727438456983158,0.023467356896301843,0.012185431887831097
200000,10,1.0127370054763265,0.02508965169185224,0.014018145654806257
200000,10.5,1.0507975791617072,0.026920465145320156,0.015890733045454374
200000,11,1.0857855755958787,0.02900048024305712,0.017875089701246842
200000,11.5,1.1159198351431179,0.03139682447323642,0.020075811663924865
200000,12,1.1387266356080854,0.03423136122140366,0.02257695883402175
200000,12.5,1.1511106577874988,0.03774537036722986,0.025260701785775126
200000,13,1.1497804776370313,0.04251628363758761,0.027196638879418256
200000,13.5,1.1320036502203612,0.050059472840111786,0.025455538673255073
200000,14,1.0954061203949086,0.06353699709433007,0.016553063799415905
200000,14.5,0.9287743245044583,0.11142129206134439,-0.008378230653338946
200000,15,0.7909523574884219,0.15364531509441096,-0.036538049011811645
200000,15.5,0.7841873969299087,0.16724917497118214,-0.042413504917800146
200000,16,0.7862393377188355,0.17816348192234258,-0.047417416602114945
200000,16.5,0.7937781758655962,0.18748840514171952,-0.052404898654938456
200000,17,0.8034404012294708,0.1962060049130488,-0.057319300115470505
200000,17.5,0.8147061879419707,0.2044133968502696,-0.06216342267845683
200000,18,0.827449372454242,0.21207902939317144,-0.06691275038577671
200000,18.5,0.8414316107445224,0.21924168997715607,-0.07156939265819554
200000,19,0.8563737073401407,0.2259819251027297,-0.07615561129485186
200000,19.5,0.8720299311383184,0.23238106541781345,-0.08069865119331047
200000,20,0.8882055521529386,0.2385054741314995,-0.08522262876485129
200000,20.5,0.9047493851513297,0.24440573410948066,-0.08974577048444772
200000,21,0.9215422213735377,0.2501203669322505,-0.0942800651620691
200000,21.5,0.9384875933114141,0.2556796352124733,-0.09883179928697579
200000,22,0.95550545314335,0.26110827843484347,-0.10340237799790801
200000,22.5,0.9725279914307078,0.2664271907573075,-0.10798922835741398
200000,23,0.9894968504441488,0.27165431615281743,-0.11258670973392675
200000,23.5,1.0063612338449102,0.27680503695800623,-0.11718698596978075
200000,24,1.0230766026232823,0.28189227763927477,-0.1217808196819262
200000,24.5,1.039603758712637,0.2869264869477589,-0.1263582560635434
200000,25,1.0559081818287024,0.29191560659124904,-0.13090917616652636
200000,-20,-0.8827255396170485,0.23814719033024312,0.08476638237958042
200000,-19.5,-0.8665288975578139,0.23216643071230478,0.08017363299614808
200000,-19,-0.8507165491967198,0.2259888430407546,0.07557638820035881
200000,-18.5,-0.835450688489157,0.21955384803578443,0.07095558161439801
200000,-18,-0.8209498121858985,0.21277852810895928,0.06628698825933019
200000,-17.5,-0.8074924686487761,0.20555996044491862,0.06154401039862052
200000,-17,-0.7953873949766904,0.19779659335918492,0.05670528250651965
200000,-16.5,-0.7849347320334519,0.1894244223474689,0.051762851989410955
200000,-16,-0.7767306848895682,0.1803503172401858,0.04669975192567552
200000,-15.5,-0.7734063079055189,0.16987528876443006,0.041427468370333696
200000,-15,-0.7800215198579408,0.1559147892586986,0.03569480981924957
200000,-14.5,-0.813535331217878,0.1336843987930999,0.02234787602564356
200000,-14,-0.9947091189805126,0.0862587688253006,-0.004639017642597146
200000,-13.5,-1.0619534283018193,0.061219382578505906,-0.020323654444141696
200000,-13,-1.0870899262475517,0.05020979339508438,-0.027696506585061436
200000,-12.5,-1.1029156162613754,0.0431762766362873,-0.028650155117234954
200000,-12,-1.1058740284367716,0.038405387665726924,-0.02609109692706261
200000,-11.5,-1.0950696720499642,0.03477792209159666,-0.02275560477708628
200000,-11,-1.072944570486138,0.031779262435297294,-0.01971761670743159
200000,-10.5,-1.0428782010262019,0.029187458188921357,-0.017153521226198943
200000,-10,-1.007626554704224,0.026899769152311775,-0.014968900944348745
200000,-9.5,-0.9690738859294834,0.024863223539647508,-0.01303044449073451
200000,-9,-0.928457290754641,0.023045889963108326,-0.011218064235918031
200000,-8.5,-0.8865708488935233,0.021423156701720295,-0.009433989570772548
200000,-8,-0.8438675018478354,0.019971480691418037,-0.007612766013865886
200000,-7.5,-0.8005304824017347,0.01867176364143469,-0.005734257017726023
200000,-7,-0.7565519487613357,0.017513163820636744,-0.0038294233991845728
200000,-6.5,-0.7117904360382681,0.016486156830852954,-0.0019734099304055722
200000,-6,-0.6659950852840149,0.015573282131966338,-0.0002737627692799581
200000,-5.5,-0.6188446934576154,0.01474413304255299,0.0011421609949106182
200000,-5,-0.5700998774722909,0.013949901143891448,0.0021522947152703975
200000,-4.5,-0.519774443865936,0.013125626361580841,0.0026788882443990296
200000,-4,-0.4672655916708179,0.01227985570907812,0.002642518390327247
200000,-3.5,-0.41106774826910275,0.01148849887429008,0.0022455448267675164
200000,-3,-0.3525015071576646,0.010737621909520245,0.0016262729302562993
200000,-2.5,-0.2929713137573513,0.010116590095488969,0.0006537088673421537
200000,-2,-0.23247012566678255,0.00959157732973469,-0.0004659992954282349
200000,-1.5,-0.17181150559797118,0.009136155509341465,-0.0013003373591309263
200000,-1,-0.11254944731338169,0.008796451284068248,-0.0015330942861331797
200000,-0.5,-0.0554754874724136,0.00859242044575114,-0.0010433698834801497
200000,0,-7.147060721024445e-16,0.008524082344307375,-3.053113317719181e-17
200000,0.5,0.05547548747241347,0.00859242044575115,0.0010433698834801581
200000,1,0.11254944731338151,0.00879645128406824,0.0015330942861331632
200000,1.5,0.17181150559797043,0.009136155509341456,0.0013003373591310235
200000,2,0.23247012566678246,0.009591577329734681,0.0004659992954280656
200000,2.5,0.29297131375735097,0.010116590095488978,-0.0006537088673420815
200000,3,0.3525015071576647,0.010737621909520234,-0.0016262729302564962
200000,3.5,0.41106774826910336,0.01148849887429009,-0.0022455448267676413
200000,4,0.46726559167081694,0.01227985570907812,-0.0026425183903271204
200000,4.5,0.5197744438659363,0.013125626361580817,-0.002678888244398943
200000,5,0.5700998774722903,0.013949901143891448,-0.0021522947152703767
200000,5.5,0.6188446934576151,0.014744133042553016,-0.00114216099491058
200000,6,0.665995085284015,0.015573282131966296,0.0002737627692801007
200000,6.5,0.7117904360382679,0.016486156830852968,0.0019734099304054113
200000,7,0.7565519487613364,0.017513163820636713,0.0038294233991846803
200000,7.5,0.800530482401734,0.018671763641434733,0.0057342570177259826
200000,8,0.8438675018478343,0.0199714806914181,0.007612766013865698
200000,8.5,0.8865708488935228,0.021423156701720333,0.009433989570772721
200000,9,0.9284572907546395,0.023045889963108388,0.011218064235918151
200000,9.5,0.9690738859294822,0.024863223539647573,0.01303044449073451
200000,10,1.0076265547042238,0.026899769152311848,0.01496890094434863
200000,10.5,1.0428782010262023,0.029187458188921357,0.01715352122619905
200000,11,1.072944570486139,0.03177926243529732,0.019717616707431596
200000,11.5,1.095069672049962,0.034777922091596775,0.02275560477708636
200000,12,1.1058740284367696,0.0384053876657271,0.02609109692706253
200000,12.5,1.1029156162613738,0.04317627663628745,0.028650155117235027
200000,13,1.087089926247549,0.05020979339508471,0.027696506585061335
200000,13.5,1.0619534283018155,0.061219382578506454,0.020323654444141137
200000,14,0.9947091189805051,0.08625876882530233,0.004639017642596213
200000,14.5,0.8135353312178716,0.13368439879310115,-0.02234787602564451
200000,15,0.7800215198579392,0.15591478925869914,-0.035694809819249676
200000,15.5,0.7734063079055179,0.16987528876443034,-0.04142746837033375
200000,16,0.7767306848895678,0.18035031724018602,-0.04669975192567545
200000,16.5,0.7849347320334519,0.18942442234746923,-0.051762851989410996
200000,17,0.7953873949766903,0.19779659335918529,-0.05670528250651976
200000,17.5,0.8074924686487757,0.2055599604449187,-0.06154401039862058
200000,18,0.8209498121858982,0.21277852810895936,-0.06628698825933013
200000,18.5,0.8354506884891563,0.21955384803578443,-0.07095558161439798
200000,19,0.85071654919672,0.2259888430407551,-0.07557638820035875
200000,19.5,0.8665288975578138,0.23216643071230478,-0.08017363299614806
200000,20,0.8827255396170479,0.23814719033024312,-0.08476638237958026
200000,20.5,0.8991858365555085,0.2439742254420301,-0.08936820995392317
200000,21,0.9158172640595723,0.24967853779500518,-0.09398761226397837
200000,21.5,0.9325460750115638,0.25528293241750266,-0.09862855996407291
200000,22,0.9493113825068891,0.2608044395901077,-0.10329106320403339
200000,22.5,0.9660614459945208,0.2662557259670741,-0.10797176452326188
200000,23,0.9827512610595481,0.27164593254862524,-0.11266457446728775
200000,23.5,0.9993409314125341,0.27698123108117456,-0.117361337097701
200000,24,1.0157945496182654,0.2822652614693478,-0.12205249088921862
200000,24.5,1.0320794390924888,0.28749952493633296,-0.1267276838901758
200000,25,1.048165662714868,0.29268375534066265,-0.13137630822744084
200000,-20,-0.8738763275282628,0.24026933114791194,0.08354112015852724
200000,-19.5,-0.8573943920134836,0.2349439591749281,0.07903601940612884
200000,-19,-0.8410963769518238,0.2294628186859736,0.07455449946048412
200000,-18.5,-0.8250498961857458,0.2237997914236545,0.07009506204295952
200000,-18,-0.8093308251103428,0.21792363274954854,0.06565638913413505
200000,-17.5,-0.7940204662278632,0.21179885926311517,0.061238483081202465
200000,-17,-0.7791984639731668,0.20538917484801134,0.056843892623569016
200000,-16.5,-0.7649303061705819,0.19866525790532916,0.0524789260795379
200000,-16,-0.751249945690311,0.19161842136556057,0.048154870497028636
200000,-15.5,-0.7381415382671866,0.1842793737623693,0.043889239923313304
200000,-15,-0.7255299672410058,0.17673619609215108,0.03970593777730649
200000,-14.5,-0.7132996132099736,0.16913708630201216,0.0356287211978301
200000,-14,-0.7013781741178043,0.16164528937047892,0.03165229787102094
200000,-13.5,-0.6899551446088638,0.15426315386537293,0.027659371800434263
200000,-13,-0.6800557031398308,0.14636423419611524,0.023231221871443924
200000,-12.5,-0.6752488091549226,0.13605233659902197,0.017325225959544617
200000,-12,-0.6850354753257283,0.1208329072719168,0.008244934891947314
200000,-11.5,-0.7293633413355921,0.09985466100078402,-0.004482168246872624
200000,-11,-0.8339061675299964,0.07449195948480779,-0.016662870280309244
200000,-10.5,-0.9440570116528731,0.052863580282133796,-0.02149053009549817
200000,-10,-0.9735455420471772,0.04120895737079011,-0.01938668402047565
200000,-9.5,-0.9542743311250181,0.035283301846742686,-0.01614963892706417
200000,-9,-0.9207410123785392,0.030937467457950035,-0.013684341799502545
200000,-8.5,-0.8821542714290598,0.027239210215712156,-0.011602226039757847
200000,-8,-0.8407045299241771,0.02414912310256039,-0.00965846744867167
200000,-7.5,-0.7976107429745136,0.021615442138228205,-0.00775206245752508
200000,-7,-0.7539401841242792,0.019535778875999353,-0.005784549094525549
200000,-6.5,-0.71032853062798,0.017795158752446704,-0.003717462421354066
200000,-6,-0.6671672778434059,0.0162783364771248,-0.0015604724647732496
200000,-5.5,-0.6249944536766451,0.014862975636152057,0.0006736569947850474
200000,-5,-0.5839581076958817,0.01346511314028504,0.00296101022685523
200000,-4.5,-0.5418518830190049,0.012215776562168148,0.0050875142554871675
200000,-4,-0.4978387089441916,0.011170595870423496,0.007430521728501683
200000,-3.5,-0.45414836978704376,0.010470717935571711,0.009862162407194435
200000,-3,-0.4101812130567033,0.010055142430796107,0.012274852740160023
200000,-2.5,-0.365584431290948,0.009739257513569168,0.015032285319521718
200000,-2,-0.3187884103390542,0.009549716677272927,0.01765240003141785
200000,-1.5,-0.26264469413931996,0.009492874319981148,0.018465348740119857
200000,-1,-0.1899783195772713,0.009523057120127151,0.015709505760299836
200000,-0.5,-0.10039872558599112,0.00957662334112317,0.009084533834480598
200000,0,-2.498001805406602e-16,0.009601631584106965,0
200000,0.5,0.10039872558598978,0.00957662334112318,-0.009084533834480452
200000,1,0.18997831957727124,0.009523057120127151,-0.015709505760299905
200000,1.5,0.26264469413931935,0.009492874319981148,-0.018465348740119857
200000,2,0.31878841033905403,0.00954971667727292,-0.017652400031418016
200000,2.5,0.3655844312909476,0.009739257513569159,-0.01503228531952187
200000,3,0.41018121305670285,0.01005514243079609,-0.01227485274016014
200000,3.5,0.4541483697870427,0.010470717935571711,-0.009862162407194194
200000,4,0.4978387089441909,0.011170595870423485,-0.007430521728501642
200000,4.5,0.5418518830190044,0.012215776562168138,-0.005087514255487156
200000,5,0.5839581076958813,0.01346511314028504,-0.002961010226855408
200000,5.5,0.6249944536766444,0.014862975636152057,-0.0006736569947851333
200000,6,0.6671672778434051,0.016278336477124813,0.0015604724647730898
200000,6.5,0.7103285306279798,0.01779515875244672,0.0037174624213539577
200000,7,0.7539401841242777,0.019535778875999388,0.005784549094525504
200000,7.5,0.7976107429745123,0.021615442138228243,0.0077520624575250175
200000,8,0.8407045299241775,0.024149123102560444,0.009658467448671857
200000,8.5,0.8821542714290584,0.027239210215712288,0.011602226039757916
200000,9,0.9207410123785389,0.030937467457950146,0.013684341799502528
200000,9.5,0.9542743311250186,0.03528330184674283,0.016149638927064155
200000,10,0.973545542047175,0.0412089573707904,0.019386684020475765
200000,10.5,0.944057011652867,0.05286358028213462,0.021490530095498166
200000,11,0.8339061675299891,0.07449195948480877,0.016662870280308793
200000,11.5,0.7293633413355887,0.09985466100078465,0.004482168246872252
200000,12,0.6850354753257275,0.12083290727191723,-0.008244934891947603
200000,12.5,0.6752488091549222,0.13605233659902208,-0.017325225959544676
200000,13,0.6800557031398303,0.14636423419611544,-0.02323122187144382
200000,13.5,0.6899551446088636,0.15426315386537265,-0.027659371800434186
200000,14,0.7013781741178045,0.16164528937047914,-0.03165229787102098
200000,14.5,0.7132996132099727,0.16913708630201216,-0.035628721197829984
200000,15,0.7255299672410052,0.1767361960921513,-0.039705937777306424
200000,15.5,0.7381415382671868,0.1842793737623694,-0.043889239923313436
200000,16,0.7512499456903108,0.19161842136556073,-0.048154870497028636
200000,16.5,0.764930306170582,0.19866525790532932,-0.05247892607953786
200000,17,0.7791984639731664,0.20538917484801134,-0.056843892623568947
200000,17.5,0.7940204662278626,0.21179885926311498,-0.06123848308120242
200000,18,0.8093308251103427,0.21792363274954843,-0.06565638913413506
200000,18.5,0.8250498961857458,0.2237997914236546,-0.07009506204295964
200000,19,0.8410963769518236,0.2294628186859736,-0.07455449946048413
200000,19.5,0.8573943920134832,0.2349439591749279,-0.07903601940612878
200000,20,0.8738763275282628,0.24026933114791194,-0.08354112015852717
200000,20.5,0.8904829936576433,0.24546024874604452,-0.0880705429994062
200000,21,0.9071624553585086,0.250533986241257,-0.09262361233729247
200000,21.5,0.9238684432900082,0.2555045996739549,-0.09719787412568118
200000,22,0.940558866113307,0.26038363433030765,-0.10178900971451518
200000,22.5,0.9571946624213628,0.26518065652246897,-0.10639097326549467
200000,23,0.9737390519203686,0.2699036067564479,-0.11099628620597916
200000,23.5,0.9901571463605632,0.2745590038034784,-0.11559641995716322
200000,24,1.0064158354692507,0.2791520443862679,-0.12018220555370152
200000,24.5,1.0224838516982355,0.2836866447742151,-0.12474422228946161
200000,25,1.0383319257497827,0.2881654624889768,-0.1292731335126175
300000,-20,-0.8911440790437031,0.23775171393596703,0.08508187107200874
300000,-19.5,-0.8756028041420192,0.23119207963512717,0.08031679871747177
300000,-19,-0.8607670135357568,0.22423800132661117,0.07543287008629275
300000,-18.5,-0.8468708988661124,0.21685746240659373,0.070417090222896
300000,-18,-0.834125096235061,0.20905625958048477,0.0652812157686405
300000,-17.5,-0.8229060415743924,0.20072569967253065,0.06001259136704283
300000,-17,-0.8151326413849367,0.19106469028885756,0.0544262618590103
300000,-16.5,-0.8177020055750193,0.17791818548407695,0.04841137218793472
300000,-16,-0.8361079915014686,0.16094117222616616,0.04068292101793193
300000,-15.5,-0.9952048929695139,0.1158700063874719,0.010350082981708721
300000,-15,-1.16233553066295,0.06604327389975283,-0.013916403616701063
300000,-14.5,-1.2042676611846272,0.0517649716612625,-0.023626913607039696
300000,-14,-1.2243464270676894,0.04320483039813292,-0.0275744791497635
300000,-13.5,-1.2280523131789733,0.03787486655263581,-0.026994663126119495
300000,-13,-1.2205245850497737,0.03411619807236447,-0.024663375295558336
300000,-12.5,-1.2035299502810832,0.03118923101854471,-0.021998857868402166
300000,-12,-1.1784885279505515,0.02877329179570481,-0.01949159078222635
300000,-11.5,-1.1471514754165735,0.026699712684569304,-0.01725288408137485
300000,-11,-1.1113672199859923,0.024875193625945955,-0.015231063446108192
300000,-10.5,-1.072667590011699,0.023248396760689835,-0.013338186045242912
300000,-10,-1.0320383398643154,0.02178855256105899,-0.011524289916420512
300000,-9.5,-0.9899223602196088,0.020473026302644286,-0.009797412862967873
300000,-9,-0.9463425740292151,0.019282555466930727,-0.008212664078414334
300000,-8.5,-0.9010542625532041,0.018198629589427494,-0.006853668762312267
300000,-8,-0.8537019494771813,0.017200264329844797,-0.005811743215408015
300000,-7.5,-0.8039801371242445,0.016270293347430943,-0.005163696243614488
300000,-7,-0.7517775386739796,0.015403601385264762,-0.0049420728717706934
300000,-6.5,-0.697315204729549,0.014605034419960496,-0.0050924008920173874
300000,-6,-0.6412957673621542,0.013885257569790152,-0.0054388099567054884
300000,-5.5,-0.5849094757814088,0.013255908246307329,-0.005703430187453491
300000,-5,-0.5294248129574,0.01272184759224894,-0.005624454217167028
300000,-4.5,-0.475482500837347,0.01227354985840443,-0.005122410357304606
300000,-4,-0.4228091715279562,0.011886064148937888,-0.004341778107077766
300000,-3.5,-0.370730025069963,0.01152716404826613,-0.0035040081189643855
300000,-3,-0.3188001379003726,0.011175548859833268,-0.0027469587887960444
300000,-2.5,-0.2667065097585628,0.010855224760560826,-0.002147690009032538
300000,-2,-0.21399393533466016,0.010617008719097452,-0.0017002751414483346
300000,-1.5,-0.1605988685603323,0.010450692066226229,-0.0012304861141921252
300000,-1,-0.10693607270963747,0.010316325420180317,-0.0007382875540841022
300000,-0.5,-0.05338957035173305,0.01021069118699949,-0.0003390827409573416
300000,0,-2.636779683484747e-16,0.010167149259309276,-8.326672684688674e-18
300000,0.5,0.05338957035173292,0.01021069118699947,0.0003390827409571612
300000,1,0.10693607270963784,0.010316325420180308,0.0007382875540839773
300000,1.5,0.16059886856033212,0.01045069206622622,0.0012304861141920198
300000,2,0.21399393533465985,0.010617008719097463,0.0017002751414484235
300000,2.5,0.266706509758562,0.010855224760560816,0.0021476900090326295
300000,3,0.3188001379003725,0.011175548859833268,0.0027469587887959585
300000,3.5,0.3707300250699627,0.01152716404826613,0.003504008118964458
300000,4,0.4228091715279572,0.011886064148937878,0.0043417781070776585
300000,4.5,0.47548250083734744,0.012273549858404453,0.005122410357304379
300000,5,0.5294248129573997,0.01272184759224894,0.005624454217166948
300000,5.5,0.584909475781408,0.013255908246307317,0.005703430187453474
300000,6,0.6412957673621545,0.013885257569790152,0.005438809956705546
300000,6.5,0.6973152047295474,0.014605034419960522,0.0050924008920174
300000,7,0.7517775386739793,0.015403601385264762,0.004942072871770733
300000,7.5,0.8039801371242441,0.016270293347430943,0.0051636962436143125
300000,8,0.8537019494771805,0.017200264329844797,0.005811743215408132
300000,8.5,0.9010542625532034,0.01819862958942751,0.006853668762312207
300000,9,0.9463425740292144,0.01928255546693071,0.008212664078414303
300000,9.5,0.9899223602196092,0.02047302630264428,0.00979741286296786
300000,10,1.0320383398643156,0.021788552561059018,0.011524289916420379
300000,10.5,1.0726675900116993,0.023248396760689845,0.013338186045242745
300000,11,1.1113672199859908,0.024875193625945955,0.015231063446108384
300000,11.5,1.1471514754165724,0.026699712684569388,0.017252884081374865
300000,12,1.1784885279505501,0.028773291795704873,0.01949159078222621
300000,12.5,1.203529950281081,0.031189231018544764,0.021998857868402277
300000,13,1.2205245850497715,0.03411619807236452,0.024663375295558447
300000,13.5,1.2280523131789716,0.03787486655263581,0.0269946631261197
300000,14,1.2243464270676874,0.043204830398133075,0.02757447914976341
300000,14.5,1.2042676611846248,0.05176497166126273,0.023626913607039758
300000,15,1.1623355306629484,0.06604327389975317,0.013916403616700958
300000,15.5,0.9952048929695044,0.1158700063874737,-0.010350082981709521
300000,16,0.8361079915014662,0.16094117222616666,-0.04068292101793229
300000,16.5,0.8177020055750178,0.17791818548407737,-0.04841137218793488
300000,17,0.8151326413849359,0.1910646902888578,-0.05442626185901025
300000,17.5,0.8229060415743916,0.20072569967253093,-0.060012591367042935
300000,18,0.8341250962350603,0.20905625958048488,-0.06528121576864054
300000,18.5,0.846870898866112,0.21685746240659373,-0.07041709022289618
300000,19,0.8607670135357568,0.22423800132661145,-0.07543287008629282
300000,19.5,0.8756028041420192,0.23119207963512717,-0.08031679871747185
300000,20,0.8911440790437026,0.23775171393596703,-0.08508187107200874
300000,20.5,0.9071790028409723,0.24397671284087133,-0.0897567697371969
300000,21,0.9235461475782494,0.2499277291038207,-0.09437187009816132
300000,21.5,0.9401293732619302,0.2556546867707073,-0.09895203293321661
300000,22,0.9568424930636936,0.2611960266194852,-0.10351448215453982
300000,22.5,0.973616451975087,0.2665814911435348,-0.10806908377376238
300000,23,0.9903916534595671,0.27183492165386297,-0.11261952792341161
300000,23.5,1.0071142503751114,0.27697611417739515,-0.11716474546077334
300000,24,1.0237347209131928,0.28202180215720885,-0.12170027081897214
300000,24.5,1.040207525059132,0.28698607661346665,-0.1262194252346803
300000,25,1.0564911562594101,0.29188052224125566,-0.1307142732063753
300000,-20,-0.8857249871186146,0.2366653391259345,0.08477225250773443
300000,-19.5,-0.8698806492633384,0.23048919296408088,0.08003493252426308
300000,-19,-0.8545518552952338,0.22400087400073632,0.07521497762822447
300000,-18.5,-0.8398869944273435,0.21713726756263846,0.0702916585202856
300000,-18,-0.8260543684450808,0.20982050926108994,0.0652422423518049
300000,-17.5,-0.8137107571748271,0.2017704193087492,0.059968736677415355
300000,-17,-0.8061742065702492,0.1918163252885006,0.054092159846051424
300000,-16.5,-0.8132763426488913,0.17708201287744904,0.046997299068316366
300000,-16,-0.8410208577534419,0.15637433053008945,0.038127326369155654
300000,-15.5,-0.9370372045745614,0.12355681498382273,0.01667375196204261
300000,-15,-1.0952913206141701,0.08022701993594107,-0.006370090595944761
300000,-14.5,-1.1382721516491627,0.06118043810397432,-0.018449166807564858
300000,-14,-1.167346330928817,0.05025551836202351,-0.02603960734677055
300000,-13.5,-1.181834770070894,0.04271247471850156,-0.028841193331217464
300000,-13,-1.18434694748957,0.03759633667437659,-0.027865283968896388
300000,-12.5,-1.1771583452978431,0.033853407140738395,-0.0250828231056478
300000,-12,-1.1608296214578908,0.030889947294745073,-0.02185012715460751
300000,-11.5,-1.1361420500756385,0.02840494596445237,-0.018848783061290838
300000,-11,-1.1046046144611612,0.02624160341431051,-0.01630037530403203
300000,-10.5,-1.0680560172936966,0.02431939641068144,-0.01417115546793444
300000,-10,-1.0281640851447145,0.022597089087500775,-0.012334182395043965
300000,-9.5,-0.986213249827872,0.02105120334270722,-0.010654276032021417
300000,-9,-0.943097452101628,0.019665429674320382,-0.009019690727515418
300000,-8.5,-0.899336490600187,0.018423894491703986,-0.0073599053500082445
300000,-8,-0.855076280422286,0.017305957794293152,-0.005660285663655111
300000,-7.5,-0.8101403662561513,0.016292417744584363,-0.003968558765363723
300000,-7,-0.7641605733517665,0.015373291117991912,-0.002382646458177258
300000,-6.5,-0.7167392405546587,0.014541663376444951,-0.0010170804972759156
300000,-6,-0.6675836221637781,0.013786415675293994,0.000030567168054269205
300000,-5.5,-0.6165695001965219,0.013089455405044864,0.0006956644340323448
300000,-5,-0.5637430159083248,0.01242228675393462,0.0009450022125727098
300000,-4.5,-0.5093740851335381,0.011738899153025908,0.0007803101739472046
300000,-4,-0.45381255124054853,0.010995107274522265,0.00022367274737917497
300000,-3.5,-0.39614795829823574,0.010251652767427852,-0.0007576886193423185
300000,-3,-0.33541305512911407,0.009559125255854102,-0.0018786695191890552
300000,-2.5,-0.2739022835774112,0.008903476053129281,-0.003037026476805915
300000,-2,-0.2135324652106719,0.008386653861576259,-0.004054794566365422
300000,-1.5,-0.15549767818311533,0.007988598323834296,-0.004399304498972722
300000,-1,-0.10082697401580742,0.007687407397007925,-0.003672127224909366
300000,-0.5,-0.049442729784690526,0.007510464086589474,-0.0020418046320477084
300000,0,3.95516952522712e-16,0.007455766667516753,-6.661338147750939e-17
300000,0.5,0.04944272978469031,0.00751046408658948,0.002041804632047553
300000,1,0.10082697401580694,0.007687407397007911,0.003672127224909283
300000,1.5,0.15549767818311455,0.007988598323834289,0.00439930449897277
300000,2,0.21353246521067107,0.008386653861576259,0.0040547945663655495
300000,2.5,0.27390228357741025,0.008903476053129281,0.0030370264768059237
300000,3,0.33541305512911423,0.009559125255854093,0.0018786695191889025
300000,3.5,0.39614795829823524,0.010251652767427842,0.0007576886193422603
300000,4,0.45381255124054887,0.010995107274522256,-0.0002236727473792638
300000,4.5,0.509374085133538,0.011738899153025908,-0.000780310173947324
300000,5,0.5637430159083248,0.01242228675393461,-0.0009450022125726959
300000,5.5,0.6165695001965216,0.013089455405044888,-0.000695664434032451
300000,6,0.6675836221637782,0.013786415675293994,-0.000030567168054201896
300000,6.5,0.7167392405546584,0.014541663376444965,0.001017080497275956
300000,7,0.7641605733517662,0.01537329111799194,0.0023826464581772886
300000,7.5,0.8101403662561499,0.016292417744584408,0.0039685587653636
300000,8,0.8550762804222856,0.017305957794293135,0.0056602856636551865
300000,8.5,0.8993364906001848,0.01842389449170397,0.007359905350008053
300000,9,0.9430974521016265,0.01966542967432041,0.009019690727515548
300000,9.5,0.9862132498278706,0.021051203342707287,0.010654276032021492
300000,10,1.0281640851447134,0.022597089087500806,0.012334182395044056
300000,10.5,1.0680560172936966,0.024319396410681492,0.014171155467934442
300000,11,1.1046046144611599,0.026241603414310578,0.01630037530403202
300000,11.5,1.1361420500756385,0.028404945964452408,0.01884878306129086
300000,12,1.1608296214578893,0.030889947294745156,0.02185012715460761
300000,12.5,1.1771583452978418,0.03385340714073847,0.025082823105647835
300000,13,1.1843469474895696,0.03759633667437676,0.02786528396889646
300000,13.5,1.1818347700708918,0.042712474718501786,0.02884119333121744
300000,14,1.1673463309288141,0.05025551836202378,0.026039607346770383
300000,14.5,1.1382721516491598,0.06118043810397473,0.01844916680756444
300000,15,1.0952913206141655,0.08022701993594221,0.006370090595944134
300000,15.5,0.9370372045745504,0.12355681498382487,-0.01667375196204371
300000,16,0.8410208577534389,0.15637433053009042,-0.03812732636915604
300000,16.5,0.813276342648889,0.17708201287744973,-0.04699729906831658
300000,17,0.8061742065702479,0.19181632528850076,-0.054092159846051605
300000,17.5,0.8137107571748274,0.20177041930874903,-0.059968736677415514
300000,18,0.8260543684450802,0.20982050926108983,-0.06524224235180494
300000,18.5,0.8398869944273426,0.21713726756263854,-0.07029165852028557
300000,19,0.8545518552952335,0.22400087400073632,-0.07521497762822438
300000,19.5,0.8698806492633377,0.2304891929640808,-0.08003493252426304
300000,20,0.8857249871186142,0.2366653391259343,-0.0847722525077344
300000,20.5,0.9019349830590252,0.2425939058927473,-0.08945171148903777
300000,21,0.9183843957744353,0.24833106287205217,-0.09409639632797184
300000,21.5,0.9349769511868041,0.2539203186847986,-0.09872414100366748
300000,22,0.9516403840535606,0.25939377805890984,-0.10334664219197116
300000,22.5,0.9683181886776892,0.2647750469854227,-0.10796991284706062
300000,23,0.9849632572740823,0.27008176614924556,-0.1125952127988705
300000,23.5,1.0015340276852527,0.2753272650709629,-0.11722007663530483
300000,24,1.0179925309742541,0.28052147321454557,-0.12183928973015315
300000,24.5,1.034303581529187,0.28567137654174324,-0.12644575289622867
300000,25,1.0504345409293392,0.29078126755034617,-0.13103121186733652
300000,-20,-0.8758966689360365,0.23950522236150598,0.08458577837330764
300000,-19.5,-0.8596776730993531,0.23404724126565407,0.080033672599
300000,-19,-0.8436252497419146,0.22840757258161098,0.07548857306748198
300000,-18.5,-0.8277928206630008,0.22255566007321978,0.07095005273090875
300000,-18,-0.8122285441253736,0.2164569516627874,0.06642074648533958
300000,-17.5,-0.79696243862698,0.21007766502809067,0.06190898594864001
300000,-17,-0.7819890396097706,0.20339780859175038,0.05743218730773967
300000,-16.5,-0.7672552181573993,0.19643763693292526,0.053021193213478465
300000,-16,-0.7526786960367678,0.1892950370776275,0.04872549406207636
300000,-15.5,-0.7382373781742463,0.18216122263574766,0.04461543496711923
300000,-15,-0.7241389901473501,0.17522050525353672,0.04075881128130796
300000,-14.5,-0.7109287466872553,0.1682867691896353,0.03708740586083929
300000,-14,-0.6994977164271019,0.16019180523325574,0.03293825094703254
300000,-13.5,-0.6939388902105561,0.14842692370794078,0.02620669324965008
300000,-13,-0.7144640055014227,0.12890260312233,0.013877320395181695
300000,-12.5,-0.7986011876910021,0.09868576581082797,-0.003447792958696648
300000,-12,-0.9316828358531282,0.06741426630476387,-0.018289216666109123
300000,-11.5,-1.0253942777894824,0.04797487523144753,-0.02334661172135699
300000,-11,-1.05035329770278,0.03895437113377144,-0.021236458911309434
300000,-10.5,-1.0373322053450682,0.03407531312773558,-0.017943970014491727
300000,-10,-1.0080084755501335,0.030271045710829413,-0.015374783544090113
300000,-9.5,-0.9713670708379147,0.02695678391069097,-0.01332426149862318
300000,-9,-0.9312262830674024,0.02412216407395316,-0.011495685863105953
300000,-8.5,-0.8893671322892427,0.021749219956131913,-0.009705121578545556
300000,-8,-0.8466972534105994,0.01976002347957258,-0.007830066976583068
300000,-7.5,-0.8036388943217463,0.01806407281754916,-0.00582327455306908
300000,-7,-0.760374704812063,0.01659679836228282,-0.0037062772867548755
300000,-6.5,-0.7170521923246205,0.01531691774632617,-0.0015295791237099295
300000,-6,-0.6738755804211324,0.014184510833418386,0.0006598185153472377
300000,-5.5,-0.6311644532303368,0.01313371053062911,0.00282616643911095
300000,-5,-0.5891522274215482,0.012069382975164177,0.004964513989869768
300000,-4.5,-0.5457788238132388,0.011042850555992264,0.006879890390785922
300000,-4,-0.4979825579485263,0.010186023226965412,0.008373742620949778
300000,-3.5,-0.4482592237569001,0.00940360895380413,0.009597533139848045
300000,-3,-0.3963649746581457,0.008859277143511856,0.009947160970520558
300000,-2.5,-0.33993741175904896,0.008432545846415625,0.009660746006833898
300000,-2,-0.27882858063261773,0.00806741525538709,0.008933950660910944
300000,-1.5,-0.21400702387592996,0.007790926089161109,0.007686777399846738
300000,-1,-0.14570205216777335,0.007574094255266966,0.005800878542337823
300000,-0.5,-0.07400268201356072,0.007417269608019436,0.00319805671121256
300000,0,-4.996003610813204e-16,0.007358109748143528,4.163336342344337e-17
300000,0.5,0.07400268201356042,0.00741726960801943,-0.0031980567112125354
300000,1,0.14570205216777268,0.007574094255266966,-0.005800878542337809
300000,1.5,0.21400702387592846,0.007790926089161109,-0.0076867773998465765
300000,2,0.2788285806326173,0.008067415255387083,-0.008933950660910992
300000,2.5,0.33993741175904907,0.008432545846415616,-0.009660746006834
300000,3,0.3963649746581449,0.008859277143511849,-0.00994716097052057
300000,3.5,0.44825922375689986,0.009403608953804122,-0.009597533139848137
300000,4,0.4979825579485261,0.010186023226965395,-0.008373742620949729
300000,4.5,0.5457788238132378,0.011042850555992245,-0.0068798903907860125
300000,5,0.5891522274215482,0.012069382975164177,-0.004964513989869969
300000,5.5,0.6311644532303361,0.013133710530629134,-0.0028261664391108967
300000,6,0.6738755804211329,0.014184510833418386,-0.0006598185153473067
300000,6.5,0.7170521923246207,0.015316917746326198,0.0015295791237099018
300000,7,0.7603747048120624,0.01659679836228284,0.003706277286754851
300000,7.5,0.803638894321745,0.018064072817549223,0.00582327455306912
300000,8,0.8466972534105979,0.019760023479572626,0.007830066976583058
300000,8.5,0.8893671322892434,0.02174921995613201,0.009705121578545528
300000,9,0.931226283067403,0.024122164073953217,0.011495685863105764
300000,9.5,0.9713670708379147,0.0269567839106911,0.013324261498623235
300000,10,1.0080084755501337,0.030271045710829548,0.015374783544090104
300000,10.5,1.0373322053450658,0.03407531312773581,0.01794397001449175
300000,11,1.0503532977027783,0.03895437113377177,0.02123645891130945
300000,11.5,1.0253942777894758,0.04797487523144831,0.023346611721356755
300000,12,0.9316828358531168,0.06741426630476557,0.01828921666610825
300000,12.5,0.7986011876909929,0.09868576581082968,0.003447792958695775
300000,13,0.7144640055014193,0.12890260312233104,-0.013877320395182403
300000,13.5,0.6939388902105554,0.14842692370794122,-0.026206693249650366
300000,14,0.6994977164271015,0.16019180523325582,-0.03293825094703249
300000,14.5,0.7109287466872548,0.1682867691896353,-0.03708740586083916
300000,15,0.7241389901473498,0.17522050525353677,-0.04075881128130789
300000,15.5,0.7382373781742464,0.18216122263574733,-0.04461543496711919
300000,16,0.7526786960367671,0.18929503707762732,-0.04872549406207623
300000,16.5,0.767255218157399,0.1964376369329255,-0.053021193213478576
300000,17,0.7819890396097698,0.2033978085917503,-0.057432187307739524
300000,17.5,0.7969624386269794,0.21007766502809086,-0.06190898594863994
300000,18,0.8122285441253736,0.21645695166278758,-0.06642074648533951
300000,18.5,0.8277928206629999,0.22255566007321997,-0.07095005273090861
300000,19,0.8436252497419148,0.22840757258161057,-0.07548857306748195
300000,19.5,0.8596776730993531,0.23404724126565377,-0.08003367259900004
300000,20,0.8758966689360359,0.23950522236150598,-0.08458577837330758
300000,20.5,0.8922306536476773,0.2448071383919684,-0.08914640066824057
300000,21,0.9086327150831988,0.24997415009487484,-0.09371674369014835
300000,21.5,0.9250609869067461,0.25502376666498167,-0.09829683100774514
300000,22,0.9414779042855972,0.259970589651985,-0.10288505921590685
300000,22.5,0.957849149925183,0.26482687177713204,-0.10747808629791337
300000,23,0.9741427055102923,0.2696028860305223,-0.11207096028439353
300000,23.5,0.990328175277943,0.2743071438799612,-0.11665739946930549
300000,24,1.0063764071345873,0.27894651437568824,-0.12123014725844419
300000,24.5,1.022259365203546,0.2835262930641988,-0.1257813410838735
300000,25,1.0379501795690385,0.28805025803809997,-0.13030285312647588
500000,-20,-0.8972679307828253,0.23502415496170856,0.08301618392311552
500000,-19.5,-0.883668922648816,0.2276069467295445,0.07769954967205751
500000,-19,-0.8715404538758366,0.21964657665042336,0.0721760203783228
500000,-18.5,-0.8630234681589071,0.21020305137087744,0.06613917077218809
500000,-18,-0.8652301769206466,0.19678213177770815,0.05902721118996783
500000,-17.5,-0.8887868306862099,0.17710037107021143,0.05090913925619337
500000,-17,-0.9321104272275619,0.15489674137035425,0.038441068337717973
500000,-16.5,-1.130407460739555,0.10597130473630213,0.006073885972759855
500000,-16,-1.2562603630749343,0.06545134547626373,-0.013602445807699598
500000,-15.5,-1.2977951058553239,0.05153688033511395,-0.023032274229520665
500000,-15,-1.3172536940477226,0.04256763262457207,-0.027708179551681922
500000,-14.5,-1.321132483843354,0.03692139653867562,-0.02781052638437407
500000,-14,-1.3154224135760375,0.03303708737942228,-0.02572657876898209
500000,-13.5,-1.3015435400756072,0.03009486195385094,-0.02296685173445395
500000,-13,-1.2800101377653137,0.027723366800549532,-0.020189711875263732
500000,-12.5,-1.2516960181741341,0.025724020275116465,-0.01766823641113835
500000,-12,-1.2180150986765084,0.02398121758296239,-0.01544903287571138
500000,-11.5,-1.1805193612020526,0.022428242636661294,-0.013460708638618396
500000,-11,-1.1404116589045388,0.021025843262763272,-0.011627588855999314
500000,-10.5,-1.0983453567104497,0.019748756703790823,-0.009934270187781091
500000,-10,-1.0545090340618746,0.0185793480239246,-0.008428746787946811
500000,-9.5,-1.0088279724536093,0.017504806060898742,-0.007187187862479125
500000,-9,-0.9611461441240021,0.0165160349424984,-0.006271671618873154
500000,-8.5,-0.9113466872347027,0.01560707048873434,-0.005708506204202234
500000,-8,-0.8594651984609367,0.014770587229640338,-0.005476064285019875
500000,-7.5,-0.805855655986717,0.01400245552052482,-0.005484956498275931
500000,-7,-0.7513004907902626,0.0133094340115809,-0.005563470205730923
500000,-6.5,-0.6968362618509703,0.012702044482527937,-0.005487004836785506
500000,-6,-0.6432426840764673,0.012186288129704945,-0.005091532709144782
500000,-5.5,-0.5905709113189812,0.011757580154870698,-0.0043934855408409145
500000,-5,-0.5382525639536848,0.011399265994969487,-0.0035653346996465203
500000,-4.5,-0.4856747552246742,0.01108912084422113,-0.0027834387728895237
500000,-4,-0.4325405781832208,0.010808823253734778,-0.00213492641929216
500000,-3.5,-0.3788507791574979,0.010546724945711378,-0.0016374207883519537
500000,-3,-0.3248328624125072,0.010293227578145164,-0.0012731485255830066
500000,-2.5,-0.27083219894941013,0.010045305148605648,-0.0009965647398687272
500000,-2,-0.2169544829204904,0.009830006795453245,-0.0008084230062686909
500000,-1.5,-0.1629992206850164,0.009681800803497188,-0.0007236255767804594
500000,-1,-0.10883694501525581,0.00959000631866424,-0.0005760300251790196
500000,-0.5,-0.05447529738113042,0.009536954721876576,-0.0002968971324088271
500000,0,-6.106226635438361e-16,0.009519631693127409,1.9428902930940238e-17
500000,0.5,0.054475297381130855,0.009536954721876593,0.00029689713240876604
500000,1,0.1088369450152551,0.009590006318664234,0.0005760300251787976
500000,1.5,0.16299922068501618,0.009681800803497188,0.0007236255767804178
500000,2,0.21695448292048963,0.009830006795453245,0.0008084230062688408
500000,2.5,0.2708321989494092,0.01004530514860563,0.0009965647398687133
500000,3,0.3248328624125074,0.010293227578145155,0.0012731485255829845
500000,3.5,0.3788507791574975,0.010546724945711386,0.0016374207883518926
500000,4,0.4325405781832204,0.010808823253734787,0.0021349264192920825
500000,4.5,0.48567475522467257,0.01108912084422113,0.002783438772889596
500000,5,0.5382525639536847,0.011399265994969498,0.003565334699646579
500000,5.5,0.5905709113189817,0.011757580154870688,0.004393485540840994
500000,6,0.6432426840764667,0.012186288129704945,0.005091532709144688
500000,6.5,0.6968362618509715,0.012702044482527925,0.005487004836785327
500000,7,0.7513004907902614,0.0133094340115809,0.005563470205730818
500000,7.5,0.805855655986717,0.01400245552052482,0.005484956498276039
500000,8,0.8594651984609367,0.014770587229640352,0.005476064285020044
500000,8.5,0.9113466872347029,0.01560707048873434,0.005708506204202278
500000,9,0.9611461441240013,0.016516034942498415,0.006271671618873315
500000,9.5,1.0088279724536093,0.017504806060898773,0.0071871878624791665
500000,10,1.0545090340618748,0.018579348023924618,0.00842874678794664
500000,10.5,1.0983453567104504,0.019748756703790834,0.00993427018778114
500000,11,1.140411658904537,0.02102584326276332,0.011627588855999228
500000,11.5,1.180519361202052,0.022428242636661305,0.013460708638618304
500000,12,1.2180150986765068,0.02398121758296241,0.015449032875711467
500000,12.5,1.2516960181741317,0.025724020275116454,0.017668236411138162
500000,13,1.2800101377653124,0.02772336680054957,0.020189711875263815
500000,13.5,1.3015435400756061,0.03009486195385098,0.02296685173445405
500000,14,1.315422413576036,0.033037087379422375,0.025726578768982062
500000,14.5,1.3211324838433534,0.03692139653867572,0.02781052638437407
500000,15,1.31725369404772,0.0425676326245722,0.027708179551681887
500000,15.5,1.297795105855322,0.05153688033511409,0.02303227422952054
500000,16,1.256260363074932,0.06545134547626384,0.01360244580769942
500000,16.5,1.1304074607395496,0.10597130473630308,-0.006073885972760226
500000,17,0.9321104272275594,0.1548967413703552,-0.038441068337718584
500000,17.5,0.8887868306862082,0.1771003710702122,-0.050909139256193794
500000,18,0.865230176920645,0.19678213177770867,-0.059027211189967996
500000,18.5,0.863023468158906,0.2102030513708778,-0.06613917077218816
500000,19,0.8715404538758362,0.21964657665042395,-0.07217602037832285
500000,19.5,0.8836689226488151,0.2276069467295445,-0.07769954967205754
500000,20,0.8972679307828254,0.23502415496170878,-0.08301618392311541
500000,20.5,0.9118926042469787,0.24206442609309348,-0.08819854987105814
500000,21,0.9273294553385971,0.24872577051134576,-0.09325038225772649
500000,21.5,0.9433296138426226,0.25502433899418686,-0.09817704557986426
500000,22,0.959650762242746,0.26100676906722453,-0.10299442194250279
500000,22.5,0.9761061804885793,0.26672801337702906,-0.10772210118698174
500000,23,0.9925732643757679,0.2722364982384704,-0.11237758653725963
500000,23.5,1.0089783620545585,0.2775697970438934,-0.11697388611358348
500000,24,1.025276861589971,0.28275569315200755,-0.12151929159501988
500000,24.5,1.041437642476209,0.287814666697734,-0.12601807686790828
500000,25,1.0574338159913377,0.2927620662636942,-0.13047139949093517
500000,-20,-0.8887280466592505,0.23457003797002307,0.08285806424454664
500000,-19.5,-0.8738517284763333,0.2274405428447675,0.07749808390697978
500000,-19,-0.8631495709346715,0.21856304320122208,0.07153528574583519
500000,-18.5,-0.8632641786506782,0.20572802730694079,0.06426496737382541
500000,-18,-0.8831588881024592,0.1868299836866054,0.05506297407714319
500000,-17.5,-0.9241494770366507,0.16334204691279458,0.044656661799751016
500000,-17,-0.9711474220961668,0.14060372197725077,0.03271703106084312
500000,-16.5,-1.0899247896276867,0.10949418539729311,0.010118122683532562
500000,-16,-1.1962736000422975,0.07717896687584826,-0.007064594428531112
500000,-15.5,-1.238829848432176,0.06005449695480101,-0.017399951008441085
500000,-15,-1.2691760828420744,0.04881587321026602,-0.024819344063118677
500000,-14.5,-1.2831211506094689,0.04088733357117596,-0.028285125945226985
500000,-14,-1.2853109725079488,0.03558340724603825,-0.027983784861514826
500000,-13.5,-1.2791729743808802,0.031848164056902314,-0.025497819706340307
500000,-13,-1.2649095854019363,0.029008864690090463,-0.022238885618361032
500000,-12.5,-1.2423364892588629,0.02670617161191273,-0.01907724398171249
500000,-12,-1.2122514775781554,0.02474282669989071,-0.016393079209853834
500000,-11.5,-1.1763303616314709,0.023011230116743695,-0.01421235078617269
500000,-11,-1.1364147453364368,0.02145569679496236,-0.01239685375219691
500000,-10.5,-1.0939971528111228,0.020048175621632868,-0.010790889758705537
500000,-10,-1.0501041797198165,0.01877360940631448,-0.009280756335961484
500000,-9.5,-1.0053698974264331,0.01762149386102568,-0.007800395850704958
500000,-9,-0.9601063562183578,0.016581869816123692,-0.006326210525474765
500000,-8.5,-0.9143222513341294,0.015642751635719817,-0.004881212802626536
500000,-8,-0.8677500355707917,0.014784474751809539,-0.0035320308822651787
500000,-7.5,-0.8199630574374975,0.013987706734866455,-0.002369574121447186
500000,-7,-0.7705563381877627,0.013245882864317274,-0.0014813333694469375
500000,-6.5,-0.7192914936213701,0.012557032457586223,-0.0009207104319122903
500000,-6,-0.6661435466926524,0.011916632626597399,-0.0006996266180086946
500000,-5.5,-0.6112368976928886,0.011317047076561898,-0.0008080667583784118
500000,-5,-0.5547286228520709,0.010745707142157432,-0.0012382335129644414
500000,-4.5,-0.49679655565190717,0.010181588640594147,-0.0019829366852227304
500000,-4,-0.4379223569787424,0.009592608884088962,-0.0029657858991429392
500000,-3.5,-0.3790048419013985,0.008969026598029417,-0.003984883068365077
500000,-3,-0.32036784998575907,0.008400067630250755,-0.004797356925507474
500000,-2.5,-0.2627547219059388,0.007921530932144805,-0.00482276954722749
500000,-2,-0.2081149733542808,0.0074959713789160085,-0.004048508303765752
500000,-1.5,-0.15609584282480524,0.007183904364671717,-0.0029719447707267617
500000,-1,-0.10468750470614441,0.006982368110419169,-0.0019202618507432822
500000,-0.5,-0.052708326751628946,0.0068393932927332595,-0.0009490755536887219
500000,0,3.608224830031759e-16,0.0067825139600503105,8.326672684688674e-18
500000,0.5,0.05270832675162862,0.006839393292733247,0.0009490755536887385
500000,1,0.10468750470614449,0.006982368110419169,0.0019202618507432989
500000,1.5,0.15609584282480563,0.007183904364671711,0.002971944770726695
500000,2,0.2081149733542802,0.0074959713789160025,0.0040485083037657965
500000,2.5,0.26275472190593835,0.007921530932144791,0.00482276954722759
500000,3,0.3203678499857593,0.008400067630250755,0.004797356925507254
500000,3.5,0.3790048419013975,0.008969026598029417,0.0039848830683649975
500000,4,0.43792235697874204,0.009592608884088954,0.002965785899142842
500000,4.5,0.4967965556519077,0.010181588640594139,0.001982936685222594
500000,5,0.5547286228520706,0.010745707142157432,0.0012382335129643943
500000,5.5,0.6112368976928881,0.011317047076561917,0.0008080667583781842
500000,6,0.6661435466926521,0.01191663262659742,0.0006996266180086336
500000,6.5,0.7192914936213703,0.012557032457586246,0.0009207104319123055
500000,7,0.7705563381877618,0.013245882864317287,0.0014813333694467536
500000,7.5,0.8199630574374974,0.013987706734866455,0.0023695741214470973
500000,8,0.8677500355707923,0.014784474751809539,0.0035320308822651423
500000,8.5,0.9143222513341283,0.01564275163571983,0.004881212802626553
500000,9,0.9601063562183587,0.016581869816123706,0.006326210525474639
500000,9.5,1.005369897426432,0.01762149386102571,0.007800395850704968
500000,10,1.0501041797198156,0.01877360940631451,0.00928075633596167
500000,10.5,1.0939971528111232,0.020048175621632858,0.010790889758705527
500000,11,1.136414745336436,0.02145569679496237,0.012396853752196856
500000,11.5,1.1763303616314706,0.023011230116743744,0.014212350786172712
500000,12,1.2122514775781534,0.024742826699890776,0.01639307920985391
500000,12.5,1.2423364892588622,0.026706171611912764,0.019077243981712365
500000,13,1.2649095854019348,0.029008864690090477,0.022238885618361164
500000,13.5,1.279172974380879,0.03184816405690238,0.025497819706340474
500000,14,1.2853109725079483,0.035583407246038395,0.027983784861514864
500000,14.5,1.2831211506094664,0.04088733357117612,0.02828512594522702
500000,15,1.2691760828420724,0.048815873210266196,0.0248193440631187
500000,15.5,1.2388298484321743,0.060054496954801195,0.017399951008441068
500000,16,1.1962736000422944,0.0771789668758488,0.00706459442853081
500000,16.5,1.0899247896276802,0.10949418539729408,-0.010118122683533149
500000,17,0.9711474220961637,0.14060372197725177,-0.032717031060843615
500000,17.5,0.9241494770366471,0.1633420469127953,-0.04465666179975138
500000,18,0.8831588881024565,0.1868299836866063,-0.05506297407714335
500000,18.5,0.8632641786506761,0.20572802730694123,-0.06426496737382553
500000,19,0.8631495709346702,0.21856304320122227,-0.07153528574583526
500000,19.5,0.873851728476333,0.2274405428447674,-0.07749808390697976
500000,20,0.88872804665925,0.23457003797002296,-0.08285806424454678
500000,20.5,0.904962220783031,0.24100309199077916,-0.08797416934928672
500000,21,0.9216773009954763,0.2470712687619133,-0.09296421053196532
500000,21.5,0.9386048971363181,0.2528667649847399,-0.09785819959060534
500000,22,0.9556152559682823,0.25843592701587637,-0.10266927118778338
500000,22.5,0.9726130925563954,0.2638224233014531,-0.10741083750233357
500000,23,0.9895267261670221,0.26906698393949025,-0.11209619458717617
500000,23.5,1.0063066373134804,0.2742027716522579,-0.11673592767816152
500000,24,1.022919937726817,0.2792541925754772,-0.12133672630715361
500000,24.5,1.0393433913941155,0.28423814313187074,-0.12590148539113946
500000,25,1.0555578741357157,0.2891658839438146,-0.13042999701938704
500000,-20,-0.8798178226089428,0.23887184677568743,0.08505292601443482
500000,-19.5,-0.8633517481806001,0.23326411441068354,0.08045896413407538
500000,-19,-0.8467045732772641,0.22751933588401124,0.07587989072570919
500000,-18.5,-0.8297519246684574,0.2216081550006648,0.07132109354843483
500000,-18,-0.8123992099213027,0.2154653043247927,0.06677054592451312
500000,-17.5,-0.7950086064543477,0.20890274806310344,0.06216082984545642
500000,-17,-0.7797915809498073,0.2013267080573537,0.05735394918309359
500000,-16.5,-0.772334435943598,0.19141342580680576,0.05231869561020116
500000,-16,-0.7753048728419677,0.1782957607729936,0.04650966325758125
500000,-15.5,-0.7947446615746084,0.16003453988716404,0.03373791825065516
500000,-15,-0.901954875613911,0.12529865241304808,0.012280121333903087
500000,-14.5,-1.0228588077741776,0.08988033234973085,-0.005661218161601994
500000,-14,-1.0899638918481642,0.06524813989842829,-0.018469222493339158
500000,-13.5,-1.1307577003771887,0.05070410436151168,-0.025864813461297265
500000,-13,-1.1556454421632527,0.042151667113548605,-0.027551323185865218
500000,-12.5,-1.1648446082918693,0.03671593028226603,-0.025396575041663927
500000,-12,-1.157608844147033,0.032767344737851284,-0.022073392918749112
500000,-11.5,-1.1366322872179175,0.029546833676373462,-0.01899178437597229
500000,-11,-1.1064457535404082,0.026766626577387712,-0.016417724804644603
500000,-10.5,-1.0707747774316547,0.024325009454442655,-0.014228336773640108
500000,-10,-1.0319009025678776,0.022178453196495723,-0.012268274889808936
500000,-9.5,-0.9911065067713563,0.020295582851457352,-0.010416848214777282
500000,-9,-0.9491454384599657,0.018646043405783626,-0.008580544064779665
500000,-8.5,-0.9064531464693267,0.01719866656593746,-0.006692062982688682
500000,-8,-0.8632058172117552,0.01592019131543262,-0.0047180672795631776
500000,-7.5,-0.8194136311321414,0.014785015372138855,-0.002667470489377885
500000,-7,-0.7750544954858853,0.013781457142058442,-0.0005920991600909996
500000,-6.5,-0.7301008122209096,0.012899308767654015,0.0014230054966521276
500000,-6,-0.6844139189419371,0.0121183972756534,0.003261245356903994
500000,-5.5,-0.6376897338150207,0.011397987808912895,0.004772693259044768
500000,-5,-0.5896649672492829,0.010660441314286588,0.005818624227896442
500000,-4.5,-0.5397222012383729,0.009841611012822188,0.006361101053797673
500000,-4,-0.48492357702742406,0.009079710057461155,0.0061506193265421045
500000,-3.5,-0.4251346224095235,0.008368423726938358,0.005375069162269876
500000,-3,-0.3640570150904257,0.00765739613884596,0.004064551441050142
500000,-2.5,-0.30128604375237755,0.007100703009457178,0.001982051304447302
500000,-2,-0.23614732017347373,0.006619962114954894,-0.0003296539830672518
500000,-1.5,-0.17036211129439702,0.0062197109160882155,-0.0022358152745551143
500000,-1,-0.1077437609116189,0.005950165833554974,-0.003063057961039667
500000,-0.5,-0.05130149203211145,0.005800891513026184,-0.0022322888836932954
500000,0,-1.1102230246251565e-16,0.005751996073793724,3.053113317719181e-17
500000,0.5,0.05130149203211117,0.0058008915130261735,0.002232288883693262
500000,1,0.1077437609116178,0.005950165833554979,0.003063057961039656
500000,1.5,0.1703621112943972,0.006219710916088204,0.0022358152745551307
500000,2,0.23614732017347284,0.0066199621149548825,0.0003296539830673906
500000,2.5,0.30128604375237766,0.007100703009457178,-0.0019820513044473908
500000,3,0.36405701509042565,0.007657396138845953,-0.004064551441050205
500000,3.5,0.4251346224095228,0.008368423726938351,-0.005375069162269939
500000,4,0.4849235770274239,0.009079710057461146,-0.00615061932654215
500000,4.5,0.539722201238372,0.00984161101282217,-0.006361101053797667
500000,5,0.589664967249282,0.010660441314286588,-0.005818624227896391
500000,5.5,0.6376897338150198,0.011397987808912905,-0.004772693259044803
500000,6,0.6844139189419359,0.0121183972756534,-0.003261245356903919
500000,6.5,0.7301008122209085,0.01289930876765405,-0.0014230054966521567
500000,7,0.7750544954858856,0.013781457142058442,0.0005920991600909225
500000,7.5,0.8194136311321398,0.01478501537213888,0.0026674704893780237
500000,8,0.8632058172117529,0.015920191315432635,0.004718067279563411
500000,8.5,0.906453146469326,0.017198666565937493,0.006692062982688476
500000,9,0.9491454384599657,0.018646043405783685,0.008580544064779552
500000,9.5,0.9911065067713565,0.02029558285145737,0.010416848214777261
500000,10,1.0319009025678754,0.022178453196495772,0.01226827488980912
500000,10.5,1.0707747774316545,0.02432500945444272,0.014228336773640268
500000,11,1.1064457535404082,0.026766626577387796,0.016417724804644658
500000,11.5,1.1366322872179166,0.029546833676373556,0.018991784375972327
500000,12,1.1576088441470307,0.03276734473785143,0.022073392918749143
500000,12.5,1.1648446082918664,0.03671593028226626,0.02539657504166406
500000,13,1.155645442163249,0.04215166711354898,0.02755132318586511
500000,13.5,1.1307577003771832,0.050704104361512424,0.02586481346129684
500000,14,1.0899638918481558,0.06524813989842983,0.018469222493338256
500000,14.5,1.0228588077741656,0.0898803323497334,0.005661218161600587
500000,15,0.9019548756138933,0.12529865241305174,-0.012280121333905028
500000,15.5,0.7947446615746014,0.16003453988716623,-0.03373791825065664
500000,16,0.7753048728419651,0.1782957607729944,-0.04650966325758149
500000,16.5,0.7723344359435977,0.1914134258068062,-0.052318695610201374
500000,17,0.7797915809498072,0.20132670805735406,-0.05735394918309363
500000,17.5,0.7950086064543472,0.20890274806310327,-0.06216082984545647
500000,18,0.8123992099213031,0.21546530432479277,-0.06677054592451326
500000,18.5,0.8297519246684568,0.2216081550006646,-0.0713210935484348
500000,19,0.8467045732772639,0.22751933588401124,-0.07587989072570926
500000,19.5,0.8633517481805992,0.23326411441068323,-0.08045896413407523
500000,20,0.8798178226089436,0.23887184677568712,-0.08505292601443488
500000,20.5,0.8961821388026601,0.24435795481310846,-0.08965513842725661
500000,21,0.9124838033509242,0.24973133278766996,-0.09426128412891147
500000,21.5,0.9287357503044461,0.2549979886303948,-0.09886882221676667
500000,22,0.9449351863669246,0.2601630162197426,-0.10347573500587123
500000,22.5,0.9610700452836235,0.265231556740561,-0.10807957145232824
500000,23,0.9771228468367474,0.2702091257015371,-0.11267694617930024
500000,23.5,0.9930730554259042,0.27510156119330187,-0.11726340686694851
500000,24,1.0088985793096026,0.27991477062304326,-0.1218335395069714
500000,24.5,1.024576756342787,0.2846543984243921,-0.1263811986071317
500000,25,1.0400850143843225,0.2893254958925805,-0.13089978022381366
750000,-20,-0.9091711875705419,0.23032685150650442,0.07996143297319587
750000,-19.5,-0.9023428745239868,0.2201433532162702,0.07331960477256502
750000,-19,-0.9084176599015995,0.2052728878864661,0.0652716850039928
750000,-18.5,-0.9356173798789699,0.18423591980705606,0.056033453139522016
750000,-18,-0.9769165462192605,0.1618545805138616,0.045514258313015296
750000,-17.5,-1.101675455813001,0.12891962865441042,0.018793834300426616
750000,-17,-1.2921535139459628,0.07816903836941747,-0.0067857231624389395
750000,-16.5,-1.3522177021584567,0.05719601599881781,-0.018671253682934694
750000,-16,-1.3838976783762145,0.04605472796392141,-0.025938324896144664
750000,-15.5,-1.3950566529047634,0.0387871864847817,-0.028475421198114848
750000,-15,-1.394233353167696,0.03406769176617988,-0.02747432731699188
750000,-14.5,-1.385410258084267,0.03069008277185654,-0.024920146776429293
750000,-14,-1.369316914954974,0.028072301183714777,-0.02192476605546683
750000,-13.5,-1.3461745047164504,0.02593453723169005,-0.019025387123387024
750000,-13,-1.31668455810367,0.02411769063478138,-0.01645545042504203
750000,-12.5,-1.282123283421985,0.02252591984954284,-0.014238165849084624
750000,-12,-1.2438843344102375,0.021101948387258422,-0.012294014421055016
750000,-11.5,-1.20300422516167,0.01981018540509517,-0.01055139184397903
750000,-11,-1.1600067116037476,0.01862630382666934,-0.008998685644240093
750000,-10.5,-1.1150213227312014,0.017532973826905218,-0.007678087735366275
750000,-10,-1.068000897085508,0.016519448210941617,-0.006652921089179096
750000,-9.5,-1.0189209977898697,0.015581459213185326,-0.0059678003397850244
750000,-9,-0.9679168278222963,0.01471932701112196,-0.005607456976819587
750000,-8.5,-0.9153584957957002,0.01393665249859723,-0.0054758457887503515
750000,-8,-0.8618776420469892,0.013235219023605563,-0.005406353128353098
750000,-7.5,-0.8082999963324593,0.012614101957277248,-0.005203125126837923
750000,-7,-0.7553485695362845,0.012075466053058237,-0.004733182441254763
750000,-6.5,-0.7031998182678527,0.01161598062084075,-0.004014696057013725
750000,-6,-0.6513821415890688,0.011223917435798854,-0.003202713550528552
750000,-5.5,-0.5992145069551006,0.010884701280132105,-0.0024597807443869136
750000,-5,-0.546266236233561,0.010587066304973644,-0.0018575598142110046
750000,-4.5,-0.4924514714207561,0.010326436163544691,-0.0013955384901346457
750000,-4,-0.4379298956131074,0.010100630360320193,-0.0010521372599327367
750000,-3.5,-0.3829905993572778,0.009902682878706364,-0.0008070168366360985
750000,-3,-0.3279776888940339,0.009717512748355302,-0.0006438451725821109
750000,-2.5,-0.27323685783043444,0.009525124746067318,-0.0005345481163015753
750000,-2,-0.21889039509876582,0.009323598055943147,-0.00043073344807945113
750000,-1.5,-0.16465378770076328,0.00915988589223063,-0.00036510708765769283
750000,-1,-0.1101913111234935,0.009079457539889908,-0.00037213793361908496
750000,-0.5,-0.055304861056950795,0.009062714083535503,-0.0002854169731197509
750000,0,8.326672684688674e-17,0.009063960564804222,5.2735593669694933e-17
750000,0.5,0.055304861056950316,0.009062714083535496,0.0002854169731198564
750000,1,0.11019131112349313,0.009079457539889892,0.0003721379336192293
750000,1.5,0.1646537877007623,0.009159885892230638,0.0003651070876574375
750000,2,0.21889039509876482,0.009323598055943155,0.0004307334480793401
750000,2.5,0.27323685783043494,0.009525124746067327,0.0005345481163015447
750000,3,0.32797768889403295,0.009717512748355311,0.0006438451725822248
750000,3.5,0.38299059935727764,0.009902682878706355,0.0008070168366360153
750000,4,0.4379298956131066,0.01010063036032022,0.00105213725993272
750000,4.5,0.49245147142075624,0.010326436163544691,0.0013955384901347318
750000,5,0.5462662362335611,0.010587066304973644,0.0018575598142110072
750000,5.5,0.5992145069550995,0.010884701280132105,0.00245978074438713
750000,6,0.6513821415890678,0.011223917435798864,0.0032027135505285536
750000,6.5,0.7031998182678514,0.01161598062084075,0.004014696057013678
750000,7,0.7553485695362843,0.012075466053058249,0.004733182441254783
750000,7.5,0.8082999963324592,0.012614101957277248,0.005203125126837887
750000,8,0.8618776420469887,0.013235219023605574,0.005406353128352999
750000,8.5,0.9153584957956991,0.013936652498597218,0.005475845788750383
750000,9,0.9679168278222958,0.014719327011121972,0.005607456976819666
750000,9.5,1.0189209977898692,0.01558145921318534,0.005967800339785158
750000,10,1.068000897085506,0.01651944821094165,0.006652921089178995
750000,10.5,1.1150213227312007,0.0175329738269052,0.0076780877353663495
750000,11,1.1600067116037478,0.018626303826669334,0.008998685644240018
750000,11.5,1.2030042251616697,0.019810185405095188,0.010551391843979092
750000,12,1.2438843344102373,0.0211019483872584,0.012294014421055266
750000,12.5,1.2821232834219844,0.02252591984954288,0.014238165849084656
750000,13,1.3166845581036704,0.024117690634781346,0.0164554504250422
750000,13.5,1.3461745047164495,0.02593453723169007,0.019025387123386965
750000,14,1.369316914954973,0.0280723011837148,0.021924766055466925
750000,14.5,1.3854102580842658,0.03069008277185661,0.024920146776429293
750000,15,1.3942333531676931,0.034067691766180096,0.027474327316991936
750000,15.5,1.3950566529047632,0.03878718648478174,0.028475421198114914
750000,16,1.3838976783762147,0.04605472796392158,0.025938324896144567
750000,16.5,1.352217702158455,0.057196015998818066,0.01867125368293462
750000,17,1.2921535139459601,0.07816903836941788,0.0067857231624389395
750000,17.5,1.101675455812996,0.12891962865441134,-0.018793834300427213
750000,18,0.9769165462192584,0.16185458051386226,-0.04551425831301563
750000,18.5,0.9356173798789686,0.1842359198070564,-0.05603345313952209
750000,19,0.9084176599015981,0.20527288788646647,-0.06527168500399297
750000,19.5,0.9023428745239861,0.2201433532162706,-0.07331960477256519
750000,20,0.9091711875705408,0.23032685150650473,-0.07996143297319588
750000,20.5,0.920918095865688,0.23853618170715163,-0.08581598344189664
750000,21,0.934268676231305,0.2461004644646453,-0.09131864693224698
750000,21.5,0.9484698410686738,0.2533105295926176,-0.09663045179059894
750000,22,0.9633908488776468,0.2601475509894276,-0.10178675716263812
750000,22.5,0.9788947295306318,0.2665885483745842,-0.10679726841065569
750000,23,0.9947789567713885,0.272659223508205,-0.11167549676944524
750000,23.5,1.0108348050875857,0.27841300183135487,-0.11643862717691758
750000,24,1.0268916847568854,0.2839066205047257,-0.121102612084881
750000,24.5,1.0428302762474777,0.28918769761382473,-0.12567951495978708
750000,25,1.058576580333909,0.29429180973414265,-0.1301772028909138
750000,-20,-0.9111118435348637,0.22554408878934187,0.07832942052715594
750000,-19.5,-0.9170003616990038,0.21092673423797426,0.07018159260199183
750000,-19,-0.939407929241948,0.19157125216187,0.060334606960018
750000,-18.5,-0.9770325379598048,0.16941110367316298,0.049698127665758686
750000,-18,-1.0183713867407342,0.1485986903972734,0.03954634992803611
750000,-17.5,-1.0851317488263523,0.1267019889559791,0.021528753832376034
750000,-17,-1.235327603011357,0.09139870605164198,-0.00039575605724664344
750000,-16.5,-1.305859230708302,0.0649855374680601,-0.013724394248373475
750000,-16,-1.3457795603729312,0.051454702699720425,-0.02235039652938732
750000,-15.5,-1.3669950864529203,0.042155237018,-0.027490764282562564
750000,-15,-1.372848892688091,0.03602630874323612,-0.028483838602105894
750000,-14.5,-1.3693766819001416,0.031890981894131164,-0.02662163092870795
750000,-14,-1.3582263403039283,0.028870922879817094,-0.023498221417816375
750000,-13.5,-1.3391919845203832,0.026503496626145696,-0.020185109975271003
750000,-13,-1.3124334677316756,0.02454126985229639,-0.01724885211155542
750000,-12.5,-1.2790859110109616,0.022843681743451093,-0.014856901910915443
750000,-12,-1.2408614405999288,0.021332489815665805,-0.012925142658388131
750000,-11.5,-1.1993990827221115,0.0199654373998888,-0.011286993077185635
750000,-11,-1.1559066550195252,0.01871916721180632,-0.009800496239451005
750000,-10.5,-1.1111276660384868,0.01757983596308496,-0.008383152223327587
750000,-10,-1.0654439145553019,0.01653868770903498,-0.007011159165746872
750000,-9.5,-1.0189910344298034,0.015589029205780862,-0.005704439219695189
750000,-9,-0.9717486012577805,0.014723274059005788,-0.004503282854271441
750000,-8.5,-0.9235928975919863,0.01393181602625238,-0.003455548237699414
750000,-8,-0.8743258771668077,0.013197796104169216,-0.0026118779196797432
750000,-7.5,-0.8237252304147444,0.01250284594687827,-0.0020147261947646355
750000,-7,-0.7716041725855988,0.01184420888941465,-0.0016943467936741522
750000,-6.5,-0.7178424453835666,0.01122543547491543,-0.0016604684240938306
750000,-6,-0.6624070199006068,0.010646796016116556,-0.0019025088746316711
750000,-5.5,-0.6053834371364757,0.010106686330315032,-0.002394418789231782
750000,-5,-0.5470564373562276,0.009602708781871505,-0.0030787035638710964
750000,-4.5,-0.48808605804003513,0.00912971310677438,-0.0038218822930638718
750000,-4,-0.4297054070320493,0.00867528550713851,-0.0043722436213654795
750000,-3.5,-0.37351079960111594,0.008218570698463816,-0.00439807226321059
750000,-3,-0.32000761898829516,0.007776185612219403,-0.0038177978612249446
750000,-2.5,-0.26738269399714326,0.007423207834653998,-0.0029673591264610276
750000,-2,-0.2142496430995665,0.007135105075411152,-0.0019636929310606873
750000,-1.5,-0.16095417111059016,0.006872324956410919,-0.0011149879285236696
750000,-1,-0.10765915328267407,0.006693706249683368,-0.0005781792345667086
750000,-0.5,-0.053981711283630426,0.006624237635866896,-0.00023968591476607182
750000,0,2.220446049250313e-16,0.006609562183672126,-5.828670879282072e-17
750000,0.5,0.05398171128363053,0.006624237635866896,0.00023968591476612733
750000,1,0.10765915328267381,0.0066937062496833745,0.0005781792345667918
750000,1.5,0.16095417111058893,0.006872324956410919,0.001114987928523528
750000,2,0.21424964309956523,0.007135105075411171,0.001963692931060748
750000,2.5,0.2673826939971425,0.007423207834653998,0.002967359126461078
750000,3,0.3200076189882939,0.007776185612219403,0.003817797861224867
750000,3.5,0.3735107996011156,0.008218570698463802,0.004398072263210662
750000,4,0.4297054070320489,0.00867528550713851,0.0043722436213655125
750000,4.5,0.48808605804003513,0.009129713106774389,0.0038218822930638136
750000,5,0.5470564373562263,0.00960270878187152,0.0030787035638712074
750000,5.5,0.6053834371364758,0.010106686330315032,0.0023944187892315782
750000,6,0.6624070199006064,0.010646796016116556,0.0019025088746316033
750000,6.5,0.7178424453835659,0.011225435474915441,0.0016604684240938126
750000,7,0.7716041725855982,0.01184420888941466,0.0016943467936741687
750000,7.5,0.8237252304147444,0.01250284594687827,0.0020147261947646294
750000,8,0.8743258771668079,0.013197796104169204,0.0026118779196799393
750000,8.5,0.9235928975919849,0.013931816026252418,0.0034555482376993534
750000,9,0.9717486012577802,0.014723274059005814,0.004503282854271274
750000,9.5,1.0189910344298037,0.01558902920578089,0.005704439219695104
750000,10,1.065443914555302,0.016538687709035025,0.007011159165746716
750000,10.5,1.1111276660384868,0.017579835963084947,0.008383152223327445
750000,11,1.155906655019525,0.018719167211806345,0.009800496239450892
750000,11.5,1.1993990827221128,0.019965437399888857,0.011286993077185507
750000,12,1.2408614405999292,0.021332489815665844,0.012925142658388048
750000,12.5,1.2790859110109618,0.022843681743451093,0.014856901910915526
750000,13,1.3124334677316745,0.024541269852296436,0.017248852111555607
750000,13.5,1.3391919845203824,0.02650349662614573,0.02018510997527111
750000,14,1.3582263403039287,0.028870922879817094,0.023498221417816576
750000,14.5,1.3693766819001398,0.031890981894131205,0.0266216309287081
750000,15,1.3728488926880895,0.03602630874323625,0.028483838602105727
750000,15.5,1.366995086452919,0.04215523701800011,0.02749076428256262
750000,16,1.34577956037293,0.05145470269972059,0.022350396529387227
750000,16.5,1.3058592307082981,0.06498553746806042,0.013724394248373305
750000,17,1.2353276030113534,0.09139870605164259,0.00039575605724644915
750000,17.5,1.0851317488263486,0.12670198895597962,-0.02152875383237653
750000,18,1.0183713867407316,0.14859869039727386,-0.03954634992803648
750000,18.5,0.9770325379598015,0.16941110367316342,-0.04969812766575889
750000,19,0.9394079292419463,0.19157125216187093,-0.060334606960018265
750000,19.5,0.9170003616990011,0.210926734237975,-0.07018159260199189
750000,20,0.9111118435348626,0.2255440887893421,-0.07832942052715593
750000,20.5,0.9169954193328894,0.23610846536990118,-0.0850233927404899
750000,21,0.9290311006572072,0.24432580077007363,-0.09083517527104083
750000,21.5,0.9437107614415847,0.2514191077956058,-0.0962026299487074
750000,22,0.9594963137322388,0.25792586381977717,-0.10134543615405875
750000,22.5,0.9758138536853469,0.2640217153680359,-0.10634697097159962
750000,23,0.9924142256180356,0.2697702165725687,-0.111236410136517
750000,23.5,1.0091307612652318,0.2752217293153327,-0.11602821664123897
750000,24,1.0258248518480542,0.2804315678218237,-0.12073376253662152
750000,24.5,1.0423863761857004,0.2854532761244612,-0.12536260637976696
750000,25,1.0587376082516837,0.2903311418840859,-0.129921802101662
750000,-20,-0.8782645518380114,0.2399017632790142,0.08493968690459971
750000,-19.5,-0.8594326689523815,0.23414280470366214,0.0801058993286095
750000,-19,-0.843819797788257,0.22647412230957936,0.07460145061672958
750000,-18.5,-0.8400270072070317,0.2139793898170351,0.0675174574471046
750000,-18,-0.8590422633810848,0.19417672433561353,0.058256510218774746
750000,-17.5,-0.8994161201284652,0.1696553926252728,0.04789810743056505
750000,-17,-0.9445771038939087,0.14568711948266022,0.03410853692914249
750000,-16.5,-1.049675153156724,0.11488815895494592,0.011743965362520089
750000,-16,-1.1415343149883261,0.08841271444468965,-0.003505377714635291
750000,-15.5,-1.1853930753703925,0.06939431544455962,-0.01397927294983479
750000,-15,-1.2208691636015943,0.05641551762398081,-0.02164190533352098
750000,-14.5,-1.2447525957551653,0.046629514228881334,-0.02645177365889257
750000,-14,-1.2550795381610826,0.039577972479635085,-0.02796376165795811
750000,-13.5,-1.2547685772317871,0.03459995617942473,-0.026719267687123054
750000,-13,-1.2456477830071766,0.03091716149987112,-0.023935085967556318
750000,-12.5,-1.22821661821098,0.02799946619670901,-0.020707436633069766
750000,-12,-1.2030833255516002,0.025551448166731678,-0.0176835253981543
750000,-11.5,-1.1714895782830848,0.023418163969326767,-0.015093380610639065
750000,-11,-1.1350220344980821,0.02152146507175828,-0.012910881446919997
750000,-10.5,-1.0951744749293773,0.019823063338111954,-0.011012945508872923
750000,-10,-1.053144655205907,0.01830309589742671,-0.009270231948830476
750000,-9.5,-1.0098339256085826,0.016947674612731806,-0.007575504524993709
750000,-9,-0.9658718323933175,0.015743648052848006,-0.0058500546686074024
750000,-8.5,-0.92156660328429,0.014677312041718868,-0.004059599428762071
750000,-8,-0.8768489033415161,0.013728587539689235,-0.002226853786271535
750000,-7.5,-0.8313540520665781,0.012877014622446975,-0.00043020355219332144
750000,-7,-0.784613082745512,0.012112289706936884,0.0012077030534173242
750000,-6.5,-0.736205442814732,0.011425412340941151,0.002550895569353129
750000,-6,-0.685842680414517,0.010801923168257885,0.0034806833615989587
750000,-5.5,-0.633431861755317,0.010216891416198083,0.003912612062026097
750000,-5,-0.579185925198,0.009622484460317373,0.003807999644831478
750000,-4.5,-0.5236067834113067,0.008948442188618778,0.0032344235977091644
750000,-4,-0.4658749449843754,0.008226734454272477,0.0022475595122359
750000,-3.5,-0.4040144075699811,0.007589455288914564,0.0007527815082999434
750000,-3,-0.3405081975308116,0.006929129328201663,-0.0008432873203193997
750000,-2.5,-0.2779619509970844,0.006316011594191105,-0.0026105187410870286
750000,-2,-0.21674625411991721,0.005851895050436902,-0.004203380873820448
750000,-1.5,-0.15808900692123043,0.005481865686283154,-0.0047510222598671405
750000,-1,-0.10301288248684265,0.005222960010846141,-0.0038935436677577707
750000,-0.5,-0.05088970169910797,0.005093113464828377,-0.0020878415424583465
750000,0,-2.220446049250313e-16,0.005058579899060157,-1.6653345369377347e-17
750000,0.5,0.05088970169910729,0.005093113464828377,0.002087841542458299
750000,1,0.10301288248684178,0.005222960010846137,0.003893543667757596
750000,1.5,0.1580890069212299,0.005481865686283154,0.004751022259867091
750000,2,0.216746254119916,0.005851895050436902,0.004203380873820425
750000,2.5,0.27796195099708254,0.006316011594191105,0.0026105187410870477
750000,3,0.34050819753081046,0.006929129328201669,0.0008432873203193636
750000,3.5,0.4040144075699799,0.007589455288914571,-0.0007527815083000877
750000,4,0.46587494498437587,0.008226734454272477,-0.0022475595122359764
750000,4.5,0.5236067834113067,0.008948442188618778,-0.0032344235977091475
750000,5,0.5791859251979993,0.009622484460317373,-0.0038079996448316528
750000,5.5,0.6334318617553164,0.010216891416198075,-0.003912612062026009
750000,6,0.6858426804145158,0.010801923168257893,-0.0034806833615990155
750000,6.5,0.7362054428147311,0.011425412340941162,-0.002550895569353219
750000,7,0.7846130827455109,0.012112289706936894,-0.0012077030534172598
750000,7.5,0.8313540520665781,0.012877014622447,0.0004302035521933284
750000,8,0.8768489033415153,0.013728587539689259,0.0022268537862716303
750000,8.5,0.9215666032842884,0.01467731204171888,0.0040595994287621435
750000,9,0.9658718323933175,0.015743648052848048,0.005850054668607609
750000,9.5,1.0098339256085813,0.01694767461273185,0.00757550452499387
750000,10,1.0531446552059056,0.01830309589742673,0.009270231948830488
750000,10.5,1.0951744749293777,0.019823063338111954,0.011012945508872878
750000,11,1.135022034498082,0.021521465071758308,0.012910881446919917
750000,11.5,1.171489578283083,0.02341816396932683,0.015093380610639195
750000,12,1.2030833255515987,0.02555144816673178,0.017683525398154328
750000,12.5,1.2282166182109782,0.027999466196709146,0.020707436633069877
750000,13,1.2456477830071755,0.030917161499871202,0.023935085967556405
750000,13.5,1.2547685772317858,0.034599956179424886,0.026719267687123315
750000,14,1.2550795381610795,0.03957797247963535,0.027963761657958025
750000,14.5,1.244752595755162,0.04662951422888169,0.026451773658892397
750000,15,1.22086916360159,0.056415517623981316,0.021641905333520686
750000,15.5,1.1853930753703883,0.06939431544456046,0.013979272949834295
750000,16,1.141534314988321,0.08841271444469115,0.0035053777146346636
750000,16.5,1.049675153156715,0.11488815895494771,-0.01174396536252113
750000,17,0.9445771038939015,0.14568711948266191,-0.03410853692914355
750000,17.5,0.8994161201284598,0.16965539262527454,-0.04789810743056562
750000,18,0.8590422633810808,0.19417672433561492,-0.05825651021877515
750000,18.5,0.8400270072070295,0.21397938981703604,-0.06751745744710491
750000,19,0.8438197977882568,0.22647412230957956,-0.07460145061672976
750000,19.5,0.8594326689523814,0.23414280470366222,-0.08010589932860954
750000,20,0.8782645518380111,0.23990176327901397,-0.0849396869045997
750000,20.5,0.8970692269087452,0.24511928195363175,-0.08958126321401623
750000,21,0.9151868884960258,0.25022172446654006,-0.09418995883228795
750000,21.5,0.9326709725470483,0.25531112045804755,-0.09880096934700995
750000,22,0.9496762731747949,0.26040034499056885,-0.10341532001077218
750000,22.5,0.9663250388192849,0.2654805805677121,-0.10802750352007777
750000,23,0.9826954369726523,0.27053918425831597,-0.11263171556482157
750000,23.5,0.998832075614599,0.2755644324709724,-0.11722250744668447
750000,24,1.0147567213252278,0.280546658845433,-0.12179443619474006
750000,24.5,1.03047615343745,0.2854782714589423,-0.12634178904371662
750000,25,1.0459876024671044,0.2903534071498514,-0.13085852607595191
1000000,-20,-0.9300515048913949,0.22126754583387714,0.07494207660338453
1000000,-19.5,-0.9452013563415764,0.20340065866142173,0.06584476638752239
1000000,-19,-0.9782667309435148,0.18123277335250262,0.05636878033031967
1000000,-18.5,-1.0187480998109228,0.16061682275768363,0.044176849284714284
1000000,-18,-1.1707705968582365,0.12423552008153621,0.015553030298184348
1000000,-17.5,-1.3437838176932337,0.07624044711458712,-0.00758628607461323
1000000,-17,-1.4040311109862929,0.05624850384867749,-0.01896427314976184
1000000,-16.5,-1.4361253017893505,0.045365852565285004,-0.02604841432988132
1000000,-16,-1.44715660724833,0.03817275444816847,-0.028690208319669196
1000000,-15.5,-1.4461614678459092,0.033473514836401305,-0.02780419238153196
1000000,-15,-1.4376409909788237,0.03011460965528175,-0.025229422310508242
1000000,-14.5,-1.422318860349479,0.02751764342527307,-0.02210956117740767
1000000,-14,-1.400163059376349,0.025404861297198416,-0.019044997694166746
1000000,-13.5,-1.3716003006269468,0.02361751017847703,-0.016326346209495184
1000000,-13,-1.3377253551148125,0.02205781365826272,-0.014013092901372124
1000000,-12.5,-1.2998814030616375,0.02066611165681757,-0.012034147752462821
1000000,-12,-1.2591445670785157,0.01940523637824129,-0.010306710360849822
1000000,-11.5,-1.2161111751037967,0.018250186383720488,-0.00879985770605858
1000000,-11,-1.170985650220565,0.017183101597340416,-0.007533840747493008
1000000,-10.5,-1.1237881986891727,0.016191947001041897,-0.0065491304292527724
1000000,-10,-1.074557526979806,0.015271128892799328,-0.005872054376613043
1000000,-9.5,-1.023509994552555,0.01442189625476204,-0.005483358382133903
1000000,-9,-0.9711310169336727,0.013649999647486998,-0.005287604307421703
1000000,-8.5,-0.9181391065019768,0.012962636060044972,-0.005112721155349535
1000000,-8,-0.8652669780922555,0.01236248603204216,-0.004777150551389266
1000000,-7.5,-0.8129330310332601,0.0118430021745405,-0.004192353508083049
1000000,-7,-0.76105428563225,0.0113962312345246,-0.0034283825545128543
1000000,-6.5,-0.7092056147616619,0.011009203851771442,-0.0026506367647018635
1000000,-6,-0.6569541993876232,0.010665784561383862,-0.0019857605698417906
1000000,-5.5,-0.6040138003829749,0.010357840956023474,-0.0014683116422983089
1000000,-5,-0.5502533781750782,0.010086889830785326,-0.0010806124105406738
1000000,-4.5,-0.4957263159455382,0.009855855356832569,-0.000793216209291539
1000000,-4,-0.4406561647168761,0.009662393950833497,-0.0005806784398279502
1000000,-3.5,-0.3853464487475316,0.00949659517695358,-0.0004289903036669179
1000000,-3,-0.3300723374436114,0.009340538242049399,-0.00033167810968048607
1000000,-2.5,-0.2750396584307534,0.009173926183022672,-0.0002748245534495125
1000000,-2,-0.2203455880755905,0.008995262492974198,-0.00022522686601890996
1000000,-1.5,-0.165748474553146,0.008840921249601985,-0.00017445325980417202
1000000,-1,-0.11084377482664257,0.008752878888023273,-0.00018030282606396053
1000000,-0.5,-0.05553324348492222,0.008724664444356017,-0.00015327601710792837
1000000,0,-5.412337245047638e-16,0.008721019475964044,4.163336342344337e-17
1000000,0.5,0.055533243484921974,0.008724664444356017,0.00015327601710806438
1000000,1,0.11084377482664243,0.008752878888023273,0.0001803028260640549
1000000,1.5,0.16574847455314623,0.008840921249601985,0.00017445325980419701
1000000,2,0.22034558807558957,0.00899526249297419,0.00022522686601881558
1000000,2.5,0.27503965843075345,0.009173926183022657,0.0002748245534496763
1000000,3,0.3300723374436116,0.009340538242049407,0.00033167810968031395
1000000,3.5,0.38534644874753066,0.00949659517695358,0.00042899030366710944
1000000,4,0.44065616471687535,0.009662393950833497,0.0005806784398279669
1000000,4.5,0.4957263159455386,0.00985585535683256,0.000793216209291539
1000000,5,0.5502533781750782,0.010086889830785335,0.0010806124105404353
1000000,5.5,0.6040138003829741,0.010357840956023455,0.00146831164229837
1000000,6,0.6569541993876212,0.010665784561383852,0.0019857605698420182
1000000,6.5,0.7092056147616635,0.011009203851771432,0.0026506367647018817
1000000,7,0.7610542856322504,0.01139623123452459,0.0034283825545129614
1000000,7.5,0.8129330310332585,0.011843002174540512,0.00419235350808306
1000000,8,0.8652669780922542,0.012362486032042149,0.004777150551389183
1000000,8.5,0.9181391065019754,0.012962636060044996,0.005112721155349567
1000000,9,0.9711310169336728,0.013649999647486985,0.005287604307421765
1000000,9.5,1.0235099945525548,0.014421896254762053,0.005483358382133909
1000000,10,1.0745575269798047,0.015271128892799314,0.005872054376613231
1000000,10.5,1.1237881986891736,0.016191947001041897,0.006549130429252722
1000000,11,1.1709856502205653,0.01718310159734037,0.007533840747493162
1000000,11.5,1.2161111751037967,0.018250186383720488,0.008799857706058569
1000000,12,1.2591445670785157,0.019405236378241313,0.010306710360849665
1000000,12.5,1.2998814030616366,0.020666111656817553,0.012034147752462808
1000000,13,1.337725355114812,0.02205781365826272,0.014013092901371937
1000000,13.5,1.3716003006269468,0.023617510178477064,0.01632634620949518
1000000,14,1.4001630593763488,0.025404861297198416,0.019044997694166926
1000000,14.5,1.4223188603494799,0.027517643425273044,0.022109561177407804
1000000,15,1.437640990978823,0.030114609655281777,0.025229422310508277
1000000,15.5,1.4461614678459096,0.03347351483640123,0.027804192381532207
1000000,16,1.4471566072483286,0.03817275444816859,0.028690208319669126
1000000,16.5,1.436125301789349,0.04536585256528512,0.026048414329881326
1000000,17,1.4040311109862922,0.05624850384867761,0.01896427314976188
1000000,17.5,1.3437838176932329,0.07624044711458726,0.007586286074613235
1000000,18,1.1707705968582318,0.12423552008153708,-0.015553030298184698
1000000,18.5,1.0187480998109222,0.16061682275768413,-0.04417684928471445
1000000,19,0.9782667309435119,0.18123277335250304,-0.05636878033031965
1000000,19.5,0.9452013563415753,0.20340065866142254,-0.06584476638752267
1000000,20,0.930051504891394,0.22126754583387753,-0.07494207660338459
1000000,20.5,0.9311308436678231,0.2336838108590351,-0.08256574821148308
1000000,21,0.9408091446618843,0.24281426194561706,-0.08901121761382465
1000000,21.5,0.9536142544333701,0.2506820165310068,-0.09481841274409115
1000000,22,0.9674865734963373,0.25809571582289786,-0.10030773797846967
1000000,22.5,0.9819748649557032,0.2651828051174381,-0.10559801574738077
1000000,23,0.9969830876923563,0.2719048059476306,-0.11072022749655167
1000000,23.5,1.0123920461495448,0.27824375439413285,-0.11568694785932779
1000000,24,1.0280324402810852,0.28422449760261276,-0.1205125968154404
1000000,24.5,1.0437296952474242,0.2898933921025454,-0.12521325875118708
1000000,25,1.059337320435878,0.29529823439633696,-0.12980312970968363
1000000,-20,-0.9548350734062363,0.20946114322729928,0.07074693345217568
1000000,-19.5,-0.9805736955414001,0.18957630083903568,0.06050004741002103
1000000,-19,-1.0163519188336618,0.16862041650539672,0.05049815840534776
1000000,-18.5,-1.0518517364723268,0.15019795204297576,0.040350199146889504
1000000,-18,-1.1396883334921255,0.1262283316922327,0.01923406490460066
1000000,-17.5,-1.3007059049736749,0.08722647000650714,-0.0027963158023725787
1000000,-17,-1.3737133317028865,0.06137031987848232,-0.01578576862486724
1000000,-16.5,-1.412785984293373,0.04867205768260784,-0.02381615544427495
1000000,-16,-1.4308838827970252,0.040125887954312905,-0.02812886847316527
1000000,-15.5,-1.4343435335703376,0.034525379296489404,-0.028493188486845393
1000000,-15,-1.4292016736431628,0.030697397831393525,-0.02632461148741695
1000000,-14.5,-1.4168343015380676,0.02786396261370007,-0.023093754492485394
1000000,-14,-1.3969743723589945,0.025626424742570927,-0.019757532435418272
1000000,-13.5,-1.3697293922330374,0.02376687717011827,-0.016828438525872173
1000000,-13,-1.3361363753298119,0.022157646214709944,-0.014455465991745015
1000000,-12.5,-1.2978035028368207,0.020725514144211338,-0.012549202224768324
1000000,-12,-1.2562889762993001,0.01942953054697018,-0.010941843352672204
1000000,-11.5,-1.2127364332326587,0.018245954923133953,-0.009493253807283848
1000000,-11,-1.1678267976339785,0.017159557719518506,-0.008125223560383692
1000000,-10.5,-1.121874484826034,0.016159532160067252,-0.006818640098560277
1000000,-10,-1.0749520456164416,0.015238187595428125,-0.0055996103419093
1000000,-9.5,-1.0270152321881412,0.014390185342904208,-0.004518812850398879
1000000,-9,-0.9780071254691112,0.01361018645584418,-0.0036216735336591275
1000000,-8.5,-0.9279008751498041,0.01289134937678448,-0.002931693744652069
1000000,-8,-0.8766750209012191,0.012220602498563944,-0.0024596460507298316
1000000,-7.5,-0.8242795929955706,0.011580468381631326,-0.0022097565128368158
1000000,-7,-0.7706241733772325,0.010969198067876407,-0.0021885949295279246
1000000,-6.5,-0.7155949486071547,0.010394070027053422,-0.0023958892979392713
1000000,-6,-0.6591593243189089,0.009859453506655666,-0.00280382723406009
1000000,-5.5,-0.6015504569164571,0.00936820173782341,-0.00333304950148017
1000000,-5,-0.5434403625378155,0.008923806732574263,-0.003823930533452255
1000000,-4.5,-0.48592019517182977,0.008527579988593477,-0.004044793573270056
1000000,-4,-0.4300665304094443,0.008171260421905344,-0.003802620510119778
1000000,-3.5,-0.376281588054161,0.007829943841289985,-0.0031051519292402798
1000000,-3,-0.32396051445849283,0.007481884928978583,-0.0021853156008314416
1000000,-2.5,-0.2715313916819925,0.007173046970594003,-0.0014623562898156805
1000000,-2,-0.2177509637762114,0.0069453675428966565,-0.0009603877110653053
1000000,-1.5,-0.16301068046828177,0.0067586255663016764,-0.0004421091818684386
1000000,-1,-0.10826905477567085,0.006615200867616412,-0.00011910393465918989
1000000,-0.5,-0.05398078697187719,0.006551703407255653,-0.000009217179246143182
1000000,0,5.689893001203927e-16,0.006544694356006227,-2.2204460492503132e-17
1000000,0.5,0.0539807869718766,0.0065517034072556345,0.000009217179246034934
1000000,1,0.10826905477567036,0.006615200867616418,0.00011910393465934254
1000000,1.5,0.16301068046828115,0.00675862556630167,0.0004421091818686329
1000000,2,0.2177509637762118,0.0069453675428966565,0.0009603877110651637
1000000,2.5,0.27153139168199114,0.007173046970594016,0.0014623562898158332
1000000,3,0.32396051445849117,0.007481884928978596,0.0021853156008314863
1000000,3.5,0.3762815880541605,0.007829943841289991,0.0031051519292402325
1000000,4,0.43006653040944365,0.00817126042190535,0.0038026205101198028
1000000,4.5,0.48592019517182816,0.008527579988593477,0.00404479357327005
1000000,5,0.5434403625378155,0.008923806732574263,0.003823930533452144
1000000,5.5,0.601550456916456,0.009368201737823418,0.0033330495014802118
1000000,6,0.6591593243189096,0.009859453506655675,0.0028038272340600635
1000000,6.5,0.715594948607154,0.010394070027053422,0.002395889297939287
1000000,7,0.7706241733772315,0.010969198067876416,0.0021885949295279497
1000000,7.5,0.8242795929955692,0.011580468381631365,0.0022097565128366475
1000000,8,0.8766750209012193,0.012220602498563934,0.0024596460507296915
1000000,8.5,0.9279008751498034,0.012891349376784515,0.0029316937446519594
1000000,9,0.9780071254691123,0.013610186455844168,0.0036216735336589367
1000000,9.5,1.0270152321881416,0.014390185342904222,0.004518812850398864
1000000,10,1.0749520456164403,0.015238187595428153,0.0055996103419093625
1000000,10.5,1.1218744848260334,0.016159532160067266,0.0068186400985602216
1000000,11,1.167826797633978,0.017159557719518506,0.008125223560383633
1000000,11.5,1.2127364332326571,0.018245954923133936,0.009493253807283988
1000000,12,1.2562889762992988,0.0194295305469702,0.010941843352672242
1000000,12.5,1.2978035028368198,0.020725514144211366,0.012549202224768408
1000000,13,1.3361363753298099,0.022157646214709954,0.014455465991745093
1000000,13.5,1.3697293922330345,0.0237668771701183,0.016828438525872208
1000000,14,1.3969743723589931,0.025626424742570982,0.01975753243541838
1000000,14.5,1.4168343015380662,0.02786396261370018,0.0230937544924854
1000000,15,1.429201673643163,0.03069739783139354,0.02632461148741707
1000000,15.5,1.4343435335703347,0.03452537929648954,0.028493188486845605
1000000,16,1.4308838827970214,0.04012588795431294,0.028128868473165335
1000000,16.5,1.4127859842933714,0.0486720576826081,0.02381615544427505
1000000,17,1.3737133317028833,0.06137031987848248,0.015785768624867146
1000000,17.5,1.300705904973671,0.08722647000650764,0.0027963158023724733
1000000,18,1.1396883334921213,0.12622833169223324,-0.019234064904601042
1000000,18.5,1.0518517364723245,0.15019795204297595,-0.040350199146889934
1000000,19,1.0163519188336594,0.16862041650539722,-0.0504981584053479
1000000,19.5,0.9805736955413983,0.18957630083903593,-0.0605000474100212
1000000,20,0.9548350734062346,0.20946114322729964,-0.07074693345217584
1000000,20.5,0.9431773809307984,0.22580743205222614,-0.07979057876564562
1000000,21,0.9440206374689518,0.2381326404972656,-0.08736449325616735
1000000,21.5,0.9528992424043992,0.24754782194924826,-0.09381262967164938
1000000,22,0.965825625431542,0.25537726260134486,-0.09957786845950553
1000000,22.5,0.980548728399382,0.26241436507268107,-0.10497009099104612
1000000,23,0.9960893349490798,0.26897812610916616,-0.1101445067878093
1000000,23.5,1.0120557686875737,0.27516218853520324,-0.1151637626827309
1000000,24,1.0282537122385054,0.28099714319783475,-0.12005280810448596
1000000,24.5,1.0445366691007483,0.2865141712949043,-0.12482538243077519
1000000,25,1.060772337263097,0.2917555592848997,-0.12949221392961535
1000000,-20,-0.8861503861922959,0.2346857552304897,0.08185080770814641
1000000,-19.5,-0.8974434934117568,0.21706263754904276,0.07283504899065081
1000000,-19,-0.9299500165622765,0.19346511848791034,0.0616199272424397
1000000,-18.5,-0.9765283081845283,0.1681936654565805,0.04978972751620483
1000000,-18,-1.0222038575130004,0.14561043396319914,0.03900972219977562
1000000,-17.5,-1.0624676792485233,0.12610826817830925,0.02483805183302769
1000000,-17,-1.1486507148456975,0.1026269757769488,0.0067199877239806196
1000000,-16.5,-1.2221852974376333,0.08096421858683571,-0.005653065089502562
1000000,-16,-1.2658471167241592,0.06417115674579389,-0.014859213749451048
1000000,-15.5,-1.2980641770271637,0.052040480404896484,-0.022025339940693972
1000000,-15,-1.3161427755516153,0.04289880179499973,-0.02658663045056404
1000000,-14.5,-1.32184907191149,0.036466770292548925,-0.02779603257247739
1000000,-14,-1.319115667043979,0.031987527755734296,-0.02622672917179273
1000000,-13.5,-1.3089858109136405,0.028697913283854314,-0.023169836788996662
1000000,-13,-1.290983707789688,0.026107901598345695,-0.019775505317360942
1000000,-12.5,-1.265142090445265,0.023944848064981643,-0.016714368745262304
1000000,-12,-1.2325779943959791,0.0220624029953583,-0.014194822640664495
1000000,-11.5,-1.1949947296615162,0.020384435064991418,-0.012143473750321158
1000000,-11,-1.1540244951401446,0.018872388006994482,-0.010394363511712284
1000000,-10.5,-1.110924613489761,0.017506673059091836,-0.008794346739740862
1000000,-10,-1.066580470619145,0.01627658567702983,-0.007235203447951989
1000000,-9.5,-1.0215962952085065,0.015173946590080738,-0.005653963532221376
1000000,-9,-0.976321725473976,0.014189338001197134,-0.004027592570618613
1000000,-8.5,-0.9307759104166287,0.013312483541923647,-0.002383193259109439
1000000,-8,-0.8845838037195329,0.012526767341492525,-0.0008051131762624092
1000000,-7.5,-0.8371121302938891,0.011811638307206614,0.0005860088648137217
1000000,-7,-0.7877602596969469,0.011156809134246637,0.001662185969385592
1000000,-6.5,-0.7361868849306784,0.010555301510679281,0.0023279022657994226
1000000,-6,-0.6823917105757462,0.009997393861496746,0.002544201662882645
1000000,-5.5,-0.626671054227962,0.009467363432333675,0.0023208560957919872
1000000,-5,-0.5695309014069757,0.008933550467525824,0.0016898580731662797
1000000,-4.5,-0.5116504618041451,0.00834056688517593,0.0007151330017876378
1000000,-4,-0.4530786782917654,0.0076704551159123896,-0.00046648441131012797
1000000,-3.5,-0.3919922351316674,0.007055982386125659,-0.0019519015921401095
1000000,-3,-0.32927419123741586,0.006493288970122793,-0.003349094386538837
1000000,-2.5,-0.26878990185393986,0.0059305115907091685,-0.0042434114534398715
1000000,-2,-0.21235658858527776,0.00549579246189107,-0.004467605464870303
1000000,-1.5,-0.1592446531240717,0.0051867900694307105,-0.003788124877964069
1000000,-1,-0.107126134348134,0.004949854955565919,-0.002481511137637132
1000000,-0.5,-0.05402433004946444,0.0048003295647443016,-0.0011511988198918328
1000000,0,-6.800116025829084e-16,0.0047513684459764855,1.2212453270876723e-16
1000000,0.5,0.05402433004946305,0.0048003295647443016,0.0011511988198920243
1000000,1,0.1071261343481337,0.004949854955565928,0.0024815111376370325
1000000,1.5,0.15924465312407146,0.005186790069430715,0.003788124877963975
1000000,2,0.21235658858527773,0.005495792461891065,0.00446760546487025
1000000,2.5,0.26878990185393886,0.0059305115907091685,0.0042434114534400155
1000000,3,0.3292741912374152,0.0064932889701227875,0.003349094386538784
1000000,3.5,0.39199223513166687,0.007055982386125653,0.0019519015921400263
1000000,4,0.45307867829176507,0.0076704551159123896,0.00046648441131005023
1000000,4.5,0.5116504618041446,0.008340566885175923,-0.0007151330017877821
1000000,5,0.5695309014069752,0.00893355046752584,-0.0016898580731663712
1000000,5.5,0.6266710542279627,0.009467363432333684,-0.0023208560957920636
1000000,6,0.6823917105757463,0.009997393861496754,-0.0025442016628826197
1000000,6.5,0.7361868849306783,0.01055530151067929,-0.002327902265799455
1000000,7,0.7877602596969457,0.011156809134246626,-0.0016621859693857148
1000000,7.5,0.8371121302938896,0.011811638307206624,-0.0005860088648140229
1000000,8,0.8845838037195346,0.012526767341492525,0.000805113176262463
1000000,8.5,0.9307759104166278,0.013312483541923659,0.002383193259109669
1000000,9,0.9763217254739742,0.014189338001197184,0.004027592570618519
1000000,9.5,1.0215962952085058,0.015173946590080738,0.005653963532221302
1000000,10,1.066580470619141,0.016276585677029918,0.007235203447952055
1000000,10.5,1.1109246134897592,0.017506673059091836,0.008794346739740961
1000000,11,1.1540244951401446,0.018872388006994516,0.010394363511712296
1000000,11.5,1.1949947296615169,0.020384435064991453,0.012143473750321212
1000000,12,1.2325779943959778,0.022062402995358398,0.014194822640664568
1000000,12.5,1.265142090445265,0.023944848064981674,0.016714368745262213
1000000,13,1.2909837077896866,0.02610790159834579,0.01977550531736108
1000000,13.5,1.3089858109136379,0.028697913283854428,0.02316983678899682
1000000,14,1.319115667043978,0.03198752775573444,0.02622672917179284
1000000,14.5,1.3218490719114875,0.03646677029254912,0.02779603257247736
1000000,15,1.3161427755516133,0.04289880179499998,0.026586630450564024
1000000,15.5,1.2980641770271604,0.05204048040489681,0.022025339940693837
1000000,16,1.2658471167241556,0.06417115674579438,0.014859213749450892
1000000,16.5,1.22218529743763,0.08096421858683632,0.0056530650895022985
1000000,17,1.1486507148456917,0.10262697577694968,-0.006719987723981133
1000000,17.5,1.0624676792485175,0.12610826817831042,-0.02483805183302834
1000000,18,1.0222038575129961,0.14561043396320011,-0.03900972219977594
1000000,18.5,0.9765283081845229,0.16819366545658207,-0.04978972751620546
1000000,19,0.9299500165622718,0.19346511848791198,-0.06161992724244007
1000000,19.5,0.8974434934117537,0.217062637549044,-0.0728350489906511
1000000,20,0.8861503861922938,0.23468575523049012,-0.08185080770814661
1000000,20.5,0.8932310081042117,0.2455538350718658,-0.08859745200071137
1000000,21,0.9099792070148915,0.25221251219869556,-0.09393839360480416
1000000,21.5,0.929595388401192,0.257215775572141,-0.09869923149437951
1000000,22,0.9491535787568477,0.26180869624576775,-0.1032999439566964
1000000,22.5,0.967898714222127,0.26639458604386285,-0.10787974312634536
1000000,23,0.9858207094582232,0.27105841651062873,-0.11246419894654229
1000000,23.5,1.003069788302847,0.27579539019838123,-0.1170468577218577
1000000,24,1.0197868957627036,0.2805824575981745,-0.12161626685189764
1000000,24.5,1.0360723679693045,0.2853963106771445,-0.126162361067179
1000000,25,1.051990174125038,0.2902167409443889,-0.13067697615161275
1500000,-20,-1.004109185010167,0.19360669055938376,0.06352055624617108
1500000,-19.5,-1.0347634809685533,0.17444190352963754,0.054282448073550496
1500000,-19,-1.1061383516628935,0.1519030152263852,0.03279638968524528
1500000,-18.5,-1.3235131064124825,0.10175418983235478,0.00403256695093997
1500000,-18,-1.4402296399102101,0.06461317677215143,-0.013230645617038623
1500000,-17.5,-1.4895258189447613,0.050623540976057035,-0.022331852973287887
1500000,-17,-1.5130267211276407,0.04150263957783539,-0.027765066573353436
1500000,-16.5,-1.5182862725180188,0.035495130232333444,-0.029061796086243985
1500000,-16,-1.5143009266535987,0.031419771475846486,-0.02749981883157575
1500000,-15.5,-1.5040232398961915,0.028406622636064856,-0.02458306743846807
1500000,-15,-1.4874391773816567,0.02603381403693457,-0.021253921462456006
1500000,-14.5,-1.4642147179472342,0.02408353176667946,-0.01806543123270902
1500000,-14,-1.434705616583877,0.02242251841201029,-0.015295092217476752
1500000,-13.5,-1.3999984566882746,0.020966303639137495,-0.012988684911912185
1500000,-13,-1.3613906795492157,0.019662441818836595,-0.011066423304916695
1500000,-12.5,-1.3198811024076824,0.018477860128337523,-0.009441847892744043
1500000,-12,-1.276015734507381,0.017390615900247767,-0.008075964649382456
1500000,-11.5,-1.2300189550842682,0.01638573620954393,-0.006968526524716613
1500000,-11,-1.1820082204123898,0.01545359829509801,-0.006124919879335591
1500000,-10.5,-1.1321770635830541,0.0145895898361834,-0.005524451286563753
1500000,-10,-1.0809137692311337,0.013794341508341502,-0.005100609524662876
1500000,-9.5,-1.0288259584490604,0.013073429381140452,-0.004741949647508263
1500000,-9,-0.9766044294856444,0.01243391259449456,-0.004320029062859245
1500000,-8.5,-0.9247119823331633,0.011878851676613584,-0.0037479640169851927
1500000,-8,-0.8731135079843989,0.01140285406787922,-0.003047925637767429
1500000,-7.5,-0.8213827734360175,0.010988848094497173,-0.0023337398688528534
1500000,-7,-0.7691321990524871,0.010621129956356298,-0.0017140681041425937
1500000,-6.5,-0.7162593705038182,0.010289257519459421,-0.001225950044674662
1500000,-6,-0.6628230044935752,0.009986935466934485,-0.0008551379204678993
1500000,-5.5,-0.6088573209275903,0.009715313259338743,-0.0005791339927190998
1500000,-5,-0.5543569363489269,0.009479073239049524,-0.0003764617947811022
1500000,-4.5,-0.49937804121097396,0.00927948843381329,-0.00022577731920175593
1500000,-4,-0.4440746708895138,0.009111508732267154,-0.00011138960456817115
1500000,-3.5,-0.3886142116779428,0.008964518828348391,-0.00002669795332441438
1500000,-3,-0.33310290891479793,0.008827446630890756,0.000026286854797311078
1500000,-2.5,-0.2776096283987659,0.00869566161927338,0.000038857406925849046
1500000,-2,-0.22220643815496316,0.008565897858260308,0.000013743944950245224
1500000,-1.5,-0.16684455979790577,0.008436038681925735,0.00001269131020091574
1500000,-1,-0.11129122614355785,0.008325670681591771,0.00008391628228367198
1500000,-0.5,-0.055603853942488374,0.008260158993736229,0.00010174171934693166
1500000,0,-1.6653345369377348e-16,0.008240067536346206,4.4408920985006264e-17
1500000,0.5,0.05560385394248718,0.008260158993736229,-0.00010174171934675403
1500000,1,0.11129122614355687,0.008325670681591764,-0.0000839162822834999
1500000,1.5,0.16684455979790583,0.008436038681925728,-0.000012691310200713124
1500000,2,0.22220643815496305,0.008565897858260308,-0.000013743944950120324
1500000,2.5,0.27760962839876435,0.008695661619273373,-0.00003885740692566586
1500000,3,0.33310290891479655,0.008827446630890756,-0.000026286854797111236
1500000,3.5,0.3886142116779415,0.008964518828348391,0.000026697953324442136
1500000,4,0.4440746708895119,0.009111508732267154,0.0001113896045683488
1500000,4.5,0.4993780412109735,0.00927948843381329,0.0002257773192020862
1500000,5,0.5543569363489266,0.009479073239049533,0.0003764617947812438
1500000,5.5,0.6088573209275893,0.009715313259338752,0.0005791339927192606
1500000,6,0.6628230044935737,0.009986935466934493,0.0008551379204679493
1500000,6.5,0.7162593705038172,0.01028925751945943,0.0012259500446748534
1500000,7,0.7691321990524858,0.010621129956356298,0.0017140681041427504
1500000,7.5,0.821382773436018,0.010988848094497143,0.002333739868852926
1500000,8,0.8731135079843981,0.01140285406787922,0.0030479256377672374
1500000,8.5,0.9247119823331638,0.011878851676613573,0.0037479640169851094
1500000,9,0.9766044294856456,0.01243391259449456,0.004320029062859385
1500000,9.5,1.0288259584490604,0.013073429381140452,0.004741949647508334
1500000,10,1.080913769231132,0.013794341508341502,0.005100609524662921
1500000,10.5,1.132177063583053,0.014589589836183426,0.0055244512865637715
1500000,11,1.1820082204123892,0.015453598295098037,0.006124919879335815
1500000,11.5,1.2300189550842675,0.016385736209543943,0.006968526524716695
1500000,12,1.2760157345073815,0.017390615900247722,0.00807596464938245
1500000,12.5,1.319881102407682,0.018477860128337548,0.009441847892744078
1500000,13,1.3613906795492157,0.019662441818836612,0.011066423304916738
1500000,13.5,1.3999984566882762,0.020966303639137488,0.01298868491191229
1500000,14,1.4347056165838756,0.022422518412010317,0.015295092217476786
1500000,14.5,1.4642147179472333,0.02408353176667943,0.01806543123270906
1500000,15,1.4874391773816562,0.02603381403693458,0.02125392146245607
1500000,15.5,1.5040232398961912,0.028406622636064884,0.024583067438468213
1500000,16,1.5143009266535976,0.031419771475846514,0.027499818831575706
1500000,16.5,1.5182862725180186,0.035495130232333444,0.02906179608624404
1500000,17,1.5130267211276403,0.041502639577835315,0.027765066573353415
1500000,17.5,1.48952581894476,0.050623540976057216,0.02233185297328802
1500000,18,1.4402296399102092,0.06461317677215149,0.01323064561703859
1500000,18.5,1.323513106412479,0.10175418983235544,-0.004032566950940092
1500000,19,1.1061383516628895,0.15190301522638572,-0.03279638968524548
1500000,19.5,1.0347634809685522,0.17444190352963793,-0.054282448073550746
1500000,20,1.0041091850101662,0.19360669055938412,-0.06352055624617112
1500000,20.5,0.9776913592702307,0.2140350490407665,-0.0727519035667518
1500000,21,0.9646267683061363,0.23126036064109756,-0.08196205639001088
1500000,21.5,0.9648548937471321,0.2440374530648318,-0.0899786765329259
1500000,22,0.9735719046376512,0.25357433372176896,-0.09682458670140785
1500000,22.5,0.9860740799971056,0.26155524656985424,-0.10289272419855275
1500000,23,0.9999508061834799,0.26891052550893896,-0.10851004830021478
1500000,23.5,1.0144083847679153,0.27591338021921996,-0.11385226462059006
1500000,24,1.0292256437799292,0.2825856549209913,-0.11898985037612408
1500000,24.5,1.0442831570683269,0.2889132790435655,-0.12394999450794394
1500000,25,1.0594510520513996,0.29490474665940103,-0.12874948157388336
1500000,-20,-1.0351961888835486,0.18357758810705044,0.05888396367142751
1500000,-19.5,-1.0638238209375472,0.16613687383853334,0.05026469082018821
1500000,-19,-1.1185979584628014,0.14734061180840963,0.032070589008761155
1500000,-18.5,-1.3046761485405616,0.10522838630618311,0.005308289513969794
1500000,-18,-1.431268397752759,0.06722948461222743,-0.012442428329799072
1500000,-17.5,-1.484176925571413,0.05157735283919351,-0.021791180253295045
1500000,-17,-1.5099683770610608,0.042012058437311026,-0.027400036082261582
1500000,-16.5,-1.5172448915334038,0.03563429606813768,-0.029118010338491505
1500000,-16,-1.5145641849927416,0.03134185479156936,-0.0278013595834447
1500000,-15.5,-1.5051904021128961,0.028236676558119234,-0.02488559852312195
1500000,-15,-1.4891266005661254,0.025838324969200053,-0.021447105482052083
1500000,-14.5,-1.4659185808467428,0.023891732952412894,-0.018171801966179006
1500000,-14,-1.4358825442295577,0.022243649120066013,-0.01540831265591371
1500000,-13.5,-1.400235946732168,0.020800587569351367,-0.01320268811558772
1500000,-13,-1.360560213425809,0.0195076990679621,-0.0114223412220139
1500000,-12.5,-1.3182170366999415,0.018332887289637632,-0.009902582683260002
1500000,-12,-1.2741019501160145,0.01725611928077517,-0.008527857589075294
1500000,-11.5,-1.2286782316646483,0.01626332833040606,-0.007247674215807541
1500000,-11,-1.1821054664134307,0.015343426240053783,-0.006063424494240186
1500000,-10.5,-1.1343702148592287,0.014487339472315432,-0.00500779631208478
1500000,-10,-1.085403553714765,0.013688471764460836,-0.004123935151126601
1500000,-9.5,-1.0351795500527858,0.012943575283896301,-0.0034477710865958473
1500000,-9,-0.9837672703722491,0.012251436686216177,-0.002991054166235854
1500000,-8.5,-0.9313047908228129,0.01161015966735921,-0.0027337883282519183
1500000,-8,-0.8779207184522713,0.011013084648219141,-0.0026467590712248947
1500000,-7.5,-0.8236876607392976,0.01044514066186642,-0.002705329660284102
1500000,-7,-0.768641615551395,0.009903259166197546,-0.0028888318047106494
1500000,-6.5,-0.7128509260808034,0.009397969246378477,-0.003153189459641703
1500000,-6,-0.6565765671566328,0.008939446613213326,-0.003389403855701459
1500000,-5.5,-0.6003901831875538,0.008534969225894808,-0.003425188192443582
1500000,-5,-0.544948438970864,0.008188791867697935,-0.0031086924625958272
1500000,-4.5,-0.49045211572624126,0.007899434083151136,-0.0024529809373218803
1500000,-4,-0.43643959167351787,0.007655933248093182,-0.0016871583110051492
1500000,-3.5,-0.38240951427961106,0.007434263019738296,-0.0010701649144678888
1500000,-3,-0.3284463186953983,0.007201013251868363,-0.0006340997184019259
1500000,-2.5,-0.2745954801504839,0.0069561549165667175,-0.0002840651822650475
1500000,-2,-0.2201590317129142,0.006768960560675575,-0.00014247963607791347
1500000,-1.5,-0.16488455726533452,0.00665854687669159,-0.00007567335244582917
1500000,-1,-0.10940880298787167,0.006569146876143463,0.0000822898206735978
1500000,-0.5,-0.05441123832262126,0.0064819021687580695,0.00010898079512896563
1500000,0,-7.494005416219807e-16,0.006439484084194459,3.608224830031759e-17
1500000,0.5,0.05441123832262103,0.006481902168758058,-0.00010898079512893787
1500000,1,0.10940880298787097,0.006569146876143474,-0.00008228982067356727
1500000,1.5,0.16488455726533432,0.006658546876691578,0.00007567335244573759
1500000,2,0.22015903171291412,0.006768960560675575,0.00014247963607796899
1500000,2.5,0.2745954801504825,0.0069561549165667175,0.000284065182265128
1500000,3,0.32844631869539803,0.007201013251868363,0.0006340997184019065
1500000,3.5,0.382409514279611,0.00743426301973829,0.0010701649144677998
1500000,4,0.43643959167351654,0.0076559332480931885,0.0016871583110053656
1500000,4.5,0.4904521157262408,0.007899434083151136,0.002452980937322044
1500000,5,0.5449484389708626,0.008188791867697926,0.0031086924625959578
1500000,5.5,0.600390183187553,0.008534969225894817,0.003425188192443554
1500000,6,0.6565765671566337,0.00893944661321331,0.0033894038557014893
1500000,6.5,0.7128509260808013,0.00939796924637851,0.0031531894596416657
1500000,7,0.7686416155513955,0.009903259166197546,0.002888831804710447
1500000,7.5,0.8236876607392962,0.010445140661866428,0.002705329660284285
1500000,8,0.8779207184522702,0.011013084648219162,0.002646759071224838
1500000,8.5,0.9313047908228121,0.01161015966735923,0.0027337883282519014
1500000,9,0.983767270372249,0.012251436686216187,0.002991054166235795
1500000,9.5,1.0351795500527852,0.012943575283896301,0.003447771086595857
1500000,10,1.0854035537147646,0.013688471764460836,0.004123935151126803
1500000,10.5,1.134370214859229,0.014487339472315418,0.005007796312084743
1500000,11,1.182105466413431,0.015343426240053797,0.00606342449424
1500000,11.5,1.228678231664647,0.016263328330406075,0.0072476742158076425
1500000,12,1.2741019501160125,0.017256119280775216,0.008527857589075396
1500000,12.5,1.3182170366999413,0.018332887289637632,0.009902582683259905
1500000,13,1.3605602134258088,0.019507699067962094,0.011422341222013929
1500000,13.5,1.4002359467321652,0.020800587569351405,0.013202688115587797
1500000,14,1.4358825442295577,0.022243649120066013,0.015408312655913681
1500000,14.5,1.4659185808467425,0.023891732952412894,0.018171801966179065
1500000,15,1.4891266005661257,0.025838324969200053,0.021447105482052194
1500000,15.5,1.5051904021128948,0.02823667655811918,0.024885598523121954
1500000,16,1.5145641849927411,0.031341854791569417,0.027801359583444797
1500000,16.5,1.517244891533404,0.035634296068137714,0.029118010338491596
1500000,17,1.5099683770610581,0.04201205843731116,0.027400036082261648
1500000,17.5,1.4841769255714117,0.05157735283919365,0.0217911802532949
1500000,18,1.4312683977527554,0.06722948461222772,0.012442428329799065
1500000,18.5,1.3046761485405591,0.10522838630618349,-0.005308289513969838
1500000,19,1.1185979584627983,0.1473406118084102,-0.03207058900876135
1500000,19.5,1.0638238209375463,0.1661368738385337,-0.05026469082018849
1500000,20,1.0351961888835468,0.18357758810705052,-0.05888396367142764
1500000,20.5,1.0074719315069551,0.20293459289215582,-0.06805294040037153
1500000,21,0.9879351851336405,0.22122640810161262,-0.07777574561619602
1500000,21.5,0.9793544977750797,0.2366226391977487,-0.08671969619246764
1500000,22,0.9809762026224993,0.24862872092383492,-0.09448176626484195
1500000,22.5,0.9895754866151006,0.2580200879780259,-0.10121843135363355
1500000,23,1.00192662189372,0.2658836349614125,-0.10724362487287915
1500000,23.5,1.0160646652774348,0.2729463741990905,-0.11282365915164405
1500000,24,1.0310602539431017,0.27954182122883026,-0.11812012059047974
1500000,24.5,1.0464980832954391,0.28578676296308014,-0.12321294795525473
1500000,25,1.062161619251601,0.2917159048239647,-0.1281398027229171
1500000,-20,-1.0207638186554453,0.1883297186505616,0.06225198763668162
1500000,-19.5,-1.0541491593663368,0.1680049815376446,0.05148125065298524
1500000,-19,-1.085404967454953,0.15006824959594756,0.042677413057871746
1500000,-18.5,-1.1093406374274073,0.1351455337951903,0.033944967097525355
1500000,-18,-1.1582840487560877,0.11804745316722622,0.01779364128874916
1500000,-17.5,-1.275790316822632,0.09070936106694782,-0.0004274125340766488
1500000,-17,-1.358303251291919,0.06587732936256314,-0.013121839824672587
1500000,-16.5,-1.4009844908047373,0.051096847559316795,-0.02164267049215992
1500000,-16,-1.4216800915059375,0.041431659442603255,-0.026863233482511812
1500000,-15.5,-1.4279103438263576,0.034988733040411,-0.02826713814116356
1500000,-15,-1.4254609156409261,0.0306492714118104,-0.02662612771442181
1500000,-14.5,-1.4158214497926078,0.027527898045687522,-0.023416945760548806
1500000,-14,-1.398487186339694,0.025110044458495254,-0.019861085422906266
1500000,-13.5,-1.373283737407156,0.023119405927991218,-0.016673722221468765
1500000,-13,-1.3411319518727927,0.02140474344703221,-0.01409777130631748
1500000,-12.5,-1.303682206320386,0.019883471322285858,-0.012065464205928921
1500000,-12,-1.2626203994122163,0.018510984014190015,-0.010395349603318515
1500000,-11.5,-1.2192600921263221,0.017262747387325455,-0.008916665089800314
1500000,-11,-1.1744824350100325,0.016124515591038516,-0.007508983464985108
1500000,-10.5,-1.128822845948894,0.015087334312059,-0.006102899112984794
1500000,-10,-1.0825655197734154,0.01414493493106002,-0.004676607691748201
1500000,-9.5,-1.035812391234987,0.013291744209897066,-0.0032554896605850488
1500000,-9,-0.9885131646041005,0.012520315231044292,-0.0019020728472681006
1500000,-8.5,-0.940432104539794,0.01182186149414461,-0.0007023378604478492
1500000,-8,-0.8911173394090932,0.011184270095242331,0.0002423474340719503
1500000,-7.5,-0.8400445488346708,0.010589123821387325,0.0008487867980729258
1500000,-7,-0.7868939432695734,0.010028098206953384,0.001074897494480058
1500000,-6.5,-0.7316895257124412,0.00949864438189267,0.0009299267693211918
1500000,-6,-0.6747426727833229,0.008996392009454839,0.00046581622637247716
1500000,-5.5,-0.6165055042494808,0.008514982115315112,-0.00025268551697811835
1500000,-5,-0.5574652783854981,0.008040709679648027,-0.001170935630658182
1500000,-4.5,-0.4982465962993272,0.007544616858905531,-0.002224276083922172
1500000,-4,-0.4397111080536295,0.006993206650521909,-0.0032216647530047575
1500000,-3.5,-0.38186064357127075,0.006439941018326133,-0.003909390890700626
1500000,-3,-0.3242994658241404,0.005996147836446326,-0.004152111406392165
1500000,-2.5,-0.2688430112955515,0.005597180341546594,-0.0034937625710640464
1500000,-2,-0.21605223694301595,0.005225715881788043,-0.00235825517566553
1500000,-1.5,-0.1640265937132294,0.004956576750094015,-0.0014033156774879625
1500000,-1,-0.11085115100655055,0.004768181573997575,-0.0007992077074104681
1500000,-0.5,-0.05603502187933575,0.004626556733660272,-0.0003743930568102072
1500000,0,-7.355227538141662e-16,0.0045697439811148806,-9.71445146547012e-17
1500000,0.5,0.05603502187933507,0.004626556733660276,0.0003743930568103432
1500000,1,0.11085115100654994,0.004768181573997575,0.000799207707410493
1500000,1.5,0.16402659371322942,0.004956576750094011,0.001403315677487854
1500000,2,0.21605223694301592,0.005225715881788039,0.0023582551756656384
1500000,2.5,0.2688430112955512,0.005597180341546594,0.0034937625710638937
1500000,3,0.32429946582414176,0.005996147836446315,0.004152111406391959
1500000,3.5,0.38186064357127053,0.006439941018326128,0.003909390890700725
1500000,4,0.43971110805362984,0.006993206650521909,0.0032216647530047215
1500000,4.5,0.49824659629932716,0.007544616858905538,0.0022242760839221833
1500000,5,0.5574652783854979,0.008040709679648041,0.0011709356306580793
1500000,5.5,0.6165055042494791,0.008514982115315112,0.00025268551697797404
1500000,6,0.6747426727833228,0.008996392009454846,-0.0004658162263725951
1500000,6.5,0.7316895257124414,0.00949864438189268,-0.0009299267693213015
1500000,7,0.7868939432695732,0.010028098206953395,-0.0010748974944802855
1500000,7.5,0.8400445488346702,0.010589123821387355,-0.0008487867980730604
1500000,8,0.8911173394090921,0.011184270095242331,-0.00024234743407198085
1500000,8.5,0.9404321045397956,0.0118218614941446,0.0007023378604477319
1500000,9,0.9885131646041001,0.012520315231044325,0.0019020728472680145
1500000,9.5,1.035812391234987,0.013291744209897089,0.0032554896605850115
1500000,10,1.0825655197734152,0.01414493493106002,0.004676607691748086
1500000,10.5,1.1288228459488931,0.015087334312059,0.006102899112984732
1500000,11,1.1744824350100322,0.016124515591038557,0.007508983464984992
1500000,11.5,1.2192600921263206,0.0172627473873255,0.008916665089800328
1500000,12,1.2626203994122163,0.018510984014190015,0.01039534960331844
1500000,12.5,1.3036822063203841,0.019883471322285903,0.012065464205929133
1500000,13,1.3411319518727924,0.02140474344703225,0.014097771306317581
1500000,13.5,1.3732837374071558,0.023119405927991287,0.016673722221468845
1500000,14,1.3984871863396937,0.025110044458495323,0.019861085422906346
1500000,14.5,1.4158214497926056,0.027527898045687622,0.023416945760548778
1500000,15,1.425460915640924,0.030649271411810564,0.026626127714421986
1500000,15.5,1.427910343826356,0.03498873304041114,0.02826713814116375
1500000,16,1.421680091505936,0.0414316594426034,0.026863233482511788
1500000,16.5,1.4009844908047349,0.051096847559317156,0.021642670492159777
1500000,17,1.358303251291916,0.06587732936256374,0.013121839824672266
1500000,17.5,1.2757903168226274,0.09070936106694838,0.00042741253407633796
1500000,18,1.1582840487560842,0.11804745316722674,-0.017793641288749724
1500000,18.5,1.109340637427404,0.13514553379519081,-0.033944967097525494
1500000,19,1.0854049674549506,0.15006824959594783,-0.04267741305787213
1500000,19.5,1.0541491593663335,0.16800498153764526,-0.051481250652985554
1500000,20,1.0207638186554415,0.18832971865056244,-0.06225198763668183
1500000,20.5,0.9896384463649215,0.20993611433151996,-0.07363485910252762
1500000,21,0.9658656735168584,0.23065737373098374,-0.08432447164855952
1500000,21.5,0.9542210818715764,0.24789308663028564,-0.09350291807308748
1500000,22,0.9556098606826164,0.2603740862695238,-0.10094798445858907
1500000,22.5,0.9667318463225463,0.26883152020017237,-0.10699183344412706
1500000,23,0.9831180075371473,0.27486459848880246,-0.11217554986062676
1500000,23.5,1.0015153722153556,0.27975920624496264,-0.11692978285486108
1500000,24,1.0202125195135916,0.28421607161290036,-0.1214959097369794
1500000,24.5,1.0384915445576104,0.2885421591588262,-0.1259813608824388
1500000,25,1.0561225800389558,0.2928539456237167,-0.13042426732328596
2000000,-20,-1.0531651321474285,0.17884832010479315,0.0567929127787697
2000000,-19.5,-1.1252883787251269,0.15668044769476172,0.034426047318197886
2000000,-19,-1.3518841226648413,0.10390499502803949,0.005101454903176017
2000000,-18.5,-1.482737841306404,0.06460169026030783,-0.012991811716774031
2000000,-18,-1.5354818181646959,0.05051873854511463,-0.022166271004094927
2000000,-17.5,-1.5602270248998822,0.041431125861987585,-0.02774118244766966
2000000,-17,-1.5660016166553286,0.03535298987299045,-0.02935537194175534
2000000,-16.5,-1.5625098575118952,0.0312103145250127,-0.028025598420484486
2000000,-16,-1.5531611135756198,0.02815506421902775,-0.02516672002585797
2000000,-15.5,-1.5378828726455251,0.025760438282666987,-0.021751804868185072
2000000,-15,-1.5160615809775275,0.023804125948066822,-0.01839601944544741
2000000,-14.5,-1.4877544125524187,0.02214799662327832,-0.015449234657216501
2000000,-14,-1.4538797390911853,0.020702745205179767,-0.01301176125134113
2000000,-13.5,-1.4157460912974407,0.019412484069458048,-0.011021229779792351
2000000,-13,-1.374467468289604,0.018242396061127427,-0.009379401788994839
2000000,-12.5,-1.3307161935334675,0.017170122317895144,-0.008023908947483735
2000000,-12,-1.2848189565745962,0.016181075173867753,-0.006929703073042176
2000000,-11.5,-1.2369774212239433,0.01526624637825157,-0.006078568432694602
2000000,-11,-1.1874566889388078,0.01442116083159301,-0.005428850161133219
2000000,-10.5,-1.1366834478559356,0.01364515252896766,-0.0049007365917511595
2000000,-10,-1.0852231825065997,0.012940503757423399,-0.004388303601736648
2000000,-9.5,-1.033618338409412,0.012311016913473862,-0.0038046803985478704
2000000,-9,-0.9821533912117988,0.011758698777820336,-0.00313439417375373
2000000,-8.5,-0.930734484578189,0.011279652204682387,-0.0024387348680427108
2000000,-8,-0.8790316295694849,0.010862769070686033,-0.0018071594252327197
2000000,-7.5,-0.8267549582352806,0.010489481172493712,-0.0012882139608774018
2000000,-7,-0.773797733674551,0.010149261664025636,-0.0008781507306971775
2000000,-6.5,-0.7202058042666292,0.009842250573349944,-0.0005602079235965784
2000000,-6,-0.6661135194904505,0.009566950185973953,-0.0003199953685441015
2000000,-5.5,-0.611652968265306,0.009320598414784623,-0.0001433915470928221
2000000,-5,-0.5568790024475284,0.009103025253509797,-0.000015793982550835194
2000000,-4.5,-0.5018045014319975,0.008914070076486176,0.00007721750456369524
2000000,-4,-0.44645889862021115,0.008749830617615103,0.00014802348738142678
2000000,-3.5,-0.3908882924127056,0.008605519413891347,0.00020068513867179115
2000000,-3,-0.33513283001658306,0.008480865505005158,0.00022484251163747414
2000000,-2.5,-0.279221126020874,0.008374203357922985,0.00020344338581093359
2000000,-2,-0.22321927300582156,0.008272073138417156,0.00015449605966180447
2000000,-1.5,-0.16727235707074714,0.008158926230756446,0.0001563833447554619
2000000,-1,-0.11144990363907695,0.008042539064377264,0.00022490462382565303
2000000,-0.5,-0.05569477847448482,0.007956926580544652,0.0002012808028806351
2000000,0,-2.220446049250313e-16,0.007926860983826613,5.551115123125783e-18
2000000,0.5,0.05569477847448333,0.007956926580544638,-0.00020128080288052408
2000000,1,0.11144990363907625,0.008042539064377248,-0.00022490462382554477
2000000,1.5,0.1672723570707464,0.008158926230756446,-0.00015638334475554517
2000000,2,0.22321927300582234,0.008272073138417142,-0.000154496059662243
2000000,2.5,0.2792211260208729,0.008374203357922999,-0.00020344338581093911
2000000,3,0.3351328300165834,0.008480865505005151,-0.00022484251163740754
2000000,3.5,0.390888292412706,0.008605519413891332,-0.00020068513867207426
2000000,4,0.4464588986202117,0.008749830617615096,-0.00014802348738125471
2000000,4.5,0.5018045014319972,0.008914070076486185,-0.00007721750456385346
2000000,5,0.5568790024475275,0.009103025253509797,0.00001579398255089348
2000000,5.5,0.6116529682653051,0.009320598414784631,0.00014339154709273327
2000000,6,0.6661135194904507,0.00956695018597397,0.00031999536854402933
2000000,6.5,0.7202058042666273,0.009842250573349953,0.000560207923596781
2000000,7,0.7737977336745502,0.010149261664025645,0.000878150730697283
2000000,7.5,0.8267549582352802,0.010489481172493723,0.0012882139608774283
2000000,8,0.8790316295694846,0.010862769070686033,0.001807159425232814
2000000,8.5,0.9307344845781864,0.011279652204682387,0.002438734868042465
2000000,9,0.9821533912117992,0.011758698777820315,0.0031343941737539036
2000000,9.5,1.0336183384094104,0.012311016913473872,0.0038046803985479966
2000000,10,1.0852231825065994,0.012940503757423422,0.004388303601736537
2000000,10.5,1.1366834478559338,0.01364515252896766,0.004900736591751322
2000000,11,1.1874566889388056,0.014421160831593035,0.005428850161133275
2000000,11.5,1.2369774212239408,0.015266246378251623,0.006078568432694691
2000000,12,1.2848189565745962,0.01618107517386771,0.006929703073042267
2000000,12.5,1.3307161935334675,0.017170122317895158,0.008023908947483656
2000000,13,1.3744674682896045,0.018242396061127476,0.009379401788994917
2000000,13.5,1.4157460912974391,0.019412484069458058,0.011021229779792302
2000000,14,1.4538797390911844,0.020702745205179805,0.013011761251341254
2000000,14.5,1.4877544125524187,0.022147996623278304,0.015449234657216574
2000000,15,1.5160615809775269,0.023804125948066822,0.018396019445447404
2000000,15.5,1.5378828726455247,0.025760438282666952,0.02175180486818515
2000000,16,1.5531611135756203,0.028155064219027776,0.025166720025857965
2000000,16.5,1.5625098575118939,0.031210314525012783,0.02802559842048454
2000000,17,1.566001616655328,0.035352989872990355,0.029355371941755425
2000000,17.5,1.5602270248998813,0.041431125861987585,0.027741182447669693
2000000,18,1.5354818181646945,0.050518738545114655,0.0221662710040952
2000000,18.5,1.4827378413064016,0.06460169026030813,0.0129918117167739
2000000,19,1.3518841226648397,0.10390499502803963,-0.00510145490317615
2000000,19.5,1.1252883787251278,0.1566804476947618,-0.03442604731819774
2000000,20,1.0531651321474271,0.17884832010479315,-0.0567929127787697
2000000,20.5,1.0283500402118897,0.19574734967029012,-0.06585183278672771
2000000,21,1.004565547621324,0.2147998518689637,-0.07422689921209866
2000000,21.5,0.9895753823599854,0.2323814623720835,-0.08344155951077534
2000000,22,0.9857104050428168,0.24659805303048807,-0.09204102212221248
2000000,22.5,0.9911212285624387,0.2573916828979169,-0.09953395977933109
2000000,23,1.001945689802853,0.26595740763558734,-0.10607958311061347
2000000,23.5,1.015149657962561,0.27344165795242914,-0.11197779002021853
2000000,24,1.0293056601626593,0.28040462155065243,-0.11746464010656452
2000000,24.5,1.0438988378795997,0.2870149723223535,-0.12267372988150597
2000000,25,1.058713733599493,0.29330429918700274,-0.12766767532071238
2000000,-20,-1.0789435298322092,0.17247106592382871,0.052987442366921746
2000000,-19.5,-1.1540759347062755,0.15046308415554124,0.030657358808238333
2000000,-19,-1.3686344755124593,0.09990765195440678,0.0026787412799876343
2000000,-18.5,-1.493439876096439,0.06348554079448628,-0.014374219277514777
2000000,-18,-1.5443113098941121,0.04958901111484365,-0.023014063961522224
2000000,-17.5,-1.567304740890306,0.04068637236755138,-0.028056754006101532
2000000,-17,-1.572690921861855,0.03470511328310631,-0.029407651301436744
2000000,-16.5,-1.5691317050144442,0.03061041575294178,-0.02796156579649801
2000000,-16,-1.5595038990699737,0.027607532286078866,-0.025009772527372597
2000000,-15.5,-1.5435845033855675,0.025274420888500407,-0.02152651683574235
2000000,-15,-1.5207303734390738,0.02337936258023664,-0.018172966350583
2000000,-14.5,-1.4910786813521948,0.021777293223647087,-0.015317922717474855
2000000,-14,-1.4557395898326453,0.020377196069373358,-0.013034170968603681
2000000,-13.5,-1.4162813967788528,0.019124651151345835,-0.01120243634038026
2000000,-13,-1.3740916993351915,0.017987305855929177,-0.009659642191213472
2000000,-12.5,-1.330075639920317,0.01694473058512153,-0.008288098138234912
2000000,-12,-1.2846848012045418,0.01598257429726701,-0.007034727460619715
2000000,-11.5,-1.2380690288600564,0.015089590025816465,-0.005896861383537506
2000000,-11,-1.1902234780563785,0.014256398077164249,-0.004900045468373863
2000000,-10.5,-1.1411016748930138,0.013475392608214324,-0.004076724921472581
2000000,-10,-1.090694016676858,0.012741506709439618,-0.0034504044167417815
2000000,-9.5,-1.039069682628098,0.012053295638386089,-0.0030291085072188364
2000000,-9,-0.9863756651530271,0.011412142224451093,-0.0028019754577005064
2000000,-8.5,-0.9327885482611695,0.010819233571196586,-0.0027342916207522905
2000000,-8,-0.8784615111905438,0.010272037119931327,-0.002782372029272104
2000000,-7.5,-0.823547120885039,0.009758544145746529,-0.0028980681850144505
2000000,-7,-0.7682831106195016,0.00927437600077255,-0.0030170585956860647
2000000,-6.5,-0.7130133447148703,0.008829447815484871,-0.003042286450149051
2000000,-6,-0.6581078548911115,0.00843459968449333,-0.0028489456029450327
2000000,-5.5,-0.6037593858958009,0.008096040206992363,-0.00236448404722544
2000000,-5,-0.5497337881965947,0.00781438801809562,-0.0016725719305551417
2000000,-4.5,-0.49548093317145686,0.007585052356733073,-0.0009991340641070684
2000000,-4,-0.44069137937636577,0.007396182046105272,-0.0005265640658463161
2000000,-3.5,-0.38555434793869026,0.007228347063652757,-0.0002540811199041759
2000000,-3,-0.3304543813925281,0.007060425495195421,-0.00008790815939646034
2000000,-2.5,-0.275680268536809,0.006876839419948673,0.00006991876750349346
2000000,-2,-0.2210016092152716,0.006703365177850532,0.0001646052625909916
2000000,-1.5,-0.1659857354827319,0.006585609765308939,0.00007722290142858357
2000000,-1,-0.11069671535855266,0.006499242368814756,0.000043545012999562924
2000000,-0.5,-0.05528003404381341,0.006422606895303365,0.00009183312990509451
2000000,0,-5.551115123125783e-17,0.006389435556059884,-3.053113317719181e-17
2000000,0.5,0.05528003404381291,0.0064226068953033765,-0.00009183312990491687
2000000,1,0.11069671535855136,0.006499242368814756,-0.000043545012999426924
2000000,1.5,0.1659857354827312,0.006585609765308933,-0.00007722290142872512
2000000,2,0.22100160921527184,0.006703365177850526,-0.00016460526259100828
2000000,2.5,0.2756802685368088,0.006876839419948673,-0.0000699187675034768
2000000,3,0.3304543813925267,0.00706042549519544,0.00008790815939650198
2000000,3.5,0.3855543479386886,0.007228347063652757,0.0002540811199044396
2000000,4,0.4406913793763654,0.007396182046105272,0.000526564065846441
2000000,4.5,0.49548093317145614,0.007585052356733066,0.0009991340641069906
2000000,5,0.5497337881965938,0.00781438801809562,0.0016725719305550695
2000000,5.5,0.6037593858958004,0.008096040206992347,0.0023644840472255846
2000000,6,0.6581078548911107,0.008434599684493315,0.0028489456029452825
2000000,6.5,0.713013344714869,0.008829447815484887,0.003042286450149004
2000000,7,0.7682831106195023,0.009274376000772567,0.003017058595686155
2000000,7.5,0.8235471208850373,0.009758544145746546,0.0028980681850143295
2000000,8,0.8784615111905423,0.010272037119931354,0.0027823720292719832
2000000,8.5,0.9327885482611682,0.010819233571196605,0.002734291620752308
2000000,9,0.9863756651530277,0.011412142224451093,0.0028019754577005493
2000000,9.5,1.0390696826280963,0.012053295638386079,0.003029108507218773
2000000,10,1.090694016676859,0.012741506709439595,0.003450404416741554
2000000,10.5,1.1411016748930143,0.013475392608214311,0.0040767249214726225
2000000,11,1.1902234780563785,0.014256398077164249,0.004900045468373785
2000000,11.5,1.2380690288600564,0.015089590025816493,0.005896861383537471
2000000,12,1.2846848012045422,0.015982574297266995,0.0070347274606197595
2000000,12.5,1.3300756399203162,0.016944730585121543,0.008288098138235134
2000000,13,1.3740916993351915,0.01798730585592916,0.009659642191213565
2000000,13.5,1.416281396778853,0.019124651151345835,0.011202436340380255
2000000,14,1.4557395898326444,0.020377196069373403,0.013034170968603803
2000000,14.5,1.4910786813521946,0.021777293223647087,0.015317922717474852
2000000,15,1.5207303734390742,0.02337936258023664,0.018172966350583013
2000000,15.5,1.5435845033855675,0.025274420888500418,0.021526516835742436
2000000,16,1.5595038990699743,0.027607532286078904,0.025009772527372666
2000000,16.5,1.5691317050144438,0.030610415752941822,0.02796156579649786
2000000,17,1.572690921861854,0.034705113283106326,0.029407651301436927
2000000,17.5,1.5673047408903051,0.04068637236755152,0.028056754006101435
2000000,18,1.5443113098941097,0.049589011114843845,0.02301406396152217
2000000,18.5,1.4934398760964371,0.0634855407944865,0.014374219277514717
2000000,19,1.3686344755124547,0.09990765195440753,-0.002678741279987784
2000000,19.5,1.1540759347062723,0.150463084155542,-0.030657358808238777
2000000,20,1.078943529832209,0.1724710659238288,-0.05298744236692201
2000000,20.5,1.0554020077349948,0.18801879603281194,-0.06218870935618811
2000000,21,1.0316379149983472,0.20598711366219652,-0.07010911233872677
2000000,21.5,1.0132641286602908,0.223730146242357,-0.07922649380325646
2000000,22,1.0031858375264826,0.23954480499793498,-0.08828937580718925
2000000,22.5,1.0021661422644355,0.2524721336035493,-0.09650431537271853
2000000,23,1.0085252900557422,0.2626418754103131,-0.10373431787115425
2000000,23.5,1.0194005122743197,0.2709205758883613,-0.11015590347326956
2000000,24,1.0325715856714623,0.27812469670420753,-0.11600748094648453
2000000,24.5,1.0468696906163604,0.28471898708321863,-0.12147570952963511
2000000,25,1.0617598014146048,0.2909075909742251,-0.12667276621658324
2000000,-20,-1.0849240444237989,0.16937309439848627,0.052312283482556385
2000000,-19.5,-1.109431036472046,0.1538508529710105,0.04522593852751311
2000000,-19,-1.1332389636543152,0.14047327757219574,0.034980495170209895
2000000,-18.5,-1.2213583624428623,0.11779993061844554,0.014056603038783968
2000000,-18,-1.373817682280129,0.08110137360005866,-0.006095345069583691
2000000,-17.5,-1.454540695735094,0.05735474409059746,-0.01822176584763714
2000000,-17,-1.4894383743507096,0.04512764748817683,-0.02537087006314162
2000000,-16.5,-1.5023810612352695,0.03727591689513916,-0.028689886661078513
2000000,-16,-1.5036435903868124,0.03211265541585025,-0.028396706787675474
2000000,-15.5,-1.4976527951363539,0.02853877971969518,-0.025792204622375414
2000000,-15,-1.4847454846695378,0.025873089200553628,-0.022236430807018794
2000000,-14.5,-1.4643027352396312,0.023752722103921625,-0.018683126859564025
2000000,-14,-1.4364154358366523,0.021977821710019427,-0.015643947890806906
2000000,-13.5,-1.4022160896842188,0.020434239227089375,-0.01323958456847781
2000000,-13,-1.3633658257048467,0.019057387149301226,-0.011349415789874555
2000000,-12.5,-1.321412096329581,0.017810835003771768,-0.00978424368857585
2000000,-12,-1.2774866097227264,0.016673320440541636,-0.008385776678979242
2000000,-11.5,-1.2323058636402924,0.015631522977604763,-0.007052041725914182
2000000,-11,-1.186265912520383,0.014676274742443467,-0.005732263381871503
2000000,-10.5,-1.1395215045307534,0.013800544812991526,-0.004419008165392995
2000000,-10,-1.0920482526751019,0.012998353950718388,-0.003143774956800356
2000000,-9.5,-1.0437204728150231,0.012264131287737783,-0.0019720031332828387
2000000,-9,-0.9943956422781091,0.011591233694052658,-0.000985092512968985
2000000,-8.5,-0.9439317731089487,0.010971825552790724,-0.0002528712353178482
2000000,-8,-0.8921295826020555,0.010397036101047459,0.0001733291240484422
2000000,-7.5,-0.8387604778990125,0.009851976130266043,0.00027646284881114176
2000000,-7,-0.783730894310961,0.009330654602215405,0.00007702360904328492
2000000,-6.5,-0.7271641678561815,0.008834326021347825,-0.00037706589087067725
2000000,-6,-0.6693472338497882,0.008362214606838229,-0.0010207125709609827
2000000,-5.5,-0.6106623989783535,0.007913167541909478,-0.0017850247331505976
2000000,-5,-0.551604676640474,0.0074832905461269675,-0.00259036477281199
2000000,-4.5,-0.4929550865087241,0.007058961104091224,-0.003310663955765622
2000000,-4,-0.4359410377487719,0.006613243027194286,-0.0037146636795304918
2000000,-3.5,-0.38128128716666143,0.006145788945615517,-0.0035021970699867316
2000000,-3,-0.327572051759509,0.005750530480016667,-0.0028210853459791074
2000000,-2.5,-0.27366823445066674,0.00544016067312705,-0.0018637970634150457
2000000,-2,-0.21955940415247988,0.005140899301261383,-0.0008750428387808484
2000000,-1.5,-0.16538226291247923,0.004883216573628356,-0.00036035166604191646
2000000,-1,-0.11089450794984293,0.004720837638767417,-0.00019471585624239451
2000000,-0.5,-0.05576040560186495,0.004631476599378943,-0.00011354082869294291
2000000,0,-8.187894806610529e-16,0.004600318267571591,1.9428902930940238e-17
2000000,0.5,0.05576040560186504,0.004631476599378947,0.00011354082869281801
2000000,1,0.11089450794984075,0.0047208376387674255,0.00019471585624259992
2000000,1.5,0.16538226291247868,0.004883216573628356,0.0003603516660419692
2000000,2,0.21955940415247943,0.005140899301261379,0.0008750428387808484
2000000,2.5,0.27366823445066546,0.00544016067312705,0.0018637970634150652
2000000,3,0.32757205175950876,0.005750530480016667,0.002821085345978988
2000000,3.5,0.38128128716665954,0.006145788945615511,0.0035021970699867623
2000000,4,0.4359410377487717,0.006613243027194286,0.0037146636795305278
2000000,4.5,0.49295508650872444,0.00705896110409123,0.0033106639557654886
2000000,5,0.5516046766404755,0.007483290546126961,0.0025903647728117317
2000000,5.5,0.610662398978352,0.007913167541909478,0.0017850247331506475
2000000,6,0.6693472338497897,0.008362214606838229,0.001020712570960866
2000000,6.5,0.7271641678561809,0.008834326021347831,0.000377065890870594
2000000,7,0.7837308943109593,0.009330654602215414,-0.00007702360904330851
2000000,7.5,0.8387604778990136,0.009851976130266043,-0.00027646284881116117
2000000,8,0.892129582602055,0.010397036101047459,-0.00017332912404830758
2000000,8.5,0.9439317731089513,0.010971825552790703,0.00025287123531768927
2000000,9,0.9943956422781085,0.011591233694052669,0.0009850925129689387
2000000,9.5,1.0437204728150222,0.012264131287737814,0.0019720031332827893
2000000,10,1.092048252675101,0.012998353950718433,0.0031437749568003644
2000000,10.5,1.1395215045307523,0.013800544812991563,0.004419008165393127
2000000,11,1.186265912520382,0.014676274742443481,0.005732263381871621
2000000,11.5,1.2323058636402926,0.015631522977604763,0.00705204172591421
2000000,12,1.2774866097227258,0.016673320440541654,0.008385776678979402
2000000,12.5,1.3214120963295803,0.017810835003771786,0.009784243688576083
2000000,13,1.3633658257048449,0.019057387149301244,0.011349415789874728
2000000,13.5,1.402216089684217,0.020434239227089413,0.013239584568477925
2000000,14,1.43641543583665,0.021977821710019486,0.01564394789080706
2000000,14.5,1.4643027352396298,0.02375272210392166,0.018683126859564213
2000000,15,1.4847454846695356,0.025873089200553756,0.02223643080701895
2000000,15.5,1.497652795136352,0.028538779719695342,0.025792204622375563
2000000,16,1.5036435903868104,0.03211265541585034,0.028396706787675575
2000000,16.5,1.5023810612352662,0.03727591689513938,0.02868988666107853
2000000,17,1.489438374350707,0.04512764748817699,0.025370870063141503
2000000,17.5,1.454540695735091,0.05735474409059782,0.018221765847637024
2000000,18,1.3738176822801256,0.08110137360005956,0.006095345069583119
2000000,18.5,1.221358362442858,0.11779993061844628,-0.014056603038784402
2000000,19,1.133238963654312,0.140473277572196,-0.0349804951702103
2000000,19.5,1.109431036472044,0.15385085297101087,-0.04522593852751315
2000000,20,1.084924044423798,0.16937309439848663,-0.052312283482556364
2000000,20.5,1.0602507811136184,0.18661534372196417,-0.06119034004151097
2000000,21,1.037222261151243,0.2049955088245559,-0.07143258870165023
2000000,21.5,1.0167710308914388,0.2239198679241453,-0.08196014525259081
2000000,22,1.0018877935216561,0.2419255939757304,-0.09191241703144022
2000000,22.5,0.9956278212334246,0.2572810027646694,-0.10072015296683672
2000000,23,0.9984668364921816,0.26919439811140117,-0.10821205627584178
2000000,23.5,1.0083632611428446,0.27810992301001597,-0.11457793478482695
2000000,24,1.0225834386968908,0.28500490807898504,-0.12015462547283913
2000000,24.5,1.0389808672178695,0.290726473542571,-0.12523591109746188
2000000,25,1.0562261834898237,0.29580314046463185,-0.13001371190601657
3000000,-20,-1.2194452747380333,0.14718769407767107,0.025655060930509354
3000000,-19.5,-1.4622231868800688,0.08615690480437845,-0.002405746528775171
3000000,-19,-1.56514953116982,0.058244348723062465,-0.016716481659921657
3000000,-18.5,-1.6095873975082586,0.046827319174192764,-0.024498088527401735
3000000,-18,-1.6275435081083365,0.038906726627516,-0.028860711394244527
3000000,-17.5,-1.6299161723287492,0.033543753326425486,-0.029639154112204864
3000000,-17,-1.6250697563867706,0.029770947966363936,-0.027882214623729595
3000000,-16.5,-1.6150880305643864,0.026930204496753613,-0.02478755805431743
3000000,-16,-1.599360162631525,0.02468491469263643,-0.021212726425454437
3000000,-15.5,-1.5770730329296816,0.0228433839807118,-0.017750440431058605
3000000,-15,-1.548214889909263,0.02127923161981263,-0.01475278390228415
3000000,-14.5,-1.513697670302928,0.01990971830346128,-0.01231765080957089
3000000,-14,-1.47485915415108,0.018683425326982233,-0.010374767371980542
3000000,-13.5,-1.432863130979794,0.01756897324613181,-0.008814559968756748
3000000,-13,-1.3884498078598622,0.01654706503773848,-0.007556437638125721
3000000,-12.5,-1.3420404931311989,0.015606061980761955,-0.006546351258541816
3000000,-12,-1.2939614722993715,0.014739650694066842,-0.005728052576284405
3000000,-11.5,-1.2446019567086497,0.013945211135496079,-0.005023888388141503
3000000,-11,-1.1944291340949251,0.013222065519389405,-0.004341957723914162
3000000,-10.5,-1.1438614405191627,0.012569474938324384,-0.0036120088777970307
3000000,-10,-1.093094829950321,0.011985097077611709,-0.002830327060899691
3000000,-9.5,-1.0420586412231088,0.01146472513856186,-0.0020708377514272944
3000000,-9,-0.9905816256124136,0.011001958965594597,-0.0014300430739204242
3000000,-8.5,-0.938582635341745,0.01058759586697898,-0.0009431055712956132
3000000,-8,-0.8860599386842672,0.010212803054862978,-0.0005762887454664634
3000000,-7.5,-0.8329752757228688,0.009869866970104347,-0.0002848873387138712
3000000,-7,-0.7792723362006093,0.00955921751128078,-0.00005027235171817801
3000000,-6.5,-0.724983501153555,0.009285039733660948,0.0001276995845180956
3000000,-6,-0.6702731886619995,0.009042896771029863,0.0002531948428754649
3000000,-5.5,-0.6153579636778909,0.008823176056312283,0.00033622623206482907
3000000,-5,-0.5603370798990089,0.008619817020817242,0.0003879255110661339
3000000,-4.5,-0.505134720223471,0.00843326920335606,0.0004190626948856607
3000000,-4,-0.44962833274896924,0.008268529248326889,0.00043721746868829737
3000000,-3.5,-0.39375938050517634,0.00813242701495807,0.00043960425541669237
3000000,-3,-0.33752649119388495,0.008026410999661315,0.0004158435220132983
3000000,-2.5,-0.28097013842635443,0.007941210629450466,0.0003796980860816451
3000000,-2,-0.2242569985991972,0.007861204011909867,0.0003731696303017895
3000000,-1.5,-0.1677530118206092,0.007771319358094002,0.000379788471878395
3000000,-1,-0.1117181627437821,0.007669109627040084,0.00032762972131832323
3000000,-0.5,-0.05590573720074211,0.007580330899081891,0.000196811831184579
3000000,0,-1.2351231148954867e-15,0.007544846848755959,-6.106226635438361e-17
3000000,0.5,0.05590573720074261,0.007580330899081891,-0.00019681183118461787
3000000,1,0.11171816274378088,0.007669109627040077,-0.0003276297213183177
3000000,1.5,0.1677530118206077,0.007771319358094002,-0.0003797884718783506
3000000,2,0.22425699859919662,0.007861204011909853,-0.00037316963030169513
3000000,2.5,0.2809701384263552,0.007941210629450466,-0.0003796980860816562
3000000,3,0.3375264911938832,0.008026410999661315,-0.00041584352201331777
3000000,3.5,0.39375938050517445,0.00813242701495807,-0.00043960425541649526
3000000,4,0.44962833274896863,0.008268529248326889,-0.0004372174686881447
3000000,4.5,0.50513472022347,0.008433269203356067,-0.00041906269488555523
3000000,5,0.5603370798990094,0.008619817020817256,-0.0003879255110662033
3000000,5.5,0.6153579636778901,0.008823176056312268,-0.0003362262320648152
3000000,6,0.6702731886619997,0.009042896771029863,-0.000253194842875426
3000000,6.5,0.7249835011535546,0.009285039733660972,-0.000127699584518165
3000000,7,0.7792723362006087,0.009559217511280771,0.000050272351718139154
3000000,7.5,0.8329752757228683,0.009869866970104347,0.0002848873387137907
3000000,8,0.886059938684269,0.01021280305486297,0.0005762887454662843
3000000,8.5,0.9385826353417446,0.010587595866978989,0.0009431055712955175
3000000,9,0.9905816256124134,0.011001958965594597,0.0014300430739205422
3000000,9.5,1.0420586412231074,0.011464725138561881,0.0020708377514273716
3000000,10,1.0930948299503236,0.01198509707761172,0.002830327060899681
3000000,10.5,1.1438614405191636,0.012569474938324374,0.0036120088777971066
3000000,11,1.1944291340949258,0.013222065519389427,0.004341957723914301
3000000,11.5,1.2446019567086481,0.013945211135496115,0.005023888388141483
3000000,12,1.293961472299371,0.014739650694066856,0.0057280525762842885
3000000,12.5,1.3420404931311976,0.015606061980761941,0.006546351258541925
3000000,13,1.3884498078598608,0.016547065037738465,0.007556437638125765
3000000,13.5,1.432863130979793,0.017568973246131842,0.008814559968756911
3000000,14,1.4748591541510794,0.018683425326982216,0.01037476737198062
3000000,14.5,1.5136976703029281,0.01990971830346127,0.012317650809570988
3000000,15,1.548214889909263,0.021279231619812686,0.014752783902284105
3000000,15.5,1.577073032929678,0.022843383980711847,0.01775044043105891
3000000,16,1.5993601626315233,0.024684914692636527,0.021212726425454468
3000000,16.5,1.6150880305643862,0.0269302044967536,0.024787558054317517
3000000,17,1.6250697563867702,0.02977094796636395,0.027882214623729452
3000000,17.5,1.6299161723287485,0.0335437533264256,0.029639154112204726
3000000,18,1.6275435081083347,0.038906726627516035,0.028860711394244683
3000000,18.5,1.6095873975082569,0.046827319174192784,0.024498088527401752
3000000,19,1.5651495311698205,0.05824434872306249,0.016716481659921522
3000000,19.5,1.4622231868800664,0.0861569048043786,0.0024057465287753766
3000000,20,1.2194452747380302,0.14718769407767174,-0.02565506093050976
3000000,20.5,1.0844364912572184,0.18086780445486417,-0.054744886996990295
3000000,21,1.0616393277373326,0.19490121017794332,-0.06747388720524745
3000000,21.5,1.041960957058872,0.21124135514483997,-0.07421601755487768
3000000,22,1.0262533279013972,0.22800937270252158,-0.08216591850450523
3000000,22.5,1.0170329467903543,0.24363460835089906,-0.09097225241872013
3000000,23,1.0150799086972035,0.25708788598426446,-0.09949247597313039
3000000,23.5,1.020103161167888,0.2678752598222721,-0.10717018290667153
3000000,24,1.030052861269097,0.27648927297967935,-0.11395865866253954
3000000,24.5,1.042606031000169,0.2837992675233703,-0.12002968434550092
3000000,25,1.0563478441275937,0.290406070938511,-0.12558461628803635
3000000,-20,-1.3106721336283225,0.1290617022684786,0.015491937337256251
3000000,-19.5,-1.517818843250177,0.07434462196680124,-0.008616470673699967
3000000,-19,-1.5965309192864368,0.054453094742362367,-0.019836693841778098
3000000,-18.5,-1.6321610310977743,0.044180181651072355,-0.026353774777392536
3000000,-18,-1.644661205872898,0.03704033898951463,-0.029512083921462522
3000000,-17.5,-1.644793005798714,0.032157984128452576,-0.0294993901986713
3000000,-17,-1.63861193301547,0.028662095868146265,-0.027348793191778825
3000000,-16.5,-1.6270971277550612,0.026009852650541294,-0.024094015848640685
3000000,-16,-1.6094325628764372,0.023910283484265528,-0.02051268582572672
3000000,-15.5,-1.5849259765867574,0.022183885634539484,-0.017171257850942777
3000000,-15,-1.553833945158098,0.020710719001119118,-0.01437359632106821
3000000,-14.5,-1.517370453778073,0.019414547951043904,-0.012144620674815313
3000000,-14,-1.4771102112957393,0.018249482286465633,-0.010348040794854855
3000000,-13.5,-1.4343612441620786,0.017187741384920876,-0.00883159099068221
3000000,-13,-1.3899119568800198,0.016211292334106977,-0.007498746842627373
3000000,-12.5,-1.3441052369518176,0.015307196273667464,-0.0063122686753761025
3000000,-12,-1.2970257091495525,0.014465354856715374,-0.005272631883543254
3000000,-11.5,-1.248663286119339,0.013677558414974492,-0.004395679969467046
3000000,-11,-1.1990146124505836,0.012937215648524264,-0.0036959445369468534
3000000,-10.5,-1.148128475990928,0.012239499730139455,-0.003176987007288583
3000000,-10,-1.096112353095481,0.011581903331423048,-0.002829319458505818
3000000,-9.5,-1.0431219558596234,0.010965141698074521,-0.002634538012573448
3000000,-9,-0.9893506169436537,0.010392846880279862,-0.002565126550075722
3000000,-8.5,-0.9350173137984843,0.00986897429168283,-0.002569108278815177
3000000,-8,-0.8803696651190439,0.009395245064214543,-0.002568265130889044
3000000,-7.5,-0.825727331529529,0.008964600224291849,-0.0024657277742667445
3000000,-7,-0.7714726621977169,0.008571580648090911,-0.0021701540795976667
3000000,-6.5,-0.7178060506157393,0.008219850145361784,-0.0016550147510785845
3000000,-6,-0.664429816027032,0.007913675383601928,-0.0010095401098371398
3000000,-5.5,-0.610668931424923,0.0076556312468799475,-0.00041933333241869487
3000000,-5,-0.5560715331975513,0.007443301134457084,-0.000028847437194931547
3000000,-4.5,-0.5007326033082659,0.007268521916347423,0.00017784411130895573
3000000,-4,-0.44492855368446826,0.007124967986761255,0.0002890551787789908
3000000,-3.5,-0.38884524106058566,0.007007677121172658,0.00033742332010738005
3000000,-3,-0.33275444740211596,0.0069013250468697405,0.00032621768550304133
3000000,-2.5,-0.27712479940507184,0.006778044591903336,0.0002894833258431512
3000000,-2,-0.2221733399713876,0.006619920370261748,0.00028959387737791944
3000000,-1.5,-0.16736679929894385,0.006463545491397838,0.00022172914396795528
3000000,-1,-0.11216698375124884,0.006364242205542163,0.00001854911794731684
3000000,-0.5,-0.05641172213367925,0.006322399629723598,-0.00009099660953335587
3000000,0,6.800116025829084e-16,0.006312123598254601,-8.881784197001253e-17
3000000,0.5,0.05641172213367922,0.006322399629723587,0.00009099660953333921
3000000,1,0.11216698375124867,0.006364242205542152,-0.000018549117947322392
3000000,1.5,0.16736679929894557,0.006463545491397826,-0.0002217291439679997
3000000,2,0.2221733399713882,0.006619920370261748,-0.00028959387737813037
3000000,2.5,0.27712479940507156,0.006778044591903348,-0.0002894833258433177
3000000,3,0.332754447402116,0.0069013250468697405,-0.0003262176855028831
3000000,3.5,0.388845241060585,0.007007677121172658,-0.0003374233201072441
3000000,4,0.4449285536844663,0.007124967986761268,-0.0002890551787786633
3000000,4.5,0.500732603308265,0.007268521916347411,-0.00017784411130890575
3000000,5,0.5560715331975516,0.007443301134457084,0.000028847437194859383
3000000,5.5,0.6106689314249227,0.007655631246879941,0.00041933333241866153
3000000,6,0.6644298160270313,0.007913675383601944,0.0010095401098371038
3000000,6.5,0.717806050615738,0.008219850145361798,0.0016550147510788066
3000000,7,0.7714726621977177,0.008571580648090911,0.0021701540795977803
3000000,7.5,0.8257273315295278,0.008964600224291857,0.0024657277742666447
3000000,8,0.880369665119044,0.009395245064214552,0.002568265130889222
3000000,8.5,0.9350173137984845,0.00986897429168283,0.002569108278815263
3000000,9,0.9893506169436541,0.01039284688027987,0.0025651265500755
3000000,9.5,1.0431219558596216,0.010965141698074532,0.0026345380125733725
3000000,10,1.0961123530954806,0.01158190333142308,0.0028293194585057527
3000000,10.5,1.1481284759909285,0.012239499730139443,0.0031769870072885517
3000000,11,1.199014612450584,0.012937215648524276,0.003695944536946838
3000000,11.5,1.2486632861193387,0.013677558414974504,0.004395679969466895
3000000,12,1.2970257091495523,0.0144653548567154,0.0052726318835432376
3000000,12.5,1.3441052369518172,0.01530719627366745,0.006312268675376001
3000000,13,1.3899119568800202,0.016211292334106977,0.007498746842627449
3000000,13.5,1.4343612441620774,0.017187741384920876,0.008831590990682262
3000000,14,1.4771102112957384,0.01824948228646565,0.010348040794854905
3000000,14.5,1.517370453778073,0.01941454795104388,0.012144620674815147
3000000,15,1.5538339451580978,0.020710719001119128,0.014373596321068128
3000000,15.5,1.584925976586756,0.022183885634539505,0.017171257850942895
3000000,16,1.609432562876437,0.023910283484265497,0.02051268582572683
3000000,16.5,1.6270971277550617,0.02600985265054127,0.024094015848640522
3000000,17,1.6386119330154676,0.028662095868146303,0.02734879319177904
3000000,17.5,1.6447930057987123,0.03215798412845259,0.029499390198671305
3000000,18,1.644661205872898,0.03704033898951463,0.029512083921462644
3000000,18.5,1.6321610310977728,0.04418018165107249,0.02635377477739262
3000000,19,1.5965309192864354,0.05445309474236251,0.01983669384177793
3000000,19.5,1.5178188432501754,0.07434462196680143,0.008616470673699866
3000000,20,1.3106721336283182,0.12906170226847913,-0.015491937337256585
3000000,20.5,1.119526272175345,0.17506008355539054,-0.04663759491401202
3000000,21,1.0849847596571474,0.19021758044254303,-0.0643339518250027
3000000,21.5,1.0663310414367762,0.20543004050298458,-0.07154880504329625
3000000,22,1.0494610570538885,0.22186963928486092,-0.07874664032004339
3000000,22.5,1.0378004826075178,0.23769035708189376,-0.0870999122915149
3000000,23,1.031886068435914,0.25213713426811474,-0.09567717365432919
3000000,23.5,1.0322962084657183,0.26449388106770283,-0.10377408748719885
3000000,24,1.0385358705205627,0.2745328763338943,-0.11110807052692033
3000000,24.5,1.048793879161504,0.28272393191287315,-0.11769570277359898
3000000,25,1.061252384579939,0.2897261264672499,-0.12368005305266813
3000000,-20,-1.1453650383648655,0.15811380379788664,0.04225765991276475
3000000,-19.5,-1.2648643495718837,0.1284614039236,0.016365251403098656
3000000,-19,-1.463104608680137,0.07939125032368173,-0.00754882561596597
3000000,-18.5,-1.556043797521936,0.05516134740090153,-0.02000119291240236
3000000,-18,-1.5915506740817635,0.04377365418423876,-0.02670174277873024
3000000,-17.5,-1.603314256079393,0.036398756614592985,-0.029702685462260937
3000000,-17,-1.6037040370275264,0.03148040982100174,-0.029353465739760866
3000000,-16.5,-1.5976164089912266,0.028021241112861337,-0.02682029104789907
3000000,-16,-1.5854841187779452,0.025421556604537817,-0.02327562723907118
3000000,-15.5,-1.5664869629185016,0.023359599225315573,-0.019590093719892523
3000000,-15,-1.5402506561776568,0.02164827416232854,-0.016320042524253283
3000000,-14.5,-1.507462360860227,0.020173065704284687,-0.013682805282864627
3000000,-14,-1.4696178964465216,0.018865635923603827,-0.011621961411000652
3000000,-13.5,-1.4283406842001987,0.017686152722470653,-0.00996219449481876
3000000,-13,-1.3848849603381106,0.016610842335631773,-0.008534516620977093
3000000,-12.5,-1.3400271810122906,0.015624462198832538,-0.007223833418207129
3000000,-12,-1.2941693968016175,0.014716225557223695,-0.005970616727072549
3000000,-11.5,-1.2474602805742288,0.013877642177165764,-0.004761274352040296
3000000,-11,-1.1998737498722565,0.01310137500596753,-0.003618241345319856
3000000,-10.5,-1.1512697462291719,0.012380745051172669,-0.0025881952496353425
3000000,-10,-1.1014708583388617,0.011709809484577793,-0.0017271335604784395
3000000,-9.5,-1.0503634366180437,0.011083899343867944,-0.0010862234132943034
3000000,-9,-0.9979883654052362,0.010499138792721619,-0.0006977437030195891
3000000,-8.5,-0.9445337921898029,0.009950854660342436,-0.0005583375853012718
3000000,-8,-0.8901913456384105,0.00943406089181432,-0.000640116676408356
3000000,-7.5,-0.8350239896128324,0.008939107714400422,-0.0009030850296897569
3000000,-7,-0.7790140477767384,0.008463682470099028,-0.0013003648678440254
3000000,-6.5,-0.7221922577695874,0.008014252370192057,-0.001782623037264841
3000000,-6,-0.6647381467362325,0.007594273412241745,-0.0022818283746113112
3000000,-5.5,-0.6070548296290135,0.007206295480882322,-0.002698783765477164
3000000,-5,-0.5497747698600046,0.0068523947085974415,-0.002902455636683926
3000000,-4.5,-0.49360811683536077,0.0065281593877458055,-0.0027679898401886728
3000000,-4,-0.43904297084522226,0.006214595343231913,-0.0022593648352182637
3000000,-3.5,-0.3859702406888232,0.005881464249047751,-0.0014618139165054832
3000000,-3,-0.33298641367016013,0.005543869862401006,-0.0006187487401922542
3000000,-2.5,-0.2782794341287575,0.005280352827033812,-0.00017027938942665855
3000000,-2,-0.22227091942981256,0.005075698992259233,0.00008941825659966596
3000000,-1.5,-0.1660204331940481,0.004892920870013522,0.00032958567462855747
3000000,-1,-0.1102505333165615,0.004767998312026528,0.00032654155272280325
3000000,-0.5,-0.05496571729377572,0.004730187608944444,0.00018608416693129403
3000000,0,-4.996003610813204e-16,0.00473099468206826,9.43689570931383e-17
3000000,0.5,0.05496571729377489,0.004730187608944435,-0.0001860841669311858
3000000,1,0.11025053331656094,0.004767998312026528,-0.0003265415527228255
3000000,1.5,0.1660204331940474,0.004892920870013522,-0.00032958567462847697
3000000,2,0.22227091942981225,0.005075698992259233,-0.00008941825659961877
3000000,2.5,0.27827943412875855,0.0052803528270337985,0.00017027938942655585
3000000,3,0.33298641367015935,0.005543869862401006,0.0006187487401922293
3000000,3.5,0.3859702406888228,0.005881464249047751,0.0014618139165052779
3000000,4,0.43904297084522254,0.006214595343231908,0.0022593648352181445
3000000,4.5,0.4936081168353598,0.0065281593877458055,0.0027679898401888696
3000000,5,0.549774769860004,0.0068523947085974415,0.0029024556366838926
3000000,5.5,0.6070548296290139,0.007206295480882316,0.0026987837654769533
3000000,6,0.6647381467362319,0.007594273412241759,0.0022818283746112223
3000000,6.5,0.7221922577695863,0.008014252370192064,0.0017826230372648966
3000000,7,0.7790140477767387,0.008463682470099043,0.0013003648678439714
3000000,7.5,0.8350239896128326,0.008939107714400438,0.0009030850296895002
3000000,8,0.8901913456384103,0.009434060891814327,0.0006401166764082838
3000000,8.5,0.9445337921898038,0.009950854660342444,0.0005583375853012065
3000000,9,0.9979883654052359,0.010499138792721638,0.0006977437030194197
3000000,9.5,1.050363436618046,0.011083899343867923,0.0010862234132942464
3000000,10,1.1014708583388604,0.011709809484577824,0.001727133560478143
3000000,10.5,1.1512697462291717,0.012380745051172702,0.0025881952496355
3000000,11,1.1998737498722565,0.013101375005967543,0.0036182413453198113
3000000,11.5,1.2474602805742279,0.013877642177165776,0.004761274352040327
3000000,12,1.2941693968016166,0.014716225557223695,0.005970616727072702
3000000,12.5,1.3400271810122897,0.015624462198832538,0.00722383341820707
3000000,13,1.3848849603381097,0.0166108423356318,0.008534516620976975
3000000,13.5,1.4283406842001973,0.017686152722470653,0.009962194494818801
3000000,14,1.46961789644652,0.01886563592360386,0.011621961411000704
3000000,14.5,1.5074623608602251,0.02017306570428474,0.01368280528286458
3000000,15,1.5402506561776548,0.02164827416232852,0.016320042524253467
3000000,15.5,1.5664869629185,0.023359599225315594,0.019590093719892596
3000000,16,1.5854841187779443,0.025421556604537918,0.023275627239071374
3000000,16.5,1.5976164089912244,0.028021241112861413,0.02682029104789927
3000000,17,1.6037040370275244,0.03148040982100188,0.029353465739760897
3000000,17.5,1.6033142560793912,0.03639875661459306,0.029702685462260948
3000000,18,1.5915506740817627,0.043773654184238994,0.026701742778730102
3000000,18.5,1.5560437975219337,0.055161347400901894,0.020001192912402245
3000000,19,1.4631046086801314,0.07939125032368287,0.007548825615965549
3000000,19.5,1.264864349571879,0.1284614039236007,-0.01636525140309925
3000000,20,1.1453650383648633,0.15811380379788692,-0.04225765991276538
3000000,20.5,1.1194903957033606,0.1710243246278336,-0.054445443068804854
3000000,21,1.0976376255251892,0.18588547133944597,-0.06076015653730864
3000000,21.5,1.0789066343699516,0.20167722403275015,-0.06819732535414742
3000000,22,1.0644423993778418,0.21746744262599724,-0.07694169293853526
3000000,22.5,1.0528626125683282,0.23329430699306017,-0.08625815993083705
3000000,23,1.0444209032598104,0.24879199331041274,-0.09554102971973762
3000000,23.5,1.0408901587207984,0.26296285882884374,-0.10428404244538152
3000000,24,1.0433309049485144,0.274965642980124,-0.112177380000298
3000000,24.5,1.0510404788751428,0.2847336378612712,-0.11917919467773648
3000000,25,1.0624182617136468,0.2927579639436086,-0.12543308369233847
5000000,-20,-1.6077179465412614,0.0643755705918524,-0.01323597360827763
5000000,-19.5,-1.669637791189786,0.05057494023438919,-0.022118864571241577
5000000,-19,-1.6985452863431847,0.041572102927202585,-0.027771775918483003
5000000,-18.5,-1.7068262744291023,0.03524750308612339,-0.030146205249046543
5000000,-18,-1.7051136230597372,0.03083906152248191,-0.02955187023153752
5000000,-17.5,-1.6982941352333163,0.027607586521494903,-0.027018526992756094
5000000,-17,-1.6866315399460303,0.02511516859949513,-0.023511932187315433
5000000,-16.5,-1.6690356576085095,0.02312074648891943,-0.019753884500362744
5000000,-16,-1.644714771247859,0.021467882341313558,-0.016277945900438184
5000000,-15.5,-1.6138215094733068,0.020049302843929903,-0.013379746555285385
5000000,-15,-1.5774134789689656,0.018795988510614453,-0.011099390666550971
5000000,-14.5,-1.5369008986456385,0.017666410066186834,-0.009326312781980792
5000000,-14,-1.4934973906183462,0.016636529158814983,-0.00792487684935805
5000000,-13.5,-1.4480380101635308,0.01569291527158751,-0.006786086056945284
5000000,-13,-1.4010840586303357,0.014828525016256297,-0.0058189498814150515
5000000,-12.5,-1.353070647285819,0.014039812919176015,-0.004936675308566778
5000000,-12,-1.3043451275095221,0.013324230034802596,-0.0040679818230750925
5000000,-11.5,-1.2550988933174847,0.012678008383820797,-0.003186427635032569
5000000,-11,-1.2053177135560886,0.012094779144437578,-0.0023256669895720524
5000000,-10.5,-1.1548671669380846,0.011565481408375086,-0.0015535084784262232
5000000,-10,-1.103667169816054,0.01107996604890672,-0.0009196225695728914
5000000,-9.5,-1.0517816385155128,0.010630891080298882,-0.0004289867982234491
5000000,-9,-0.9993466257534762,0.010216907057198304,-0.000059408257092063985
5000000,-8.5,-0.9464509829455643,0.009840284330354967,0.0002188331169391239
5000000,-8,-0.8930988228798196,0.009501855427169336,0.0004290764719509149
5000000,-7.5,-0.8392570376707429,0.00919588439871936,0.0005868654532723061
5000000,-7,-0.7849302580099424,0.008919604439117275,0.0006999753451627344
5000000,-6.5,-0.7301840787473128,0.00867335116076979,0.0007700487376152865
5000000,-6,-0.6751205227535694,0.00845187684734654,0.0008021345657644036
5000000,-5.5,-0.6198554037846263,0.00824612425051079,0.0008041884558788986
5000000,-5,-0.5644579822740311,0.008050985406219735,0.0007837556573795645
5000000,-4.5,-0.5088635717925458,0.00787180010125621,0.0007454783608573046
5000000,-4,-0.45291259230328673,0.007718703230411865,0.0006918654699770377
5000000,-3.5,-0.3964973708781867,0.007595683862541498,0.0006371663763375474
5000000,-3,-0.33964994930371556,0.007499561113686806,0.0006196710125591032
5000000,-2.5,-0.2825589207757673,0.007423782446142497,0.0006536227541270479
5000000,-2,-0.2255066467606141,0.007359377019322536,0.0006678643065758493
5000000,-1.5,-0.16871098103238127,0.0072973256838344495,0.0005750507512023217
5000000,-1,-0.1122606138651804,0.007233489398599287,0.00037486981590391654
5000000,-0.5,-0.056090554092648584,0.0071765350399018435,0.00015700149509757512
5000000,0,-7.771561172376096e-16,0.007151903296400511,1.0547118733938987e-16
5000000,0.5,0.05609055409264817,0.0071765350399018305,-0.00015700149509759176
5000000,1,0.11226061386518009,0.007233489398599281,-0.0003748698159038666
5000000,1.5,0.1687109810323799,0.0072973256838344495,-0.0005750507512023717
5000000,2,0.22550664676061413,0.007359377019322543,-0.000667864306575583
5000000,2.5,0.28255892077576644,0.007423782446142497,-0.0006536227541270479
5000000,3,0.3396499493037151,0.007499561113686806,-0.0006196710125591087
5000000,3.5,0.3964973708781842,0.007595683862541492,-0.000637166376337478
5000000,4,0.4529125923032853,0.007718703230411865,-0.000691865469977046
5000000,4.5,0.5088635717925445,0.00787180010125621,-0.0007454783608573046
5000000,5,0.5644579822740308,0.008050985406219735,-0.0007837556573795674
5000000,5.5,0.6198554037846242,0.008246124250510804,-0.0008041884558785822
5000000,6,0.6751205227535689,0.008451876847346534,-0.0008021345657643175
5000000,6.5,0.7301840787473126,0.008673351160769768,-0.000770048737615206
5000000,7,0.7849302580099417,0.008919604439117266,-0.000699975345162554
5000000,7.5,0.839257037670742,0.00919588439871935,-0.0005868654532724781
5000000,8,0.8930988228798187,0.009501855427169328,-0.0004290764719507345
5000000,8.5,0.9464509829455645,0.009840284330354976,-0.00021883311693903507
5000000,9,0.9993466257534758,0.010216907057198295,0.00005940825709215419
5000000,9.5,1.051781638515512,0.010630891080298892,0.00042898679822334226
5000000,10,1.1036671698160516,0.01107996604890674,0.0009196225695729865
5000000,10.5,1.1548671669380852,0.011565481408375076,0.0015535084784262135
5000000,11,1.2053177135560875,0.012094779144437557,0.0023256669895719605
5000000,11.5,1.255098893317484,0.012678008383820808,0.003186427635032707
5000000,12,1.3043451275095213,0.013324230034802584,0.004067981823074979
5000000,12.5,1.3530706472858194,0.014039812919175991,0.004936675308567099
5000000,13,1.4010840586303348,0.014828525016256285,0.005818949881415259
5000000,13.5,1.4480380101635313,0.01569291527158751,0.006786086056945274
5000000,14,1.4934973906183462,0.016636529158814983,0.00792487684935829
5000000,14.5,1.5369008986456363,0.017666410066186897,0.009326312781980992
5000000,15,1.5774134789689662,0.018795988510614488,0.011099390666550982
5000000,15.5,1.613821509473306,0.020049302843929893,0.013379746555285588
5000000,16,1.6447147712478585,0.02146788234131351,0.016277945900438115
5000000,16.5,1.6690356576085112,0.023120746488919368,0.019753884500362855
5000000,17,1.6866315399460308,0.025115168599495162,0.02351193218731562
5000000,17.5,1.698294135233315,0.02760758652149495,0.027018526992756357
5000000,18,1.7051136230597361,0.030839061522481937,0.029551870231537818
5000000,18.5,1.7068262744291025,0.03524750308612331,0.03014620524904671
5000000,19,1.6985452863431847,0.04157210292720264,0.02777177591848325
5000000,19.5,1.6696377911897842,0.05057494023438912,0.02211886457124157
5000000,20,1.6077179465412597,0.06437557059185268,0.013235973608277562
5000000,20.5,1.441799758005999,0.10741030611875758,-0.006124484051190787
5000000,21,1.176901604950478,0.17166835296715527,-0.038959740185257476
5000000,21.5,1.103597203672496,0.19299043946672295,-0.0656268588707097
5000000,22,1.0845940918742374,0.20641364662549114,-0.07509171123449741
5000000,22.5,1.0669126751016127,0.22196756639554338,-0.0808994661387186
5000000,23,1.0559022080554459,0.23695032592810275,-0.08798671628048191
5000000,23.5,1.0505270779677536,0.25096917176278555,-0.09602049839032782
5000000,24,1.049112076725421,0.2640363652376874,-0.10432544161865838
5000000,24.5,1.0516092855461046,0.27565972339761213,-0.11235481141958456
5000000,25,1.0582940017968054,0.2853296450216039,-0.1197479102288018
5000000,-20,-1.6669527424004946,0.05663661320277145,-0.01861817418459022
5000000,-19.5,-1.7097838521399777,0.04596529654272321,-0.025445282852266455
5000000,-19,-1.7272403716836386,0.038326143409821316,-0.02938828914502246
5000000,-18.5,-1.7299527164152062,0.03296558854741538,-0.030327856655345143
5000000,-18,-1.7257133860898515,0.02912771488230873,-0.028878765105796123
5000000,-17.5,-1.7167728132184146,0.026245566746201703,-0.025960779778009445
5000000,-17,-1.702579751437703,0.023996487076463763,-0.022353378619519415
5000000,-16.5,-1.6820723938003401,0.02218272847397215,-0.018691083875813898
5000000,-16,-1.654794913006117,0.020666229085154232,-0.015438225257183025
5000000,-15.5,-1.6213391075506198,0.019353195755259144,-0.012788091927280962
5000000,-15,-1.583091608406337,0.018184739850051312,-0.01068575561855915
5000000,-14.5,-1.5415575066224834,0.017125260191492672,-0.008975736865019651
5000000,-14,-1.497847240304199,0.016152801229374517,-0.00752949692768828
5000000,-13.5,-1.4525666198727953,0.015252957475428534,-0.006283133777475332
5000000,-13,-1.4059532504014343,0.014415518120388571,-0.00521788910335282
5000000,-12.5,-1.3580632703161908,0.013632810448704888,-0.004331393632284325
5000000,-12,-1.3089145436905443,0.012898955571859947,-0.0036200289623902955
5000000,-11.5,-1.258561127712933,0.012209509290574067,-0.003072302874103989
5000000,-11,-1.2071117941431242,0.011561279112249715,-0.0026679568531164217
5000000,-10.5,-1.1547234228976697,0.010952366406114657,-0.0023785298087417497
5000000,-10,-1.1015973996810067,0.010382637559900565,-0.0021672274104099962
5000000,-9.5,-1.0479905662725983,0.009854638694434719,-0.0019886005783267325
5000000,-9,-0.9942180413312647,0.00937334489967049,-0.001785342794469119
5000000,-8.5,-0.9405857609159618,0.008943525830364764,-0.0014847830558418359
5000000,-8,-0.8872341626410356,0.00856740214387505,-0.0010361602208799059
5000000,-7.5,-0.8340045416453079,0.008239192658825768,-0.00046717900520688583
5000000,-7,-0.7805117134754196,0.007952966621462406,0.00009792933652200131
5000000,-6.5,-0.7264483482266755,0.007705665645222616,0.0005052721078850602
5000000,-6,-0.6718311701963724,0.007488786541952686,0.0007050429283753462
5000000,-5.5,-0.6168111808774743,0.007294715485521963,0.0007761888129192235
5000000,-5,-0.5613429968401541,0.007124635395353759,0.0007976349968236679
5000000,-4.5,-0.5053254156557165,0.006981713587447692,0.0007877337840893894
5000000,-4,-0.4488709220433146,0.006863427969073141,0.0007467264205544804
5000000,-3.5,-0.39228148879858993,0.006762811889877785,0.0006723413550134589
5000000,-3,-0.335837023119147,0.0066691010797814195,0.000559055345982018
5000000,-2.5,-0.27969905419312646,0.0065676225452056015,0.000410142684212636
5000000,-2,-0.22396565959059342,0.0064488542345589595,0.00025698669870054535
5000000,-1.5,-0.1684529585460526,0.006320545959097444,0.0001488312367952438
5000000,-1,-0.11259527957128534,0.0062170718537833515,0.00004649555540527373
5000000,-0.5,-0.05629423698507104,0.006165141424347922,-0.000025346404295856217
5000000,0,-7.077671781985373e-16,0.006151988781980673,2.2204460492503132e-17
5000000,0.5,0.056294236985069766,0.006165141424347917,0.000025346404295689684
5000000,1,0.1125952795712855,0.0062170718537833515,-0.00004649555540513495
5000000,1.5,0.1684529585460528,0.006320545959097433,-0.00014883123679538813
5000000,2,0.2239656595905937,0.0064488542345589655,-0.00025698669870064526
5000000,2.5,0.2796990541931252,0.006567622545205608,-0.0004101426842124972
5000000,3,0.33583702311914576,0.006669101079781426,-0.0005590553459818431
5000000,3.5,0.3922814887985896,0.006762811889877785,-0.0006723413550134422
5000000,4,0.4488709220433146,0.006863427969073129,-0.0007467264205546886
5000000,4.5,0.5053254156557138,0.006981713587447704,-0.0007877337840892423
5000000,5,0.561342996840154,0.007124635395353753,-0.0007976349968234736
5000000,5.5,0.6168111808774726,0.007294715485521976,-0.0007761888129190098
5000000,6,0.6718311701963717,0.007488786541952693,-0.0007050429283751242
5000000,6.5,0.726448348226674,0.007705665645222622,-0.0005052721078849604
5000000,7,0.7805117134754191,0.007952966621462398,-0.00009792933652215674
5000000,7.5,0.8340045416453075,0.008239192658825776,0.00046717900520702185
5000000,8,0.8872341626410363,0.008567402143875044,0.0010361602208799239
5000000,8.5,0.9405857609159611,0.00894352583036474,0.0014847830558420317
5000000,9,0.9942180413312645,0.009373344899670481,0.0017853427944691858
5000000,9.5,1.0479905662725977,0.009854638694434719,0.001988600578326797
5000000,10,1.1015973996810078,0.010382637559900574,0.002167227410410063
5000000,10.5,1.1547234228976682,0.010952366406114657,0.0023785298087415983
5000000,11,1.2071117941431244,0.011561279112249726,0.0026679568531164234
5000000,11.5,1.2585611277129303,0.012209509290574067,0.003072302874104087
5000000,12,1.3089145436905434,0.01289895557185997,0.003620028962390431
5000000,12.5,1.3580632703161886,0.0136328104487049,0.004331393632284212
5000000,13,1.4059532504014336,0.014415518120388595,0.005217889103352911
5000000,13.5,1.4525666198727927,0.015252957475428534,0.006283133777475462
5000000,14,1.4978472403041967,0.016152801229374486,0.00752949692768833
5000000,14.5,1.5415575066224836,0.017125260191492672,0.00897573686501969
5000000,15,1.5830916084063364,0.018184739850051312,0.010685755618559317
5000000,15.5,1.6213391075506185,0.019353195755259144,0.012788091927281049
5000000,16,1.6547949130061161,0.02066622908515424,0.01543822525718303
5000000,16.5,1.6820723938003397,0.022182728473972197,0.018691083875813842
5000000,17,1.7025797514377023,0.023996487076463804,0.02235337861951944
5000000,17.5,1.716772813218413,0.026245566746201668,0.025960779778009552
5000000,18,1.72571338608985,0.029127714882308742,0.028878765105796345
5000000,18.5,1.729952716415206,0.03296558854741546,0.03032785665534512
5000000,19,1.727240371683636,0.038326143409821385,0.029388289145022645
5000000,19.5,1.7097838521399757,0.045965296542723244,0.025445282852266576
5000000,20,1.666952742400495,0.056636613202771496,0.01861817418459021
5000000,20.5,1.5710746285858566,0.07917345874407512,0.0064647225587344094
5000000,21,1.3260694982712937,0.14247214806770936,-0.020196312022567185
5000000,21.5,1.136658520736516,0.18970473751613698,-0.05374941334573731
5000000,22,1.1086295165870224,0.20317907734837531,-0.07247008437520462
5000000,22.5,1.0909881624761388,0.21782709232975303,-0.07918465549357495
5000000,23,1.0769686516292922,0.23311971096527415,-0.08543054913682563
5000000,23.5,1.0693743829812705,0.2472960278283678,-0.09279821623091218
5000000,24,1.0663921916037489,0.26042524176324877,-0.10068580411750919
5000000,24.5,1.0667795096147485,0.27257879840334975,-0.10861491295647405
5000000,25,1.070603550879183,0.283376630415579,-0.11623286740749825
5000000,-20,-1.6257021173701696,0.06321587578341623,-0.015548082486255155
5000000,-19.5,-1.68563885316697,0.04908476920005847,-0.024028206471234714
5000000,-19,-1.7095066022126102,0.04024398125097832,-0.02902308982487602
5000000,-18.5,-1.7156187121734072,0.03416424506077547,-0.03081514234667803
5000000,-18,-1.713419407631688,0.029915880061425693,-0.029886007955476752
5000000,-17.5,-1.7061463015937712,0.02679545387502986,-0.027193635047058677
5000000,-17,-1.6936559372104387,0.024392772777708228,-0.023619953278136124
5000000,-16.5,-1.6749123414045104,0.02247188325258225,-0.019874142788275935
5000000,-16,-1.6492743571144795,0.020878409587990962,-0.016484819018395602
5000000,-15.5,-1.6171052992743506,0.01950881231764864,-0.013708883286151654
5000000,-15,-1.5796930360208128,0.01829766275590041,-0.0115271730406557
5000000,-14.5,-1.5386373968825258,0.017205573123115252,-0.009776284055936765
5000000,-14,-1.4952703801042038,0.016208862311054506,-0.008289547535143552
5000000,-13.5,-1.4504392023272805,0.015292508428927468,-0.006958413077065416
5000000,-13,-1.4045573788825936,0.014445901011143333,-0.005731758902864701
5000000,-12.5,-1.3577402287911728,0.013660522698213936,-0.004598855736307847
5000000,-12,-1.3099345149581172,0.0129288501554714,-0.0035762185381582887
5000000,-11.5,-1.2610189744950728,0.012243953001913312,-0.0026964567957553334
5000000,-11,-1.2108797897752852,0.011599537682393187,-0.001994433620370618
5000000,-10.5,-1.1594676467029754,0.010990356061847178,-0.0014921858488445203
5000000,-10,-1.1068332150681173,0.010412947178588348,-0.0011890438691842733
5000000,-9.5,-1.053137898771886,0.009866563016987006,-0.0010637209023361238
5000000,-9,-0.9986403621291715,0.009352726107838619,-0.0010833774995942485
5000000,-8.5,-0.9436431106204548,0.00887201864061224,-0.0012028636500484497
5000000,-8,-0.8883998654984266,0.00842236624080318,-0.001375558759257406
5000000,-7.5,-0.8330448134182704,0.00799590549414974,-0.0015602440331569489
5000000,-7,-0.7776107819232645,0.007590861980374813,-0.0017113854588723886
5000000,-6.5,-0.7221203385143602,0.007215987455270561,-0.0017740350121626086
5000000,-6,-0.6666758150080501,0.006876661772039426,-0.0016775180440051745
5000000,-5.5,-0.6114212477095348,0.006573683779773782,-0.001368302533018631
5000000,-5,-0.5563581743134945,0.006306046781040774,-0.0008684529138771324
5000000,-4.5,-0.5012403055994499,0.006070706911994434,-0.00030534052245039244
5000000,-4,-0.4457982522007399,0.005860123389148888,0.00013873477531772815
5000000,-3.5,-0.3901947896312582,0.00565756837730426,0.0003629630522800992
5000000,-3,-0.33497214392159913,0.005440723446734721,0.0004841662287091736
5000000,-2.5,-0.2798652318350418,0.005229045125355473,0.0006264994347856573
5000000,-2,-0.22398369143397545,0.005088964495128914,0.0006097511205862604
5000000,-1.5,-0.1675660273417552,0.005008870141599692,0.0005862666238502734
5000000,-1,-0.11114926324697526,0.004938420552053574,0.0006258871853001974
5000000,-0.5,-0.05527796909327444,0.004870887302301852,0.00041177934061202294
5000000,0,-7.494005416219807e-16,0.004838730294611766,-9.43689570931383e-17
5000000,0.5,0.05527796909327447,0.004870887302301852,-0.00041177934061206733
5000000,1,0.11114926324697477,0.004938420552053565,-0.0006258871853001752
5000000,1.5,0.16756602734175374,0.005008870141599692,-0.0005862666238501957
5000000,2,0.223983691433976,0.0050889644951289045,-0.0006097511205862549
5000000,2.5,0.27986523183503953,0.005229045125355469,-0.0006264994347856629
5000000,3,0.334972143921599,0.005440723446734717,-0.00048416622870909866
5000000,3.5,0.39019478963125775,0.00565756837730426,-0.0003629630522801131
5000000,4,0.44579825220074043,0.005860123389148872,-0.00013873477531768929
5000000,4.5,0.5012403055994494,0.006070706911994424,0.0003053405224504868
5000000,5,0.5563581743134933,0.006306046781040774,0.0008684529138773378
5000000,5.5,0.6114212477095353,0.006573683779773776,0.0013683025330186698
5000000,6,0.6666758150080501,0.006876661772039408,0.001677518044005083
5000000,6.5,0.7221203385143593,0.007215987455270555,0.001774035012162689
5000000,7,0.7776107819232643,0.0075908619803748065,0.0017113854588724526
5000000,7.5,0.8330448134182693,0.00799590549414976,0.0015602440331568574
5000000,8,0.8883998654984266,0.00842236624080321,0.001375558759257324
5000000,8.5,0.9436431106204555,0.008872018640612232,0.0012028636500484705
5000000,9,0.9986403621291726,0.009352726107838594,0.0010833774995943526
5000000,9.5,1.053137898771885,0.009866563016987023,0.0010637209023360308
5000000,10,1.1068332150681166,0.010412947178588348,0.0011890438691842058
5000000,10.5,1.1594676467029754,0.010990356061847178,0.0014921858488443631
5000000,11,1.210879789775284,0.011599537682393187,0.001994433620370612
5000000,11.5,1.2610189744950742,0.012243953001913312,0.002696456795755294
5000000,12,1.3099345149581176,0.012928850155471388,0.003576218538158471
5000000,12.5,1.3577402287911728,0.013660522698213936,0.004598855736307972
5000000,13,1.404557378882592,0.014445901011143346,0.005731758902864595
5000000,13.5,1.4504392023272814,0.015292508428927482,0.00695841307706546
5000000,14,1.4952703801042029,0.016208862311054537,0.008289547535143472
5000000,14.5,1.5386373968825247,0.017205573123115252,0.009776284055936816
5000000,15,1.5796930360208115,0.01829766275590046,0.011527173040655888
5000000,15.5,1.6171052992743487,0.019508812317648692,0.013708883286151908
5000000,16,1.6492743571144781,0.020878409587991007,0.01648481901839566
5000000,16.5,1.67491234140451,0.022471883252582238,0.019874142788276233
5000000,17,1.6936559372104387,0.024392772777708273,0.023619953278136152
5000000,17.5,1.70614630159377,0.026795453875029934,0.027193635047058823
5000000,18,1.713419407631686,0.02991588006142575,0.02988600795547696
5000000,18.5,1.7156187121734046,0.034164245060775505,0.03081514234667839
5000000,19,1.7095066022126102,0.04024398125097841,0.029023089824875847
5000000,19.5,1.6856388531669677,0.04908476920005871,0.02402820647123477
5000000,20,1.6257021173701665,0.06321587578341684,0.015548082486254921
5000000,20.5,1.4639515332131023,0.10293153961699629,-0.002600935108875796
5000000,21,1.2197938562665047,0.16528147708679888,-0.03364241475568734
5000000,21.5,1.1445078003954423,0.18697606274752018,-0.05952718082073251
5000000,22,1.1249970440550017,0.19970414631551406,-0.0692294378645075
5000000,22.5,1.1063347288621375,0.21491206596801998,-0.07491746687033862
5000000,23,1.093903076886166,0.22963228760497018,-0.08174929931990885
5000000,23.5,1.0872637991486784,0.24324401235083198,-0.08944700048477025
5000000,24,1.0841319729643781,0.2561683046869997,-0.0974991359237686
5000000,24.5,1.0833199580039485,0.2686456203242137,-0.10562022248780101
5000000,25,1.0850741756035105,0.2803656119058276,-0.11354854591376769
7000000,-20,-1.7168643220098596,0.0503183705259976,-0.022596216406752863
7000000,-19.5,-1.7464402671035493,0.04143019515389107,-0.02805021373538071
7000000,-19,-1.7554442813202498,0.03508356864924509,-0.030485547110611456
7000000,-18.5,-1.7541660018382887,0.03062090439974981,-0.030024574640319823
7000000,-18,-1.7478480152576588,0.02735246963078143,-0.027561163920022298
7000000,-17.5,-1.7369703069601097,0.0248422423551824,-0.024035957040797848
7000000,-17,-1.7204183537063016,0.02284519809142485,-0.020177461537119377
7000000,-16.5,-1.6972150515341053,0.021201216691015722,-0.01655093132432619
7000000,-16,-1.6672559569254908,0.019798765517153708,-0.013506066592543609
7000000,-15.5,-1.6314337961424594,0.01856521881933777,-0.011122733865427961
7000000,-15,-1.5911918605594395,0.017457049316390187,-0.009289114198000405
7000000,-14.5,-1.5479270721691876,0.016449709636355326,-0.007838754105941178
7000000,-14,-1.5026896877203337,0.015530044310814404,-0.00663031584976157
7000000,-13.5,-1.4561824557334297,0.014691119550320899,-0.005559421060968277
7000000,-13,-1.4088359835178572,0.013928483961032502,-0.004553824827933755
7000000,-12.5,-1.3608436521956893,0.013237432422850168,-0.00358158787583369
7000000,-12,-1.3121914740431504,0.012611340197667575,-0.0026590312714400216
7000000,-11.5,-1.2627550202015225,0.012041152422705667,-0.0018327113512751462
7000000,-11,-1.2124475672327977,0.01151613356372789,-0.0011381281702841153
7000000,-10.5,-1.1613053988111026,0.011026415016482851,-0.0005719657701503657
7000000,-10,-1.1094451468929667,0.010567040771113525,-0.00010643586118003201
7000000,-9.5,-1.0569806324011906,0.010140172673689904,0.0002747361303555143
7000000,-9,-1.0040007948945897,0.00975130085308301,0.0005687771939111047
7000000,-8.5,-0.9505779318027906,0.009402532059342276,0.0007810528814427772
7000000,-8,-0.8967646167348464,0.009090166291185014,0.0009276877956814645
7000000,-7.5,-0.8425940034630026,0.008804570260654364,0.0010265333392275172
7000000,-7,-0.7880867100603874,0.008541843089195015,0.00108774917271999
7000000,-6.5,-0.733244251256955,0.008302375944765723,0.0011134399911262693
7000000,-6,-0.678060595443807,0.008084116816420494,0.0011058800827151993
7000000,-5.5,-0.6225660198989466,0.007883966648274857,0.0010682606170716925
7000000,-5,-0.566827489962853,0.007699978074488417,0.001003872886852325
7000000,-4.5,-0.5108511601745905,0.007533587267344647,0.0009182233919728833
7000000,-4,-0.45453631482192147,0.007389257422574365,0.0008330928004825266
7000000,-3.5,-0.3978097791662641,0.007270627495141116,0.0007941639264170241
7000000,-3,-0.34076345024399857,0.007177494404039976,0.0008223020003739867
7000000,-2.5,-0.2836107506286053,0.007105484122017223,0.0008576384990777064
7000000,-2,-0.2265117936382141,0.0070485484664222975,0.000810993188980369
7000000,-1.5,-0.16951863888530505,0.007001786902516484,0.0006509604886123621
7000000,-1,-0.1126926319326487,0.006962838220207885,0.0004201802269188593
7000000,-0.5,-0.05617670030633516,0.00693410777243493,0.00019290191487544294
7000000,0,-2.636779683484747e-16,0.006923005067120522,1.1102230246251565e-16
7000000,0.5,0.05617670030633469,0.006934107772434924,-0.00019290191487543186
7000000,1,0.11269263193264736,0.006962838220207878,-0.00042018022691873714
7000000,1.5,0.16951863888530466,0.007001786902516484,-0.0006509604886124676
7000000,2,0.22651179363821278,0.0070485484664222844,-0.0008109931889803857
7000000,2.5,0.28361075062860464,0.007105484122017223,-0.000857638499077601
7000000,3,0.34076345024399657,0.007177494404039969,-0.0008223020003740756
7000000,3.5,0.3978097791662639,0.007270627495141109,-0.0007941639264169408
7000000,4,0.4545363148219209,0.007389257422574359,-0.0008330928004826211
7000000,4.5,0.5108511601745894,0.00753358726734464,-0.0009182233919727445
7000000,5,0.5668274899628517,0.007699978074488417,-0.0010038728868523611
7000000,5.5,0.6225660198989459,0.007883966648274857,-0.0010682606170715424
7000000,6,0.6780605954438067,0.008084116816420487,-0.001105880082715252
7000000,6.5,0.7332442512569539,0.00830237594476573,-0.0011134399911263415
7000000,7,0.7880867100603862,0.008541843089195022,-0.0010877491727197819
7000000,7.5,0.8425940034630006,0.008804570260654357,-0.0010265333392274756
7000000,8,0.8967646167348451,0.009090166291185005,-0.0009276877956814866
7000000,8.5,0.9505779318027894,0.009402532059342276,-0.0007810528814429201
7000000,9,1.004000794894588,0.009751300853083018,-0.0005687771939110325
7000000,9.5,1.0569806324011914,0.010140172673689895,-0.0002747361303552617
7000000,10,1.109445146892968,0.010567040771113525,0.00010643586117998691
7000000,10.5,1.1613053988111042,0.01102641501648284,0.00057196577015027
7000000,11,1.2124475672327981,0.011516133563727911,0.001138128170284017
7000000,11.5,1.2627550202015212,0.012041152422705677,0.0018327113512751352
7000000,12,1.3121914740431493,0.012611340197667575,0.002659031271440227
7000000,12.5,1.3608436521956897,0.013237432422850144,0.003581587875833736
7000000,13,1.4088359835178574,0.01392848396103249,0.004553824827933737
7000000,13.5,1.4561824557334284,0.014691119550320925,0.00555942106096832
7000000,14,1.5026896877203342,0.015530044310814445,0.006630315849761599
7000000,14.5,1.5479270721691853,0.016449709636355312,0.007838754105941233
7000000,15,1.5911918605594382,0.01745704931639017,0.009289114198000778
7000000,15.5,1.6314337961424596,0.018565218819337787,0.011122733865427994
7000000,16,1.6672559569254903,0.019798765517153687,0.013506066592543716
7000000,16.5,1.6972150515341036,0.021201216691015705,0.016550931324326387
7000000,17,1.7204183537063025,0.02284519809142491,0.020177461537119204
7000000,17.5,1.7369703069601086,0.02484224235518238,0.02403595704079789
7000000,18,1.7478480152576583,0.02735246963078142,0.027561163920022343
7000000,18.5,1.7541660018382876,0.030620904399749797,0.030024574640319813
7000000,19,1.755444281320249,0.03508356864924504,0.03048554711061144
7000000,19.5,1.7464402671035482,0.041430195153891125,0.028050213735380764
7000000,20,1.716864322009858,0.05031837052599751,0.02259621640675296
7000000,20.5,1.655515109901034,0.06346146955233013,0.01423925176920191
7000000,21,1.499185634599747,0.10256122720054205,-0.0035540287332278208
7000000,21.5,1.2223222306647419,0.17044040726586282,-0.03586765227278898
7000000,22,1.1297057584033863,0.19528624387584692,-0.0661396989694707
7000000,22.5,1.1088453555890403,0.2081416221754522,-0.07778753424924333
7000000,23,1.0883187600682183,0.22384058485300837,-0.08320925884153185
7000000,23.5,1.0756617497318917,0.23891364754144265,-0.08965167409662744
7000000,24,1.0704147556651593,0.2525791087384445,-0.09709065044608742
7000000,24.5,1.0696432470025152,0.2652093317526589,-0.10493239122919769
7000000,25,1.071507886837067,0.2770299135861079,-0.11283362601368407
7000000,-20,-1.76247377226965,0.04516844949260449,-0.026103958673921474
7000000,-19.5,-1.7791394929516073,0.03778437035499511,-0.029790371507025022
7000000,-19,-1.7816660965167608,0.03251854130499432,-0.030675719841439603
7000000,-18.5,-1.7775059430663749,0.028711848992295914,-0.029241562551763543
7000000,-18,-1.7689244489091818,0.0258452111875267,-0.026320514348166145
7000000,-17.5,-1.7553999046038247,0.02361102061106403,-0.022651950207211696
7000000,-17,-1.7358161523517421,0.021816055247747174,-0.018861123014720448
7000000,-16.5,-1.7095460987314266,0.020322408234061836,-0.015440330113475583
7000000,-16,-1.6769633858688229,0.019034305068265193,-0.01263074731880072
7000000,-15.5,-1.6393195957652156,0.01789055503490769,-0.01041039673518927
7000000,-15,-1.5981108754140183,0.01685384448960595,-0.008629082006741843
7000000,-14.5,-1.5545108697425518,0.015901340495616215,-0.007149022175303258
7000000,-14,-1.509207286761556,0.01501859876709341,-0.005897046714696918
7000000,-13.5,-1.4625170771390805,0.014196032817463185,-0.0048483802026052765
7000000,-13,-1.4145587761777052,0.013426916616754802,-0.003994097040723817
7000000,-12.5,-1.3653862144677844,0.012706330211055128,-0.0033206269916000093
7000000,-12,-1.3150701530554831,0.012030653880565643,-0.00280405689333423
7000000,-11.5,-1.2637329128033015,0.01139731941330881,-0.0024111938524039515
7000000,-11,-1.211553925637839,0.010804725285926426,-0.0021005872769380785
7000000,-10.5,-1.158767425055379,0.010252362759026414,-0.0018218938573171706
7000000,-10,-1.1056552592355795,0.00974125199708741,-0.001517725971430762
7000000,-9.5,-1.0525116181410719,0.00927453343576641,-0.0011364527695646802
7000000,-9,-0.9995430315641582,0.008856526765125624,-0.0006544247186443183
7000000,-8.5,-0.9467134246152922,0.008489964104832437,-0.00009510767244258894
7000000,-8,-0.8936850743217121,0.00817467623233323,0.0004510870429465325
7000000,-7.5,-0.840030985696155,0.007903799253776524,0.0008617837735571343
7000000,-7,-0.7856080698721624,0.007669879595296912,0.0010756669812973351
7000000,-6.5,-0.7306429403880865,0.007464517150199569,0.0011442609192939379
7000000,-6,-0.6753785845210737,0.007277773659734619,0.0011527479024283972
7000000,-5.5,-0.6198292638438588,0.0071055510498601775,0.0011293281743675998
7000000,-5,-0.5639086353652152,0.006948872394957734,0.001074206367475561
7000000,-4.5,-0.5076334720907423,0.006809622466362035,0.0009944769510049523
7000000,-4,-0.4511505148489291,0.0066876859482778005,0.000896771106667435
7000000,-3.5,-0.3945922093310661,0.006579548346965325,0.0007796375779065556
7000000,-3,-0.3380103015416357,0.006481007289385572,0.000634200595825088
7000000,-2.5,-0.28144001631675525,0.0063918909654727945,0.0004482380314484391
7000000,-2,-0.22496433638039148,0.006308025141645382,0.00023131237649616222
7000000,-1.5,-0.168645351718465,0.006216920817923679,0.00009362007206752399
7000000,-1,-0.11236536197101976,0.006123177144770249,0.0001498914260524953
7000000,-0.5,-0.0561063408260766,0.00605831289364424,0.0001749666856770582
7000000,0,-6.245004513516506e-16,0.006037598131636217,-2.7755575615628914e-17
7000000,0.5,0.05610634082607692,0.00605831289364424,-0.00017496668567725248
7000000,1,0.11236536197102087,0.006123177144770244,-0.0001498914260525841
7000000,1.5,0.16864535171846357,0.006216920817923674,-0.00009362007206733524
7000000,2,0.22496433638039093,0.006308025141645377,-0.00023131237649606784
7000000,2.5,0.28144001631675464,0.0063918909654727945,-0.00044823803144837803
7000000,3,0.33801030154163464,0.006481007289385572,-0.000634200595825099
7000000,3.5,0.394592209331065,0.006579548346965337,-0.0007796375779063836
7000000,4,0.4511505148489284,0.006687685948277807,-0.0008967711066674461
7000000,4.5,0.5076334720907417,0.006809622466362029,-0.0009944769510050605
7000000,5,0.5639086353652152,0.00694887239495774,-0.0010742063674753666
7000000,5.5,0.6198292638438593,0.0071055510498601844,-0.0011293281743674777
7000000,6,0.6753785845210714,0.007277773659734625,-0.0011527479024282222
7000000,6.5,0.730642940388085,0.007464517150199562,-0.0011442609192936827
7000000,7,0.785608069872161,0.007669879595296925,-0.001075666981297238
7000000,7.5,0.8400309856961548,0.00790379925377653,-0.0008617837735571731
7000000,8,0.893685074321712,0.008174676232333202,-0.000451087042946427
7000000,8.5,0.946713424615293,0.008489964104832437,0.00009510767244252649
7000000,9,0.9995430315641581,0.008856526765125616,0.0006544247186441865
7000000,9.5,1.0525116181410696,0.00927453343576642,0.001136452769564776
7000000,10,1.1056552592355802,0.00974125199708741,0.001517725971430632
7000000,10.5,1.158767425055378,0.010252362759026405,0.0018218938573171845
7000000,11,1.211553925637837,0.010804725285926445,0.0021005872769381214
7000000,11.5,1.2637329128032997,0.011397319413308842,0.0024111938524040396
7000000,12,1.3150701530554838,0.012030653880565623,0.0028040568933342326
7000000,12.5,1.3653862144677837,0.01270633021105515,0.0033206269915999156
7000000,13,1.4145587761777052,0.013426916616754814,0.003994097040723811
7000000,13.5,1.46251707713908,0.014196032817463197,0.004848380202605458
7000000,14,1.5092072867615554,0.015018598767093437,0.005897046714696939
7000000,14.5,1.5545108697425494,0.015901340495616215,0.007149022175303313
7000000,15,1.5981108754140174,0.016853844489605977,0.008629082006741983
7000000,15.5,1.6393195957652156,0.01789055503490772,0.010410396735189165
7000000,16,1.6769633858688224,0.0190343050682652,0.012630747318800655
7000000,16.5,1.7095460987314266,0.020322408234061846,0.015440330113475531
7000000,17,1.7358161523517421,0.021816055247747136,0.018861123014720347
7000000,17.5,1.755399904603826,0.02361102061106402,0.02265195020721203
7000000,18,1.7689244489091807,0.02584521118752669,0.02632051434816617
7000000,18.5,1.7775059430663749,0.02871184899229589,0.029241562551763623
7000000,19,1.7816660965167586,0.032518541304994306,0.03067571984143963
7000000,19.5,1.779139492951607,0.03778437035499517,0.029790371507025303
7000000,20,1.7624737722696504,0.04516844949260451,0.026103958673921457
7000000,20.5,1.7219239783849325,0.05525987993284428,0.019803461911354243
7000000,21,1.638055771855345,0.07363960670836903,0.00941679878019921
7000000,21.5,1.4183876760783403,0.13037269746462976,-0.01404177286180755
7000000,22,1.1783387876875333,0.18998713227105116,-0.048534345017578584
7000000,22.5,1.1334413058832356,0.2059494175857211,-0.07357987440012397
7000000,23,1.1144057214456629,0.2199501320051468,-0.08197124269178016
7000000,23.5,1.0973377001916598,0.23559042792883098,-0.0875906074382442
7000000,24,1.0882537826645864,0.24989990762683312,-0.094369143583131
7000000,24.5,1.0855129411800528,0.2626460652143885,-0.10178467757133043
7000000,25,1.086515597719458,0.27433310535888017,-0.1093548648162729
7000000,-20,-1.7617518002044255,0.04503635037299472,-0.02666387795969709
7000000,-19.5,-1.777174552254282,0.037624226102216024,-0.030358644065204908
7000000,-19,-1.779501932438544,0.03238557305483393,-0.031205845690834448
7000000,-18.5,-1.7755809126066509,0.02859712365204111,-0.029759147887918135
7000000,-18,-1.7672300684239093,0.02573886148531896,-0.026844043823357956
7000000,-17.5,-1.7538663158047012,0.023506567012419422,-0.023189002204743354
7000000,-17,-1.7343905331980491,0.021709685972532918,-0.019419230803453667
7000000,-16.5,-1.708171085339877,0.02021333730301849,-0.01602796932774062
7000000,-16,-1.6755691578783196,0.018923858511837338,-0.013255428715576792
7000000,-15.5,-1.6378505149871507,0.01778107593808062,-0.011072997826798093
7000000,-15,-1.5965734839269756,0.016748205257273937,-0.00931421280733331
7000000,-14.5,-1.5530154149218844,0.015802827231273915,-0.00781699141233665
7000000,-14,-1.5079749191251557,0.014930728488141636,-0.006484315252709258
7000000,-13.5,-1.461839558680833,0.014122071426020037,-0.005279282969597702
7000000,-13,-1.4147185291436188,0.013369107933786628,-0.004200728055488915
7000000,-12.5,-1.3665650124728472,0.012665028373840474,-0.003263907068126516
7000000,-12,-1.3172834146319137,0.012003619656526408,-0.002488722440744522
7000000,-11.5,-1.2668116823285442,0.01137936133949118,-0.0018904017836177632
7000000,-11,-1.2151672066247885,0.010787714316141138,-0.001470975796188681
7000000,-10.5,-1.1624559340854386,0.0102255200900642,-0.0012144074716306855
7000000,-10,-1.1088529516506118,0.009691564510153097,-0.0010889035506083653
7000000,-9.5,-1.0545717740824456,0.009187307999328811,-0.0010576031529477663
7000000,-9,-0.9998381902812266,0.00871630251207783,-0.0010874485484783536
7000000,-8.5,-0.9448638488053568,0.0082809130702555,-0.0011401218531855496
7000000,-8,-0.8898300346688748,0.007879993358620963,-0.0011734864258454033
7000000,-7.5,-0.8348985897180744,0.007505247677966346,-0.0011437596087854663
7000000,-7,-0.7801934400944885,0.007152579304040042,-0.0010056777170185521
7000000,-6.5,-0.7257056124500101,0.006827948359044972,-0.0007310575071643344
7000000,-6,-0.671237187801748,0.006535985480228069,-0.00032598256679773895
7000000,-5.5,-0.6164552820611382,0.006277358867093099,0.0001460078656274899
7000000,-5,-0.5610332797909872,0.006052027612920272,0.0005659531784220128
7000000,-4.5,-0.5048704806271918,0.005860696077692644,0.0008147876079592387
7000000,-4,-0.44826573053924723,0.005700996136559772,0.0008649193659155396
7000000,-3.5,-0.39178007856937697,0.005563137836265087,0.0008087333136767821
7000000,-3,-0.3358422417882539,0.005430104002224906,0.000762256582931467
7000000,-2.5,-0.2803842687394934,0.005286463039791018,0.0008094764329025811
7000000,-2,-0.2247018788765445,0.005155846594590485,0.0008232835752909479
7000000,-1.5,-0.16860867937273505,0.005068802110747559,0.0006371385375590677
7000000,-1,-0.11250420363940315,0.004997401347806876,0.0004738323273151157
7000000,-0.5,-0.05625080821075151,0.004931204053433052,0.0003457924809727342
7000000,0,8.326672684688674e-17,0.004903273052574927,-1.4432899320127036e-16
7000000,0.5,0.056250808210751874,0.004931204053433048,-0.00034579248097278416
7000000,1,0.11250420363940235,0.00499740134780688,-0.00047383232731494364
7000000,1.5,0.1686086793727341,0.005068802110747551,-0.0006371385375592064
7000000,2,0.22470187887654336,0.005155846594590489,-0.0008232835752909256
7000000,2.5,0.2803842687394923,0.005286463039791022,-0.0008094764329024424
7000000,3,0.3358422417882531,0.005430104002224906,-0.0007622565829314115
7000000,3.5,0.3917800785693758,0.005563137836265091,-0.0008087333136766156
7000000,4,0.44826573053924623,0.005700996136559767,-0.0008649193659152676
7000000,4.5,0.5048704806271918,0.005860696077692634,-0.0008147876079590416
7000000,5,0.561033279790987,0.006052027612920277,-0.0005659531784220712
7000000,5.5,0.6164552820611373,0.006277358867093099,-0.0001460078656272651
7000000,6,0.671237187801747,0.006535985480228087,0.00032598256679791936
7000000,6.5,0.7257056124500093,0.006827948359044984,0.000731057507164054
7000000,7,0.7801934400944865,0.007152579304040036,0.0010056777170188269
7000000,7.5,0.8348985897180741,0.007505247677966353,0.0011437596087855468
7000000,8,0.8898300346688757,0.007879993358620963,0.0011734864258452064
7000000,8.5,0.9448638488053553,0.008280913070255507,0.0011401218531856688
7000000,9,0.9998381902812277,0.008716302512077823,0.001087448548478301
7000000,9.5,1.054571774082444,0.009187307999328837,0.0010576031529475906
7000000,10,1.1088529516506087,0.009691564510153114,0.0010889035506084547
7000000,10.5,1.162455934085438,0.010225520090064218,0.0012144074716306755
7000000,11,1.2151672066247885,0.010787714316141138,0.0014709757961887293
7000000,11.5,1.2668116823285431,0.01137936133949119,0.0018904017836177504
7000000,12,1.3172834146319126,0.01200361965652642,0.0024887224407445486
7000000,12.5,1.3665650124728463,0.012665028373840486,0.0032639070681264684
7000000,13,1.4147185291436175,0.013369107933786652,0.004200728055488834
7000000,13.5,1.4618395586808326,0.014122071426020013,0.005279282969597965
7000000,14,1.5079749191251564,0.014930728488141596,0.006484315252709302
7000000,14.5,1.553015414921882,0.015802827231273943,0.007816991412336799
7000000,15,1.5965734839269747,0.01674820525727395,0.009314212807333234
7000000,15.5,1.63785051498715,0.017781075938080683,0.011072997826798112
7000000,16,1.6755691578783192,0.01892385851183732,0.013255428715576967
7000000,16.5,1.7081710853398762,0.020213337303018518,0.01602796932774065
7000000,17,1.734390533198048,0.021709685972532988,0.01941923080345362
7000000,17.5,1.7538663158047,0.023506567012419485,0.023189002204743535
7000000,18,1.7672300684239093,0.025738861485318985,0.02684404382335815
7000000,18.5,1.7755809126066495,0.028597123652041173,0.029759147887918152
7000000,19,1.7795019324385422,0.032385573054834034,0.031205845690834372
7000000,19.5,1.7771745522542828,0.03762422610221618,0.030358644065204783
7000000,20,1.7617518002044243,0.04503635037299474,0.02666387795969714
7000000,20.5,1.7213496497132885,0.055511433095320584,0.020176240225011927
7000000,21,1.6267416958346828,0.07600975357071539,0.008992522694278837
7000000,21.5,1.3920021113861283,0.1365991258307061,-0.01588996652241212
7000000,22,1.1870066821204586,0.19020201090159003,-0.04956169503357382
7000000,22.5,1.1524359978297731,0.20363554788901825,-0.07103179369480607
7000000,23,1.1331310197317146,0.21753339069967584,-0.07807501129225176
7000000,23.5,1.1164806338347444,0.23279057102168862,-0.08360112815241334
7000000,24,1.1074910301046563,0.24668542396357152,-0.09034053611308951
7000000,24.5,1.104508701380786,0.25906973963206426,-0.09766751605609954
7000000,25,1.1050698953439784,0.2705201141037445,-0.10515764914491484
10000000,-20,-1.796253171978941,0.041054730852901636,-0.028538010780299557
10000000,-19.5,-1.8055809951818085,0.03475192241719705,-0.03091948342458835
10000000,-19,-1.8044846740149105,0.03028184607953603,-0.030504668183730477
10000000,-18.5,-1.7983977535023445,0.02700658509241328,-0.0280703065740955
10000000,-18,-1.7879888531683346,0.024498015947880498,-0.024523787551265837
10000000,-17.5,-1.7721604763993482,0.022511110192366877,-0.02058629058060604
10000000,-17,-1.749818863071794,0.020885099368424996,-0.016835498010914628
10000000,-16.5,-1.7206587209732969,0.01950656659656504,-0.013658005281828802
10000000,-16,-1.6854224881279665,0.018300792486357444,-0.011165914523826537
10000000,-15.5,-1.645569939752587,0.017222901774270303,-0.00924515706826815
10000000,-15,-1.602644783906632,0.016247632285718582,-0.0077000557242835
10000000,-14.5,-1.5578431471341179,0.015361087836888174,-0.006365964204154094
10000000,-14,-1.5119107423465175,0.014554944735830848,-0.005147535430303797
10000000,-13.5,-1.465193536897248,0.013822446899882159,-0.004014821373984387
10000000,-13,-1.4177320999054908,0.013155944937319404,-0.0029843983865027444
10000000,-12.5,-1.3694105143835666,0.012546008586724484,-0.002090138809720573
10000000,-12,-1.3201303809641787,0.011982044039105256,-0.0013496603072404721
10000000,-11.5,-1.2699060624128895,0.01145444266327376,-0.0007465786574907178
10000000,-11,-1.218833849836039,0.010957544015499126,-0.00024311750666703436
10000000,-10.5,-1.1670131013287972,0.010490897815082336,0.00019241252836924434
10000000,-10,-1.1145210215985342,0.010057472540339094,0.0005705490208633438
10000000,-9.5,-1.0614477981432178,0.009661141342434182,0.0008819387979436017
10000000,-9,-1.007924942795875,0.00930392636151823,0.001113020301121495
10000000,-8.5,-0.9540909402987687,0.008983123905377385,0.001270126349984274
10000000,-8,-0.9000251861527793,0.00869134628700419,0.0013707175462379817
10000000,-7.5,-0.845723054802535,0.00841802647349349,0.0014317254640038523
10000000,-7,-0.791130381781523,0.008161376417220688,0.0014596026184182458
10000000,-6.5,-0.7361796403388997,0.007925110116045433,0.0014524513165856622
10000000,-6,-0.6808162061959091,0.007712025795609697,0.0014088787556486987
10000000,-5.5,-0.6250363893901835,0.007522615767853947,0.0013284867881397573
10000000,-5,-0.5689119195733817,0.007353182350783296,0.0012179858136877359
10000000,-4.5,-0.5125305686040376,0.007199527881251412,0.0011068147760761537
10000000,-4,-0.4559061373857105,0.007063428186945157,0.0010434446133971431
10000000,-3.5,-0.39903487681988137,0.006949785888366211,0.0010465744902470487
10000000,-3,-0.34198729574893416,0.006859683079832625,0.0010680323847932882
10000000,-2.5,-0.2848423387043928,0.006790532911873434,0.0010364168260256045
10000000,-2,-0.22762413022309527,0.006739520857653685,0.0009171257808788247
10000000,-1.5,-0.17035579106284365,0.00670513487888716,0.0007241400708128288
10000000,-1,-0.11317409285314856,0.00668716237898646,0.0004979480448538576
10000000,-0.5,-0.05636217682655227,0.0066832957633799275,0.00025896346602974905
10000000,0,1.3877787807814457e-17,0.006684315296004594,-5.551115123125783e-17
10000000,0.5,0.05636217682655055,0.006683295763379934,-0.0002589634660296769
10000000,1,0.11317409285314872,0.00668716237898646,-0.0004979480448539797
10000000,1.5,0.17035579106284277,0.006705134878887155,-0.0007241400708127788
10000000,2,0.2276241302230945,0.006739520857653685,-0.0009171257808788192
10000000,2.5,0.28484233870439296,0.00679053291187344,-0.0010364168260257878
10000000,3,0.34198729574893233,0.006859683079832631,-0.0010680323847935159
10000000,3.5,0.3990348768198804,0.006949785888366204,-0.0010465744902469708
10000000,4,0.45590613738570995,0.007063428186945157,-0.001043444613397121
10000000,4.5,0.5125305686040379,0.007199527881251412,-0.0011068147760761038
10000000,5,0.5689119195733807,0.007353182350783302,-0.001217985813687633
10000000,5.5,0.6250363893901825,0.007522615767853947,-0.0013284867881396072
10000000,6,0.6808162061959087,0.007712025795609697,-0.0014088787556487876
10000000,6.5,0.736179640338898,0.00792511011604544,-0.0014524513165855596
10000000,7,0.7911303817815221,0.008161376417220688,-0.0014596026184182515
10000000,7.5,0.8457230548025348,0.008418026473493505,-0.0014317254640039162
10000000,8,0.9000251861527784,0.008691346287004206,-0.0013707175462379984
10000000,8.5,0.9540909402987687,0.008983123905377385,-0.0012701263499843491
10000000,9,1.007924942795874,0.009303926361518215,-0.0011130203011213563
10000000,9.5,1.0614477981432164,0.009661141342434173,-0.0008819387979433213
10000000,10,1.114521021598533,0.010057472540339112,-0.0005705490208633591
10000000,10.5,1.1670131013287959,0.010490897815082327,-0.00019241252836904032
10000000,11,1.2188338498360374,0.010957544015499117,0.00024311750666719742
10000000,11.5,1.269906062412888,0.011454442663273749,0.0007465786574909674
10000000,12,1.3201303809641771,0.011982044039105235,0.0013496603072406372
10000000,12.5,1.3694105143835662,0.012546008586724494,0.0020901388097207194
10000000,13,1.417732099905491,0.013155944937319404,0.002984398386502942
10000000,13.5,1.4651935368972477,0.013822446899882159,0.004014821373984323
10000000,14,1.5119107423465166,0.01455494473583081,0.005147535430304012
10000000,14.5,1.5578431471341165,0.01536108783688816,0.006365964204154239
10000000,15,1.6026447839066325,0.016247632285718596,0.007700055724283508
10000000,15.5,1.6455699397525865,0.017222901774270303,0.009245157068268325
10000000,16,1.6854224881279651,0.018300792486357492,0.01116591452382649
10000000,16.5,1.7206587209732964,0.019506566596565057,0.013658005281828936
10000000,17,1.7498188630717944,0.02088509936842499,0.016835498010914763
10000000,17.5,1.7721604763993484,0.022511110192366866,0.02058629058060607
10000000,18,1.787988853168332,0.02449801594788052,0.024523787551265847
10000000,18.5,1.798397753502344,0.02700658509241327,0.028070306574095504
10000000,19,1.8044846740149112,0.03028184607953603,0.03050466818373066
10000000,19.5,1.805580995181808,0.03475192241719693,0.030919483424588345
10000000,20,1.7962531719789416,0.04105473085290166,0.02853801078029968
10000000,20.5,1.7668157068976886,0.049745953625603634,0.023380762300197238
10000000,21,1.7084433422836556,0.06199101899503471,0.015719335266016328
10000000,21.5,1.5747095742756545,0.0941507895832219,0.0005923840584533602
10000000,22,1.2997755571022893,0.16230561711909874,-0.02902055568471921
10000000,22.5,1.1638051963090434,0.19607768285695337,-0.06289450186681593
10000000,23,1.1401162505634919,0.20815125176910435,-0.07975118961036362
10000000,23.5,1.1156739369686512,0.22395905230492816,-0.08541258084175181
10000000,24,1.0983608120960138,0.23985880013459296,-0.09115812876402259
10000000,24.5,1.0904636996622907,0.2540440143480389,-0.09811447284472544
10000000,25,1.0891088660905153,0.26660807117439383,-0.10553516418079109
10000000,-20,-1.8314237932250577,0.03720787746939476,-0.0302395866289585
10000000,-19.5,-1.8338839082870426,0.032032164193504034,-0.03104389782078943
10000000,-19,-1.8298166306988826,0.028263195800833,-0.02958471791241953
10000000,-18.5,-1.821564522459255,0.02542011579709181,-0.026625649459356665
10000000,-18,-1.8086702506713475,0.023206824820039176,-0.022873946947966583
10000000,-17.5,-1.7899905323085097,0.02143427869829439,-0.018943195444414074
10000000,-17,-1.7647460555849095,0.019965531009727457,-0.01534634917765025
10000000,-16.5,-1.7330836889675743,0.018703608122882343,-0.012370323104673717
10000000,-16,-1.696088639141799,0.01758547695317784,-0.010030301407090176
10000000,-15.5,-1.6552233529945863,0.016572343863889144,-0.008184416550526952
10000000,-15,-1.6117165579737298,0.015640578705495164,-0.006682966792160605
10000000,-14.5,-1.566335529179793,0.014775665975873356,-0.005437316336316983
10000000,-14,-1.5194802951517157,0.013968612983595708,-0.004412079659223337
10000000,-13.5,-1.4713525050958403,0.01321372059377462,-0.0035919525734170272
10000000,-13,-1.4220731357361882,0.012507165851042588,-0.002956292335007758
10000000,-12.5,-1.3717540380090028,0.011846257199834299,-0.0024696823045261807
10000000,-12,-1.3205465029539663,0.01122916994955693,-0.0020829531677063035
10000000,-11.5,-1.2686635062228038,0.010654864579845434,-0.0017367716838216792
10000000,-11,-1.2163680891581863,0.010122992262796938,-0.0013665823615870297
10000000,-10.5,-1.1639209327474471,0.009633751942865025,-0.0009149070533238928
10000000,-10,-1.111485367993515,0.009187938424703264,-0.00035729217696763986
10000000,-9.5,-1.059030402089489,0.008787446959770498,0.0002650238160510035
10000000,-9,-1.0063227933072225,0.008434618333943576,0.0008432728435191592
10000000,-8.5,-0.9530702141802863,0.008129599448849249,0.0012614867397652343
10000000,-8,-0.899148484024716,0.007867161450963655,0.0014730644904683149
10000000,-7.5,-0.8446618411796448,0.007633978130313526,0.0015398741904640244
10000000,-7,-0.7897132439145609,0.007423418444098389,0.0015508823139140566
10000000,-6.5,-0.7342822215588438,0.007235882915504754,0.001531467274993814
10000000,-6,-0.6784177716852401,0.007066646185845113,0.0014749662045193512
10000000,-5.5,-0.6223267225651543,0.006907612749032409,0.001385159826699614
10000000,-5,-0.5661863630560744,0.006755669329559173,0.0012727676207938438
10000000,-4.5,-0.5099772340939666,0.0066133751030914316,0.0011459716666760683
10000000,-4,-0.45357404522209277,0.006483245091678593,0.0010084120151966497
10000000,-3.5,-0.39690358234411244,0.006368604820257782,0.0008558673584892374
10000000,-3,-0.33997903147180586,0.006274600235421149,0.0006737483775154929
10000000,-2.5,-0.2828655762272191,0.006200849565027097,0.00046473178591559526
10000000,-2,-0.22570352474051203,0.006139758532977539,0.00030485475144313435
10000000,-1.5,-0.16880995298504384,0.00608017963822761,0.00027150931675183344
10000000,-1,-0.1124592137035627,0.006012943213427111,0.0002946603428223227
10000000,-0.5,-0.056323332164715745,0.005950784479091715,0.00023208718732065648
10000000,0,-2.498001805406602e-16,0.00592534084916318,2.7755575615628914e-17
10000000,0.5,0.05632333216471644,0.00595078447909172,-0.0002320871873207453
10000000,1,0.11245921370356084,0.0060129432134271,-0.000294660342822195
10000000,1.5,0.16880995298504234,0.006080179638227621,-0.00027150931675177235
10000000,2,0.2257035247405092,0.006139758532977534,-0.00030485475144301775
10000000,2.5,0.28286557622721875,0.006200849565027097,-0.0004647317859156619
10000000,3,0.3399790314718045,0.006274600235421154,-0.0006737483775154707
10000000,3.5,0.39690358234411194,0.006368604820257798,-0.000855867358489254
10000000,4,0.4535740452220929,0.006483245091678604,-0.0010084120151967913
10000000,4.5,0.5099772340939652,0.0066133751030914255,-0.0011459716666758907
10000000,5,0.5661863630560732,0.006755669329559173,-0.0012727676207937937
10000000,5.5,0.6223267225651556,0.006907612749032409,-0.001385159826699664
10000000,6,0.6784177716852415,0.007066646185845113,-0.0014749662045192874
10000000,6.5,0.7342822215588429,0.007235882915504742,-0.0015314672749935144
10000000,7,0.7897132439145612,0.007423418444098389,-0.0015508823139140898
10000000,7.5,0.8446618411796433,0.007633978130313526,-0.0015398741904639884
10000000,8,0.8991484840247145,0.007867161450963668,-0.0014730644904681455
10000000,8.5,0.9530702141802851,0.008129599448849263,-0.0012614867397650804
10000000,9,1.0063227933072223,0.008434618333943576,-0.000843272843519098
10000000,9.5,1.0590304020894874,0.008787446959770505,-0.0002650238160507981
10000000,10,1.111485367993514,0.009187938424703264,0.0003572921769674629
10000000,10.5,1.1639209327474465,0.009633751942865016,0.0009149070533240398
10000000,11,1.2163680891581865,0.010122992262796919,0.001366582361587073
10000000,11.5,1.2686635062228024,0.010654864579845434,0.001736771683821789
10000000,12,1.3205465029539654,0.01122916994955693,0.002082953167706595
10000000,12.5,1.371754038009001,0.011846257199834268,0.0024696823045263334
10000000,13,1.4220731357361878,0.012507165851042598,0.0029562923350077265
10000000,13.5,1.4713525050958398,0.013213720593774632,0.003591952573417126
10000000,14,1.5194802951517143,0.013968612983595708,0.00441207965922325
10000000,14.5,1.5663355291797911,0.014775665975873369,0.00543731633631718
10000000,15,1.6117165579737298,0.01564057870549515,0.0066829667921605804
10000000,15.5,1.6552233529945863,0.01657234386388913,0.008184416550527016
10000000,16,1.6960886391417977,0.017585476953177828,0.010030301407090492
10000000,16.5,1.7330836889675738,0.018703608122882413,0.012370323104673578
10000000,17,1.7647460555849084,0.01996553100972743,0.015346349177650079
10000000,17.5,1.7899905323085101,0.021434278698294368,0.018943195444414092
10000000,18,1.8086702506713475,0.023206824820039156,0.02287394694796676
10000000,18.5,1.8215645224592543,0.02542011579709181,0.026625649459356922
10000000,19,1.8298166306988817,0.028263195800832922,0.029584717912419595
10000000,19.5,1.833883908287043,0.03203216419350405,0.03104389782078947
10000000,20,1.8314237932250559,0.037207877469394746,0.03023958662895873
10000000,20.5,1.815249683683112,0.04436408421616673,0.02680048811877664
10000000,21,1.7766466074567053,0.05395896918185728,0.020988076580437186
10000000,21.5,1.7032332461079724,0.06925956661128309,0.012084286839065688
10000000,22,1.52454863148617,0.11469263059289049,-0.007127209906675735
10000000,22.5,1.2498285293638658,0.18328427253691187,-0.03940664274070965
10000000,23,1.164042304700846,0.20743418979076872,-0.07106717823509408
10000000,23.5,1.14408068186529,0.22017950514714277,-0.08426628093252171
10000000,24,1.1222041880072664,0.23636000800224288,-0.08960691315198169
10000000,24.5,1.108464382025959,0.25171295156140744,-0.09570558456696658
10000000,25,1.1032993623159557,0.2650262704821308,-0.10275160061382707
10000000,-20,-1.8395733903314535,0.035879826754675485,-0.031150349406305528
10000000,-19.5,-1.8399346239489658,0.031125444227988963,-0.03142067952402803
10000000,-19,-1.8351174191511812,0.02760354639370819,-0.029676419504510144
10000000,-18.5,-1.8262150928962,0.024906798022325833,-0.02662631151339573
10000000,-18,-1.8124687832455397,0.022787611901317843,-0.022897159280373103
10000000,-17.5,-1.792766677077311,0.02107839874951936,-0.0190661849117852
10000000,-17,-1.766451717617358,0.019654211898776565,-0.01561550396086051
10000000,-16.5,-1.7338280614410797,0.018426372524014703,-0.012789242853013241
10000000,-16,-1.696108202246216,0.01733718992445704,-0.010563329952238368
10000000,-15.5,-1.6548129578036144,0.016350956493868054,-0.00877281931303625
10000000,-15,-1.6111838086310457,0.015445662039755068,-0.007257536261172337
10000000,-14.5,-1.5659828921600667,0.014607372370538088,-0.005925493586160874
10000000,-14,-1.5195821832775087,0.01382676270944237,-0.004746869687715388
10000000,-13.5,-1.4721147142469246,0.013096954297573618,-0.0037252020392628676
10000000,-13,-1.4235875006048797,0.01241224299943403,-0.002872219527702331
10000000,-12.5,-1.3739662188873223,0.01176759372334904,-0.0021935012083482463
10000000,-12,-1.32324575121844,0.011158657851763109,-0.0016831699066785562
10000000,-11.5,-1.2714898083345674,0.01058194837128786,-0.0013231947972412992
10000000,-11,-1.2188302188793847,0.010034972173624757,-0.001085030550402306
10000000,-10.5,-1.1654400562133456,0.009516362864755056,-0.0009333787347614173
10000000,-10,-1.1115029400721435,0.009026250966059505,-0.0008322008339654303
10000000,-9.5,-1.0571964631998405,0.008566953166034685,-0.0007525245241346401
10000000,-9,-1.0026882666915105,0.008142328818199275,-0.0006716968062116565
10000000,-8.5,-0.9481214553956708,0.007754936867881088,-0.0005567035606061186
10000000,-8,-0.8936020303840226,0.0074040150387224175,-0.00037068838293378146
10000000,-7.5,-0.8392084553148451,0.00708157037822303,-0.00008696469961361475
10000000,-7,-0.7849558698456169,0.006781691855390664,0.0002924860037414323
10000000,-6.5,-0.7306667751828366,0.006505720417719174,0.0007164950509908535
10000000,-6,-0.6759461005470493,0.0062577425899265045,0.001094362770721946
10000000,-5.5,-0.6204303949713506,0.006042562705260239,0.001330284967372411
10000000,-5,-0.5641112287517448,0.005863006573591441,0.0013830010009266258
10000000,-4.5,-0.5073609071381497,0.005717871549947138,0.0013124772024371734
10000000,-4,-0.45054573795121233,0.005603640188221944,0.0012172402862300536
10000000,-3.5,-0.3937749848276797,0.005514210903741822,0.001123418300757789
10000000,-3,-0.33717814236730936,0.0054334201187464575,0.001011275104598633
10000000,-2.5,-0.2810969096105797,0.005335097538423651,0.0009010381518532202
10000000,-2,-0.2254811293121946,0.005208071253947908,0.0008329860395329902
10000000,-1.5,-0.16964414552060592,0.005088493235236313,0.0006402671234749136
10000000,-1,-0.11345358034233081,0.005011230449830151,0.00029163884962575825
10000000,-0.5,-0.05700323102142679,0.004972007802960795,0.000040110808127258316
10000000,0,-7.355227538141662e-16,0.004959685058717409,4.9960036108132046e-17
10000000,0.5,0.057003231021427,0.004972007802960786,-0.00004011080812735823
10000000,1,0.11345358034232958,0.005011230449830146,-0.0002916388496254696
10000000,1.5,0.1696441455206052,0.005088493235236309,-0.0006402671234749024
10000000,2,0.22548112931219472,0.005208071253947898,-0.0008329860395330346
10000000,2.5,0.2810969096105781,0.005335097538423641,-0.0009010381518531702
10000000,3,0.3371781423673086,0.005433420118746463,-0.0010112751045983082
10000000,3.5,0.3937749848276785,0.005514210903741817,-0.0011234183007578253
10000000,4,0.45054573795121117,0.005603640188221949,-0.0012172402862299174
10000000,4.5,0.5073609071381485,0.005717871549947149,-0.0013124772024372844
10000000,5,0.5641112287517439,0.0058630065735914465,-0.001383001000926687
10000000,5.5,0.6204303949713492,0.0060425627052602335,-0.0013302849673720585
10000000,6,0.6759461005470484,0.006257742589926516,-0.0010943627707219988
10000000,6.5,0.7306667751828346,0.006505720417719169,-0.0007164950509908396
10000000,7,0.7849558698456163,0.006781691855390676,-0.00029248600374137955
10000000,7.5,0.8392084553148426,0.007081570378223037,0.00008696469961369524
10000000,8,0.8936020303840204,0.0074040150387224175,0.0003706883829339397
10000000,8.5,0.9481214553956707,0.007754936867881088,0.000556703560606249
10000000,9,1.0026882666915096,0.008142328818199268,0.0006716968062117606
10000000,9.5,1.0571964631998385,0.008566953166034692,0.0007525245241346443
10000000,10,1.1115029400721428,0.009026250966059482,0.0008322008339653658
10000000,10.5,1.1654400562133445,0.009516362864755056,0.0009333787347614007
10000000,11,1.2188302188793854,0.010034972173624765,0.0010850305504022505
10000000,11.5,1.2714898083345665,0.010581948371287841,0.0013231947972413309
10000000,12,1.3232457512184417,0.011158657851763098,0.001683169906678594
10000000,12.5,1.3739662188873212,0.01176759372334903,0.002193501208348251
10000000,13,1.423587500604879,0.012412242999434053,0.002872219527702523
10000000,13.5,1.4721147142469235,0.01309695429757363,0.0037252020392628303
10000000,14,1.5195821832775072,0.013826762709442358,0.004746869687715464
10000000,14.5,1.5659828921600658,0.014607372370538102,0.005925493586160921
10000000,15,1.611183808631045,0.01544566203975511,0.007257536261172426
10000000,15.5,1.6548129578036122,0.016350956493868096,0.008772819313036301
10000000,16,1.6961082022462153,0.01733718992445704,0.01056332995223841
10000000,16.5,1.7338280614410801,0.018426372524014727,0.012789242853013342
10000000,17,1.766451717617357,0.019654211898776582,0.01561550396086075
10000000,17.5,1.7927666770773119,0.021078398749519372,0.0190661849117852
10000000,18,1.8124687832455386,0.02278761190131781,0.02289715928037306
10000000,18.5,1.8262150928961978,0.024906798022325875,0.02662631151339573
10000000,19,1.8351174191511785,0.027603546393708288,0.029676419504510138
10000000,19.5,1.839934623948965,0.03112544422798899,0.03142067952402822
10000000,20,1.8395733903314522,0.03587982675467552,0.0311503494063053
10000000,20.5,1.8287795924619075,0.04243999918762811,0.028337937656880065
10000000,21,1.798172964667998,0.051396745134166574,0.02302205679274168
10000000,21.5,1.7345800407784866,0.06466179449823883,0.015018780121186326
10000000,22,1.5818933725452158,0.10091951270625887,-0.001322565039761081
10000000,22.5,1.305447329765813,0.1744222564817909,-0.031898923080839005
10000000,23,1.187043913998914,0.20657047661211617,-0.06481542332014016
10000000,23.5,1.1678595272470118,0.21778276001695301,-0.08046489467871842
10000000,24,1.1464279655497152,0.23304089720847987,-0.08575565929984519
10000000,24.5,1.1311947250399457,0.2481807278715653,-0.09135614940260015
10000000,25,1.1244633842131329,0.2613797362581385,-0.09810869495733321