Re,alpha,CL,CD,CM
20000,-20,-0.79877144478515,0.24148861359580923,0.06379138209931816
20000,-19.5,-0.7810361279921593,0.23631740205246768,0.05975865897751651
20000,-19,-0.763350426337726,0.23106427472329796,0.055772286627396084
20000,-18.5,-0.7457857199091056,0.22571735767854598,0.05182704543465729
20000,-18,-0.7284115328444992,0.22026599797987348,0.047917426754083614
20000,-17.5,-0.7112879517068339,0.21470225278131283,0.04403890382846902
20000,-17,-0.6944603633153325,0.20902144985707324,0.040188728795682416
20000,-16.5,-0.6779590102957005,0.20322132425927208,0.03636600698000029
20000,-16,-0.6618044405933434,0.1972997286065682,0.03257111928947938
20000,-15.5,-0.6460184529903221,0.19125134246450537,0.028804910739116535
20000,-15,-0.6306390356674203,0.18506411309789597,0.025068393561786563
20000,-14.5,-0.6157363405404941,0.17871667930023674,0.021363955532439614
20000,-14,-0.601423661371957,0.17217925426111091,0.017698753987445512
20000,-13.5,-0.5878528810712396,0.16542221413862224,0.0140890698905884
20000,-13,-0.5751826864037023,0.15843641483628756,0.0105606262583563
20000,-12.5,-0.5635189832917955,0.15126080330456265,0.007138552100892562
20000,-12,-0.5528546505520977,0.14399332559091674,0.003830041504044654
20000,-11.5,-0.5430704788898688,0.13675258241927912,0.0006160723341593607
20000,-11,-0.534057305545603,0.12959969295072749,-0.002542997778759717
20000,-10.5,-0.5259041966475517,0.1224911375887374,-0.0057082833427128
20000,-10,-0.5189644971374376,0.11530828258983636,-0.008974759949407551
20000,-9.5,-0.5137137098559704,0.10791493964259623,-0.012467070694141902
20000,-9,-0.5105183991304527,0.10017347670812544,-0.01629132721100398
20000,-8.5,-0.5094046187344063,0.09192984543981604,-0.020458966034192845
20000,-8,-0.5096487762530085,0.08307187928782081,-0.024964408350792045
20000,-7.5,-0.508683468496091,0.0737285181236944,-0.03025781153320912
20000,-7,-0.5001973591731296,0.06433813464670968,-0.036358805304908814
20000,-6.5,-0.4786849972343097,0.0553484522187916,-0.04037682871476024
20000,-6,-0.4474485976240443,0.04776312932183297,-0.04177803554195939
20000,-5.5,-0.4093865178045112,0.04233393800019473,-0.041826065646227324
20000,-5,-0.36694715015485696,0.03841682821745869,-0.04107422791939745
20000,-4.5,-0.32220274490727935,0.03543885153733296,-0.040095407015249426
20000,-4,-0.2759920229064184,0.03310525695834431,-0.03947750368819493
20000,-3.5,-0.22849843993161384,0.031153107729567295,-0.03953254106778283
20000,-3,-0.17948751853344286,0.029223584903444313,-0.039911150609682054
20000,-2.5,-0.12832934782596178,0.02734005890133896,-0.039693688339613696
20000,-2,-0.07607557950778224,0.02595868953896322,-0.03877682173090126
20000,-1.5,-0.01800322607242505,0.025092604087968918,-0.039276438250714925
20000,-1,0.04538145294444493,0.024858229145331926,-0.041107404210504385
20000,-0.5,0.10548055422919272,0.02497660959230725,-0.042265128129737685
20000,0,0.1604586967840987,0.025231488107779632,-0.04232358876977281
20000,0.5,0.21308532515979847,0.02557664640058455,-0.041833772342784944
20000,1,0.2655708819049765,0.02600718509813361,-0.04126449764735661
20000,1.5,0.31853327735904513,0.026521410832990824,-0.04077013208033609
20000,2,0.37169617688145995,0.027115823443218872,-0.04030967813535463
20000,2.5,0.4246044172562472,0.027784529778975015,-0.03977379052282477
20000,3,0.4769534801768832,0.028517783329170612,-0.03904890604302376
20000,3.5,0.5285771889852787,0.029307914681737667,-0.03805184361503265
20000,4,0.5791915508111787,0.03016508367367368,-0.036761029058721924
20000,4.5,0.6281714401256715,0.031121501221596414,-0.035207859539713005
20000,5,0.67464764784712,0.0322128975483451,-0.03340199800843004
20000,5.5,0.7174722522225843,0.03351902557691819,-0.031289826616402186
20000,6,0.7545508026140234,0.03543077884764633,-0.02886626195790981
20000,6.5,0.7839780130092247,0.03845851233557783,-0.02640449540098393
20000,7,0.8085447466949389,0.042220548084818184,-0.024254262239686984
20000,7.5,0.832610273344448,0.046163743981542264,-0.02236200374040261
20000,8,0.8567780745872575,0.05028755513246583,-0.020509395603576105
20000,8.5,0.8793763223788919,0.054778071203409426,-0.018662080942916992
20000,9,0.8980632939085359,0.059835220679618516,-0.01699482586287335
20000,9.5,0.9102058288762136,0.06571122296454716,-0.01583439382363787
20000,10,0.9136421380705895,0.0727610833666428,-0.01569797964426853
20000,10.5,0.9080427662588367,0.0816404584219198,-0.017358114456277007
20000,11,0.893800565082296,0.09353643618330568,-0.021884769197299012
20000,11.5,0.8712580261347872,0.10822801402312042,-0.03032719636708551
20000,12,0.8530043965215512,0.12229471956997641,-0.04012205536935964
20000,12.5,0.8469262653478095,0.13423908572472693,-0.04731372855984937
20000,13,0.8480993345906841,0.14491055780548737,-0.052713327246841524
20000,13.5,0.8536001073678288,0.15458596914068426,-0.057643040231718366
20000,14,0.8620900166741703,0.1633316646516948,-0.06242438794093953
20000,14.5,0.8724721655759994,0.17135819401073513,-0.06708026407414365
20000,15,0.8838758341871658,0.17894535378523715,-0.0716346068625359
20000,15.5,0.8957844994638753,0.1863232590119847,-0.07613575901985492
20000,16,0.9080240828168618,0.19362411466752494,-0.08062927695995006
20000,16.5,0.920623662776506,0.2008939212345608,-0.08514602311724624
20000,17,0.9336631137010316,0.2081226094020531,-0.08970611559713643
20000,17.5,0.9471932725019501,0.2152708566473787,-0.09432177874086979
20000,18,0.9612245643953011,0.22229168246500963,-0.09899473006118109
20000,18.5,0.9757365291932931,0.22914628191962821,-0.1037162197885623
20000,19,0.9906834831958212,0.23581172799807384,-0.10847280050406276
20000,19.5,1.0060006527032705,0.24228083266543088,-0.11325231279826761
20000,20,1.0216153489629816,0.2485572794702706,-0.1180457009196921
20000,20.5,1.0374588057609562,0.2546495873772688,-0.12284543569154231
20000,21,1.0534735228406593,0.2605663226305002,-0.1276432209316614
20000,21.5,1.069614909675417,0.2663134791829373,-0.13242864459664502
20000,22,1.0858486881033818,0.27189389592154206,-0.13718909308668917
20000,22.5,1.1021460019246534,0.2773081490744907,-0.14191059551681023
20000,23,1.1184778124580959,0.28255630299309936,-0.14657913692794153
20000,23.5,1.1348098498022883,0.2876399364822056,-0.15118203211599104
20000,24,1.1510992500243455,0.2925638775974195,-0.15570902812184428
20000,24.5,1.1672937417779503,0.2973371409371905,-0.16015289909521033
20000,25,1.183333619907514,0.3019727712928339,-0.16450944146659685
20000,-20,-0.8039403127317115,0.2482786426694967,0.06206989976252042
20000,-19.5,-0.7869880588170843,0.2433535417414019,0.058067464407980704
20000,-19,-0.7701019132316468,0.23835924174791565,0.054157063036766775
20000,-18.5,-0.7533161398841127,0.2332880750169412,0.0503454091436649
20000,-18,-0.7366618411336818,0.22813220220886848,0.04663646751043546
20000,-17.5,-0.7201643196784684,0.222884445399234,0.04303057832451522
20000,-17,-0.7038402618800957,0.21753918595816277,0.039523797283615957
20000,-16.5,-0.6876964590542838,0.21209283501174458,0.036107625527703094
20000,-16,-0.6717320110331997,0.2065434156589907,0.03276918102862919
20000,-15.5,-0.6559440083940127,0.200888987751488,0.02949175366146848
20000,-15,-0.6403342439037145,0.1951243798108477,0.026254990696398785
20000,-14.5,-0.6249167692137155,0.18923465126070177,0.023033085589577267
20000,-14,-0.6097371874985327,0.18318243203394466,0.01979076197252181
20000,-13.5,-0.5949285448081634,0.17688699788171816,0.016481335249662728
20000,-13,-0.5808160730626633,0.17020359225578932,0.013054441301280589
20000,-12.5,-0.5679943246205638,0.16294328852659243,0.00947695421701599
20000,-12,-0.5571613504737941,0.15500086805258192,0.00575777812622412
20000,-11.5,-0.5485776527367714,0.14656379364713587,0.0019515091134068095
20000,-11,-0.5416124175628121,0.1381288333998147,-0.0018745209905195973
20000,-10.5,-0.5352740021106214,0.1301119192059198,-0.005686447740094807
20000,-10,-0.5293528969287569,0.12248674837725686,-0.009523590099102653
20000,-9.5,-0.5244124195640555,0.11493688652855899,-0.013507462698580264
20000,-9,-0.5208130841723293,0.10715623644715055,-0.017800680789632747
20000,-8.5,-0.518355626719649,0.09896276755633601,-0.022478910669211156
20000,-8,-0.5165636759033133,0.09035570218092388,-0.02730475199103738
20000,-7.5,-0.5147672139926954,0.08153140743069485,-0.03163702459580886
20000,-7,-0.5112749467507114,0.07277314994007567,-0.03503046655482385
20000,-6.5,-0.49842745243199615,0.064399303598926,-0.038500689692304295
20000,-6,-0.46320860514067613,0.056667663533786605,-0.04179002704720469
20000,-5.5,-0.4214615734596011,0.049354435280653676,-0.04268600474521759
20000,-5,-0.37956502311877266,0.0435338308097205,-0.04259197196888724
20000,-4.5,-0.33319080030580395,0.03897064276966803,-0.04212321337656362
20000,-4,-0.28484053121118125,0.03517401149731734,-0.041454973932679606
20000,-3.5,-0.24022583450576007,0.03179724847909242,-0.039859658055910255
20000,-3,-0.20597717523041242,0.028348253352501178,-0.03496073937295067
20000,-2.5,-0.15827962218463926,0.02552905506799338,-0.03187595685614799
20000,-2,-0.09392349264313893,0.02452628732265829,-0.03328675137621325
20000,-1.5,-0.04966489297539442,0.024270170581091575,-0.032191507337997874
20000,-1,-0.013062207771516926,0.02452041531086975,-0.030197393364673135
20000,-0.5,0.024942239882584316,0.02504942294926796,-0.02861177348514803
20000,0,0.06397449533783553,0.025704904310647828,-0.027269756933978713
20000,0.5,0.1035984294822811,0.026461191405233477,-0.026099592705247827
20000,1,0.14556962638126447,0.02734068968871347,-0.02545659222013036
20000,1.5,0.19392650584679033,0.028365890575990975,-0.026090206085840374
20000,2,0.2533462800782551,0.02954476641918527,-0.028813851138798707
20000,2.5,0.3251565174759926,0.03087985920164633,-0.033763353852906755
20000,3,0.40438560379674554,0.03237782177955282,-0.03986429153505667
20000,3.5,0.4829678486048259,0.034005123037243554,-0.04542879544400001
20000,4,0.5558473102195058,0.03558689595339737,-0.04921937806172086
20000,4.5,0.6224103951318243,0.03677714992330981,-0.050574119223948236
20000,5,0.6837490302739014,0.03726965113725505,-0.04898377989107644
20000,5.5,0.738735652294405,0.03718964473254505,-0.04436195686867859
20000,6,0.7832272160713845,0.037204329816898474,-0.03768952712183839
20000,6.5,0.8162384976370756,0.03848077851098757,-0.030667003089787592
20000,7,0.8417377639749734,0.04166816541563856,-0.02495446824044382
20000,7.5,0.867441764699197,0.04604047561523623,-0.021271916302495007
20000,8,0.8974215644778242,0.05127514980443383,-0.018959326589189338
20000,8.5,0.927182158727524,0.05744377712432085,-0.017154972451324364
20000,9,0.9483189149851154,0.06456138215304066,-0.015289844258409981
20000,9.5,0.9546617086386471,0.07243133976094697,-0.013327539859852805
20000,10,0.9461059198506262,0.08141750880975818,-0.012552063502638355
20000,10.5,0.9241926703607057,0.0935368385421939,-0.016680906138364315
20000,11,0.8949568549299745,0.10785251922847863,-0.025586045423867488
20000,11.5,0.8722241332838064,0.12126251202451518,-0.033454307535621806
20000,12,0.8592906953481606,0.1333373519159118,-0.03969842010936743
20000,12.5,0.8544665660855335,0.14420066444953916,-0.04523028027400999
20000,13,0.8558170102088676,0.153863583038867,-0.05031852706855341
20000,13.5,0.8617564618411334,0.16240112948729174,-0.05508514167614389
20000,14,0.8708642330622816,0.17006833238682242,-0.059688661912183215
20000,14.5,0.8815942862387999,0.17738484792520157,-0.06432181637471869
20000,15,0.8924863537137144,0.1850296661420592,-0.06917603629406169
20000,15.5,0.9028610789053734,0.19348199074253106,-0.07436536772053741
20000,16,0.9131171843426054,0.20269792385939123,-0.07985129125935972
20000,16.5,0.9241702115842386,0.21214191448261116,-0.08545267465000018
20000,17,0.936664985524495,0.22115528588546585,-0.09094587525990999
20000,17.5,0.9506580536975681,0.22933897658054578,-0.09617686260551661
20000,18,0.9657951280038598,0.23665689824479497,-0.1011065498119035
20000,18.5,0.981642019234303,0.24328441886336938,-0.10578098133698385
20000,19,0.9978801859084491,0.24942644155485075,-0.11027709348735046
20000,19.5,1.0143232117821848,0.255233225651761,-0.11466555449352092
20000,20,1.0308617831582922,0.2607945542333919,-0.11899772118035905
20000,20.5,1.047420451902763,0.26615922766425304,-0.12330682401667267
20000,21,1.0639417888057465,0.2713531801745509,-0.12761329940443836
20000,21.5,1.0803836199115042,0.27639112832547297,-0.131929060236756
20000,22,1.0967164077342606,0.28128342982092386,-0.13625958073578587
20000,22.5,1.112917604984038,0.2860399484718616,-0.14060467253530873
20000,23,1.1289657449848751,0.29067181010339366,-0.14495911885585516
20000,23.5,1.1448370741189788,0.2951915811423263,-0.14931377209922364
20000,24,1.1605050902381744,0.2996124915688167,-0.153657081599066
20000,24.5,1.175941788747105,0.30394737363549723,-0.15797667198414672
20000,25,1.191119356686159,0.308207782707674,-0.16226059414050137
20000,-20,-0.8113707852763204,0.2529956432793614,0.06575814776563334
20000,-19.5,-0.7942076918665897,0.24772165327198126,0.062119085216339465
20000,-19,-0.7770787510506297,0.24238632420462425,0.05860686912574253
20000,-18.5,-0.7599936361523355,0.23699413126465876,0.05523891922460853
20000,-18,-0.7429642131086629,0.23154706907759934,0.05202889404163189
20000,-17.5,-0.7260092068740064,0.2260428553789328,0.04898337224903195
20000,-17,-0.7091516451308807,0.2204747081666404,0.046102445832399634
20000,-16.5,-0.6924046115769288,0.21483370408404873,0.04338686843285926
20000,-16,-0.675755123290126,0.20911291180957559,0.040847404164848874
20000,-15.5,-0.659178736414419,0.2033106132756693,0.038501843326239654
20000,-15,-0.6427033684776621,0.19742977378094637,0.03634968983998492
20000,-14.5,-0.6264306670070364,0.19146983817648994,0.03435666434869429
20000,-14,-0.6103239490218443,0.18539599872918455,0.032527909206266505
20000,-13.5,-0.5938489259316888,0.17909565231541313,0.031060814843724027
20000,-13,-0.5764694115991496,0.17247892792400377,0.03018700004879924
20000,-12.5,-0.5587808482942292,0.16566885683811566,0.029713912315527457
20000,-12,-0.5409811330309622,0.15876403353097304,0.029384590217713842
20000,-11.5,-0.5205999026894804,0.15153087500201365,0.02943165917225829
20000,-11,-0.4966258908120064,0.1438094811271172,0.029932261493163793
20000,-10.5,-0.4708176514944065,0.1353424495905659,0.030480610423549638
20000,-10,-0.4417199279542747,0.12614352031895235,0.03028762270961004
20000,-9.5,-0.38563796535241573,0.11351476043468202,0.024000271941691916
20000,-9,-0.3035912713232538,0.09853812788172178,0.011018441772965182
20000,-8.5,-0.24887004541730967,0.0881498785517158,0.002082662656969139
20000,-8,-0.22163654453055717,0.08125219523015749,-0.0020423403272306446
20000,-7.5,-0.252584076932049,0.07842313704961829,0.0015789741028505889
20000,-7,-0.3620087544646877,0.08076115916894004,0.012562282610209188
20000,-6.5,-0.44066396204079533,0.08206576621945438,0.013131782025608812
20000,-6,-0.47824830442152877,0.07780910193128016,0.004833499495605964
20000,-5.5,-0.4851287872165227,0.06896931710364207,-0.007910024177869871
20000,-5,-0.4398506250936591,0.06030081078262646,-0.022516428713404563
20000,-4.5,-0.380801080002194,0.05189399242764002,-0.03087502700454469
20000,-4,-0.3395549170803811,0.04365886629813159,-0.031965977778862974
20000,-3.5,-0.3048642507122698,0.03663123874421349,-0.027473052586373403
20000,-3,-0.24814797812640801,0.030439030257380664,-0.025404088621527116
20000,-2.5,-0.14116521247480607,0.025716095244151308,-0.034048716615612165
20000,-2,-0.08687553050678701,0.02423220801919698,-0.03455707248559088
20000,-1.5,-0.05417250341094354,0.02421554886327504,-0.03148379385556909
20000,-1,-0.01660085092017005,0.024539855493111256,-0.02958290403374168
20000,-0.5,0.02397625016751259,0.02501799852004655,-0.028444030004726794
20000,0,0.06496287543991186,0.02564284576962024,-0.027518434825363515
20000,0.5,0.10509268609647171,0.026418723864492972,-0.026590426383996286
20000,1,0.1441327197344255,0.027349802870242152,-0.02569023245065683
20000,1.5,0.18239388612972227,0.028445530951206825,-0.024970525287813065
20000,2,0.220153274202563,0.02971906171679235,-0.02459183935308
20000,2.5,0.25734971949286434,0.031190990138406458,-0.024659611788985375
20000,3,0.2935003153107699,0.03290350768053908,-0.025200200646425985
20000,3.5,0.3275733198529942,0.03493564861516426,-0.026136065890126903
20000,4,0.3577425698908242,0.03739972964351453,-0.027236664000412823
20000,4.5,0.38166940168618496,0.04039533385662816,-0.028107675247708012
20000,5,0.40004979845531485,0.043935512582064955,-0.028630678042758196
20000,5.5,0.4294263992125633,0.04817580700100632,-0.03090354332379596
20000,6,0.5140412361883526,0.05424208660082123,-0.04084567573146862
20000,6.5,0.6610183449053568,0.06242149200060017,-0.056131342711381246
20000,7,0.7856609046997381,0.06759127999281855,-0.057576575789486786
20000,7.5,0.8619364036932587,0.0694279252880536,-0.04778757537224839
20000,8,0.8892350823500073,0.07571085198420759,-0.0416107750546033
20000,8.5,0.8640558006507628,0.08905688072118881,-0.044089144879741186
20000,9,0.8111239894525388,0.10513887522547812,-0.05421820685928067
20000,9.5,0.7650438829642833,0.11686509614335473,-0.062304071588608664
20000,10,0.7232728689731066,0.12711133779860737,-0.06997965757367929
20000,10.5,0.7017611914657496,0.13683873547250577,-0.07997993419552887
20000,11,0.703920740283753,0.1457205823363357,-0.0872353839432213
20000,11.5,0.7234628817347805,0.15464128701006888,-0.08993717994454534
20000,12,0.7452069449927283,0.16331051162452445,-0.09132077293620058
20000,12.5,0.7654306923145183,0.17118550012935227,-0.09261526349405114
20000,13,0.7859385481658882,0.17853569617612206,-0.09387384005065028
20000,13.5,0.8070714768828069,0.18562662609157038,-0.09515444753472115
20000,14,0.8274813173319446,0.1924144716104337,-0.09663174268458603
20000,14.5,0.8466998767041916,0.19891937519404454,-0.0983495125734937
20000,15,0.8657176812685349,0.20535959837399573,-0.10017501503914601
20000,15.5,0.8848562735362712,0.21180376794515302,-0.10210556134220435
20000,16,0.903553498018784,0.21813005416,-0.10431035595014757
20000,16.5,0.9213518531855288,0.22422572334419943,-0.10689144097284649
20000,17,0.9385157898382744,0.23013063452516205,-0.10970430365083124
20000,17.5,0.9555620631722621,0.23594610190617574,-0.11256746700484262
20000,18,0.9726953201476626,0.2417148212185151,-0.11545617620876221
20000,18.5,0.989861804479551,0.24743155278292167,-0.11843335302428745
20000,19,1.0069637694439133,0.25308195262680033,-0.12155069561759417
20000,19.5,1.0239560460549766,0.2586559119616127,-0.12481997463200631
20000,20,1.0408397819560091,0.26414847147107695,-0.12822596197544472
20000,20.5,1.0576234622540912,0.26955911590063225,-0.13174704937722362
20000,21,1.0742997041645768,0.27489066613490093,-0.13536617960079364
20000,21.5,1.0908448940803976,0.2801474572427696,-0.13907127665422025
20000,22,1.107228586845703,0.2853333548108386,-0.14285138135996536
20000,22.5,1.123421892446321,0.29045038054605965,-0.1466934046822965
20000,23,1.139401205076183,0.29549833008833215,-0.1505812681309595
20000,23.5,1.1551479871155337,0.300475227923524,-0.15449704523269997
20000,24,1.170646748010141,0.3053781338599361,-0.15842287681210632
20000,24.5,1.1858830264620526,0.31020384149294256,-0.16234259399834522
20000,25,1.2008422179840557,0.3149492564224206,-0.16624257727591726
50000,-20,-0.802883365821041,0.24204436422594272,0.06598345859846133
50000,-19.5,-0.7857291718559106,0.2362926474032454,0.06176256228752084
50000,-19,-0.768590609523666,0.23048862798566425,0.057625012863521854
50000,-18.5,-0.7514868234244669,0.22463366447785027,0.053572262520307314
50000,-18,-0.7344395295643258,0.21872789002874754,0.04960311450685978
50000,-17.5,-0.7174752599023266,0.21276954376156554,0.04571400612677003
50000,-17,-0.7006279198047121,0.20675432925862786,0.041899446082452316
50000,-16.5,-0.6839414146183654,0.20067485607913546,0.038152553523815726
50000,-16,-0.6674720035066484,0.19452021846211645,0.03446563503620828
50000,-15.5,-0.6512899751627323,0.18827576552782718,0.03083072898930409
50000,-15,-0.6354802764767336,0.18192311888125293,0.027240043363486604
50000,-14.5,-0.6201419621476458,0.175440497723908,0.023686218131757635
50000,-14,-0.6053868827432388,0.168803425010097,0.02016236836063621
50000,-13.5,-0.5913389386260168,0.1619859233891089,0.016661921840796883
50000,-13,-0.5781363324428314,0.1549623788475642,0.013178350897470987
50000,-12.5,-0.5659399983866431,0.1477103573995806,0.009704973943419395
50000,-12,-0.5549508394771719,0.14021482370071447,0.006235014919519152
50000,-11.5,-0.5454358403032858,0.13247458374736013,0.0027620517196553507
50000,-11,-0.5377589233514705,0.12451292609882247,-0.0007192623635362508
50000,-10.5,-0.532405377206027,0.1163970234097624,-0.004214594374379858
50000,-10,-0.5299537015109166,0.10826794788994362,-0.007749519134451868
50000,-9.5,-0.5307595111372061,0.10031997334872407,-0.011461266274768374
50000,-9,-0.5337526182504135,0.09240350887355715,-0.015728123192464114
50000,-8.5,-0.5361390712551684,0.08316596804877907,-0.02090835060889249
50000,-8,-0.5395857532005812,0.07146945018276356,-0.028111878102485187
50000,-7.5,-0.542479639652387,0.05888963223882697,-0.03762591028365138
50000,-7,-0.5270685177558179,0.04694421327064601,-0.042892834077159644
50000,-6.5,-0.4988342206406876,0.03755677918227886,-0.04488090549336003
50000,-6,-0.4600475041045404,0.031917372849521994,-0.045376314948561994
50000,-5.5,-0.41333934288617535,0.028292755355969403,-0.04518347038131006
50000,-5,-0.3617292703336623,0.025718444150687362,-0.044939820884559
50000,-4.5,-0.3069623046802,0.02380176659038488,-0.04496945601953646
50000,-4,-0.25009315081904493,0.022311835948318714,-0.04541911853440049
50000,-3.5,-0.19185818051032202,0.021119769963365488,-0.04634037744862542
50000,-3,-0.13298092528467623,0.02014154800082908,-0.04764646321248998
50000,-2.5,-0.07460656171819928,0.019253550946872738,-0.04891777799783176
50000,-2,-0.017698300690415503,0.01835503081778303,-0.04945738329429884
50000,-1.5,0.03685473650964878,0.017476281731794358,-0.04887920066600091
50000,-1,0.0890865964762692,0.016730887063193575,-0.0474621404001431
50000,-0.5,0.14405144687978563,0.01624944177914073,-0.046690573757651156
50000,0,0.20396814665909763,0.016171023369878863,-0.04705533050743192
50000,0.5,0.26400092399721525,0.016328701376722498,-0.04753585985704824
50000,1,0.32102087362550985,0.01657055268940177,-0.04746227374723544
50000,1.5,0.37497229522234976,0.016865931177185232,-0.046774126872495235
50000,2,0.42681538548937287,0.017225633591382773,-0.04566174676930555
50000,2.5,0.47744606467141737,0.0176668989642738,-0.04434635167087482
50000,3,0.5274096308883207,0.018198463897073445,-0.043006609749168874
50000,3.5,0.5769462796705902,0.018819406624970805,-0.041745064735904905
50000,4,0.6259192350914242,0.019562739864206025,-0.04054044301476306
50000,4.5,0.6732364929476791,0.020620186596888804,-0.03922441101826818
50000,5,0.716736350846247,0.022294526831065746,-0.03769009106193996
50000,5.5,0.7570427236749628,0.02436190624632682,-0.03621143803842871
50000,6,0.7980027637174388,0.026271957415347432,-0.034931557500907665
50000,6.5,0.8397544376036419,0.028085548037644483,-0.03348971193465647
50000,7,0.8805363098867781,0.030084747772106745,-0.0316368682949507
50000,7.5,0.9193032031107871,0.03239777293486945,-0.0294121548426061
50000,8,0.9555038262075668,0.03507878084749443,-0.026933337389772938
50000,8.5,0.9885328743864801,0.03818413737782987,-0.024315037115790562
50000,9,1.0171512531629325,0.04180638242204204,-0.021644961990749088
50000,9.5,1.0388116252109956,0.04610194648897871,-0.01898215191535986
50000,10,1.049433393575418,0.0513472414779454,-0.016461064080642667
50000,10.5,1.0451188221624037,0.05808434537473483,-0.014655062269701351
50000,11,1.0259356108612065,0.06739887543225256,-0.015012128952027892
50000,11.5,0.9949091783420967,0.0809947240964257,-0.019388486340001506
50000,12,0.9472614448719632,0.09955295233193225,-0.029079476013817142
50000,12.5,0.8971856513762749,0.1195033453295348,-0.04326248149933228
50000,13,0.8827019682832756,0.13510604576524501,-0.053525394468871314
50000,13.5,0.881039366195935,0.14782290520268723,-0.060141469400129634
50000,14,0.8844512740209114,0.15805260851140626,-0.0656952712144497
50000,14.5,0.8906336421793113,0.16722746857753512,-0.07058600807614587
50000,15,0.8980297948007897,0.1762039276623777,-0.07531635162243239
50000,15.5,0.9066600154413968,0.1849284897240794,-0.08004805632776135
50000,16,0.9166886893600439,0.19326089750606876,-0.08477001590620564
50000,16.5,0.9280371765629231,0.2011793890667734,-0.08946241064542261
50000,17,0.9405196711062842,0.2087232569418927,-0.09412491988575647
50000,17.5,0.953961127267617,0.21593999904724118,-0.09876694818015827
50000,18,0.9682269643534317,0.22286713709279293,-0.10339857635930443
50000,18.5,0.9832113543504581,0.22953164184019131,-0.10802741434339316
50000,19,0.9988191411912012,0.23595456750460297,-0.11265866553832946
50000,19.5,1.014954224635339,0.24215549618551907,-0.11729589670738086
50000,20,1.0315157097101024,0.24815511014425007,-0.12194144373793872
50000,20.5,1.0483993153314506,0.2539758758008568,-0.1265963368551105
50000,21,1.0655011746563925,0.25964144436294745,-0.13125999517661827
50000,21.5,1.082721936128158,0.2651754584187814,-0.13592996133935248
50000,22,1.0999700159811412,0.2706002905155052,-0.14060183437181395
50000,22.5,1.1171636020756746,0.27593601254333433,-0.1452694354620942
50000,23,1.1342314739479917,0.28119970612813644,-0.14992515797053357
50000,23.5,1.1511129172250896,0.2864051081451648,-0.15456041804246784
50000,24,1.167757052682927,0.29156253279376193,-0.15916612345130363
50000,24.5,1.1841218529393198,0.2966789983244624,-0.16373309891854157
50000,25,1.2001730427811,0.3017584914544081,-0.16825243216828256
50000,-20,-0.7968029142633395,0.24308332398780239,0.06427128388815477
50000,-19.5,-0.7797293425310483,0.2377989790092748,0.05996883227333829
50000,-19,-0.7627179806509337,0.2324510679007073,0.05574761940334305
50000,-18.5,-0.7457932732788675,0.2270364321467991,0.051613093542823375
50000,-18,-0.7289784560307032,0.22155134389625813,0.047569496270171846
50000,-17.5,-0.7122961430951442,0.21599127872898372,0.04361999438998844
50000,-17,-0.6957691917747992,0.21035059569788103,0.0397665809551445
50000,-16.5,-0.6794219503350154,0.20462209208875157,0.03600959467124286
50000,-16,-0.6632821205363731,0.1987964695300509,0.03234687459789412
50000,-15.5,-0.6473835237945216,0.19286185358919383,0.028772838977793952
50000,-15,-0.6317699092451586,0.18680359294914756,0.02527798797135352
50000,-14.5,-0.6164995815129277,0.18060458392427806,0.021849266683156798
50000,-14,-0.6016503172402229,0.17424629837925895,0.018471328506868074
50000,-13.5,-0.5873242855135542,0.1677104408569945,0.015128205797184418
50000,-13,-0.5736541713021701,0.16098053052035333,0.011804477512734389
50000,-12.5,-0.5608149155070926,0.15404172007620046,0.008484734954347367
50000,-12,-0.5490490227051018,0.1468768572840347,0.005149949021746118
50000,-11.5,-0.53871045166486,0.13945984721957133,0.0017701117439107947
50000,-11,-0.5303087476565912,0.13175645627387317,-0.001703352313052632
50000,-10.5,-0.5244840141069836,0.12375238688343408,-0.005334903212388144
50000,-10,-0.5218106576054896,0.11550626773748691,-0.009190962862145335
50000,-9.5,-0.5223992505147405,0.10711045515531817,-0.013380593306620375
50000,-9,-0.5253097928753079,0.09832670261010985,-0.018225401271836382
50000,-8.5,-0.5282382249181633,0.08825466252385766,-0.02411782646492352
50000,-8,-0.5295458145018829,0.07660163012304871,-0.03081174541107239
50000,-7.5,-0.5289018202641873,0.06502307714196025,-0.03789973118836987
50000,-7,-0.5180410986726622,0.054919694541462984,-0.04375982220178017
50000,-6.5,-0.4919917466652552,0.04558050350408726,-0.04547904771846303
50000,-6,-0.4610869793485329,0.037718738911521214,-0.04550305747814611
50000,-5.5,-0.42438812635145234,0.03250572911075665,-0.04453923362855387
50000,-5,-0.3834082628453351,0.028764225387886717,-0.04257154003874177
50000,-4.5,-0.33988508824014385,0.025942112049663915,-0.04025141287009755
50000,-4,-0.2947739659390896,0.023815815331657414,-0.038246515976241346
50000,-3.5,-0.2492293704229092,0.022117905066208914,-0.03701394325989021
50000,-3,-0.2051803783864999,0.02052442352446283,-0.03616382074601644
50000,-2.5,-0.16434279958690828,0.01849563323214737,-0.033539451569747206
50000,-2,-0.11386975806730917,0.0169733301954661,-0.031734205212915936
50000,-1.5,-0.040487989949967884,0.016685618551981918,-0.03515716861697476
50000,-1,0.0289057355058491,0.01668718709827712,-0.038245578862441676
50000,-0.5,0.09023853457852296,0.01671009414457486,-0.039960493021885236
50000,0,0.15423331339775265,0.016844203350055514,-0.042104073550868544
50000,0.5,0.22369144761960996,0.017048928035625226,-0.045105431311547255
50000,1,0.29564256875694583,0.01728094100503743,-0.0483234743379446
50000,1.5,0.36623788336688584,0.017535158430978675,-0.05098221459171848
50000,2,0.4330261641558619,0.0178211894014975,-0.052617215535244496
50000,2.5,0.4951575985150646,0.01813689461600446,-0.05309217976601259
50000,3,0.5526140274224735,0.01846437477438728,-0.052413369879662865
50000,3.5,0.6056893623983397,0.018799889151453798,-0.05065681687633896
50000,4,0.6549397125182181,0.01918984139933454,-0.048084768164572377
50000,4.5,0.7012298861799413,0.019659115056525837,-0.04512644308545034
50000,5,0.7448718849436055,0.020198653935429717,-0.04193552771173994
50000,5.5,0.7828562913902921,0.021489700646773233,-0.03825686993198667
50000,6,0.8117463947163956,0.0243609907419013,-0.034604586771950704
50000,6.5,0.8408905245496354,0.02759323582635211,-0.03190473692962718
50000,7,0.8767411315617382,0.03053687953193494,-0.02973694705277679
50000,7.5,0.9168266137220746,0.03358258432346761,-0.027584262391543414
50000,8,0.9581832342535181,0.03709744279797154,-0.025413836787411336
50000,8.5,0.9976203036060316,0.041317036980019546,-0.023216950425821607
50000,9,1.0304309932923188,0.04635006971133216,-0.020792625577029412
50000,9.5,1.0505918658214626,0.052189703209920196,-0.01791005008571906
50000,10,1.0531382659966126,0.05882292475478975,-0.014639713317702785
50000,10.5,1.0384127832378423,0.06654663455655017,-0.01185150487327143
50000,11,1.0109491230920398,0.07658180854001466,-0.011472206229298093
50000,11.5,0.9697792816467606,0.0903787701806204,-0.015920482267247675
50000,12,0.9172377890179618,0.10767146183104705,-0.02661618176224271
50000,12.5,0.8845389616219597,0.12434515743384825,-0.03920281622419838
50000,13,0.8769563837437372,0.13856952594271313,-0.04840248900469811
50000,13.5,0.8781090946420697,0.1511017727087804,-0.05560616888276122
50000,14,0.8825966878171027,0.1617968374515075,-0.06195846943778989
50000,14.5,0.8881979094289735,0.17158670275460125,-0.06768492262977077
50000,15,0.8943465370218722,0.1813192633956659,-0.0731894973809107
50000,15.5,0.9019403170712683,0.19083729482408618,-0.07857990330603902
50000,16,0.9116350392910021,0.19970882261527245,-0.0837556791295978
50000,16.5,0.9232903879854392,0.20778715995454125,-0.08866740039472973
50000,17,0.9364236864877789,0.21517463057226818,-0.09335889115400722
50000,17.5,0.9506186980576219,0.2220306351868547,-0.09790500395494779
50000,18,0.9656061687682047,0.22847737789576783,-0.10236796436817834
50000,18.5,0.9812028281345418,0.23459413723387554,-0.10678918558134227
50000,19,0.9972579555516531,0.240436238970804,-0.11119537690658701
50000,19.5,1.0136346569122683,0.24604910437535277,-0.1156050603855785
50000,20,1.0302096415364956,0.2514736628706119,-0.12003209212952573
50000,20.5,1.0468770259728675,0.25674668753124014,-0.1244868039097603
50000,21,1.0635502957292369,0.2618994433694851,-0.12897589001616344
50000,21.5,1.0801614855963486,0.2669566087715414,-0.13350185648593688
50000,22,1.096658381332527,0.2719362315137125,-0.13806258840211943
50000,22.5,1.1130008491509693,0.2768506539716925,-0.1426514011635321
50000,23,1.129157205636722,0.28170792741974277,-0.1472577140273887
50000,23.5,1.1451012124090791,0.28651321100382166,-0.1518682278480122
50000,24,1.160809950468826,0.29126985086732116,-0.15646831029224556
50000,24.5,1.1762625586443771,0.29598005785310366,-0.1610432685624139
50000,25,1.1914396483129854,0.3006452425093759,-0.16557929801654464
50000,-20,-0.7986061901605086,0.24474984967189775,0.06442643052213437
50000,-19.5,-0.7815799755070374,0.2395083032347885,0.06030826008129603
50000,-19,-0.7646384209870007,0.23423434727310344,0.056273643540340236
50000,-18.5,-0.7478061582976945,0.2289302234052663,0.052326072800790116
50000,-18,-0.7311079473114346,0.22359639095775966,0.04846704174937196
50000,-17.5,-0.7145698637095378,0.21823070536070804,0.04469615649377094
50000,-17,-0.6982207835403146,0.21282762945532246,0.041011387060559276
50000,-16.5,-0.6820940254067637,0.2073776083087858,0.03740948248652431
50000,-16,-0.6662288805028657,0.20186675045358451,0.03388658440652325
50000,-15.5,-0.6506715641189965,0.19627697214092313,0.030439087334233055
50000,-15,-0.6354748782455122,0.19058679281411126,0.02706478676429671
50000,-14.5,-0.6206957295925911,0.1847729983208076,0.02376428446755053
50000,-14,-0.6063899537722948,0.17881331245479676,0.020542422712987025
50000,-13.5,-0.5926050599215636,0.1726898983580824,0.017409199997701772
50000,-13,-0.579373353301441,0.16639296973349102,0.014379435456190071
50000,-12.5,-0.566709036962843,0.15992341036460925,0.011470974295944143
50000,-12,-0.5546117350308765,0.15329362138999844,0.008702822415122418
50000,-11.5,-0.5430761375806288,0.14652688312671897,0.00609642793387336
50000,-11,-0.5321060921496032,0.13965654969668184,0.003683537135041674
50000,-10.5,-0.5217326130067128,0.1327263395450616,0.0015213518767416834
50000,-10,-0.5120379636234866,0.12579130801086727,-0.00029111350590614317
50000,-9.5,-0.5031903569435756,0.11891657086404074,-0.0016141170980650322
50000,-9,-0.4954729894061617,0.11217149278555973,-0.00231076849269784
50000,-8.5,-0.48919785926050974,0.10562387092776258,-0.002328021037723803
50000,-8,-0.4842967268093377,0.09933441751214776,-0.0017668964919053231
50000,-7.5,-0.4796929758144837,0.09332435470536943,-0.0009322151445473825
50000,-7,-0.4740967160973844,0.08749149575932612,-0.0005278980564195124
50000,-6.5,-0.46945384351103986,0.08106907696730209,-0.0018432482772760578
50000,-6,-0.4680692407856926,0.07089487423116186,-0.007493591135032135
50000,-5.5,-0.45784421980680384,0.0554765499860447,-0.02417199399095828
50000,-5,-0.4148003048258831,0.04148355954263099,-0.03790291223920546
50000,-4.5,-0.3684837992896761,0.03318162303887379,-0.04129058030355424
50000,-4,-0.3162182403429979,0.028309899267593752,-0.04080859820040887
50000,-3.5,-0.2591844075041848,0.024811838068500295,-0.03977502925970916
50000,-3,-0.2058206109600269,0.021889092731024826,-0.03795293070171714
50000,-2.5,-0.16897857725441023,0.018694804555750986,-0.032493403453321336
50000,-2,-0.11270238386157169,0.016630668377697354,-0.031240126350680925
50000,-1.5,-0.0537336136496083,0.01617641477799196,-0.03232311343710507
50000,-1,-0.012039656721020753,0.0163917692540113,-0.03108769490283163
50000,-0.5,0.026813792048646867,0.016949084978597803,-0.029677330046897387
50000,0,0.06523105686461061,0.017657835397915718,-0.02846954689757105
50000,0.5,0.10248294753724982,0.018500799348977897,-0.027320642126839056
50000,1,0.14062737657124108,0.019531136377917677,-0.0265981675369134
50000,1.5,0.18695764826541822,0.02080972597081984,-0.02759081725941892
50000,2,0.2518177800858098,0.022349487530915688,-0.032058235019525934
50000,2.5,0.33897460735191004,0.02404438759811638,-0.04042374811885514
50000,3,0.4402041636036159,0.02563834753785496,-0.05067256076891793
50000,3.5,0.5442977208829757,0.026658191345011947,-0.05971311908507708
50000,4,0.6435676775119912,0.026442870296090718,-0.06459349975534112
50000,4.5,0.7244799951531573,0.025079175835058982,-0.0629596637807204
50000,5,0.7753897129798539,0.023587130846592173,-0.055398446192432435
50000,5.5,0.8049005978363591,0.022942638918298956,-0.045041865216583134
50000,6,0.8306019285590593,0.024927808471710854,-0.035366029061512885
50000,6.5,0.8689257335511822,0.0288871771668679,-0.03018017972287031
50000,7,0.9179267926480783,0.03381614765101397,-0.0282219015640644
50000,7.5,0.9674218903725683,0.04011621928184398,-0.026905147647256645
50000,8,1.0067169946885124,0.04787231920251099,-0.024791742585776343
50000,8.5,1.0280687919772196,0.056789895640274916,-0.021669721720804665
50000,9,1.0258540046795976,0.06666241341913474,-0.01855965606769147
50000,9.5,0.9755115725243562,0.08193968706012948,-0.020832851059847567
50000,10,0.8666031411959687,0.10785000578469833,-0.037259110491336116
50000,10.5,0.8060372931038567,0.12982158496913854,-0.05395462060793288
50000,11,0.7870189520011387,0.14368664544129034,-0.061853727251924326
50000,11.5,0.7889970703319666,0.1512448435504195,-0.06518160535455783
50000,12,0.7982069272292929,0.1572795686701393,-0.06713423575863593
50000,12.5,0.8096186899008422,0.16375857839342084,-0.06880096980600184
50000,13,0.8220145195053887,0.1705911440919,-0.0704924879200419
50000,13.5,0.8348176811868597,0.17747870624905376,-0.07241581544943497
50000,14,0.8476783021867008,0.18430470244824335,-0.07474444121294556
50000,14.5,0.8605275528631938,0.1910430231048075,-0.07753535384006792
50000,15,0.8735262493660323,0.19767065466056585,-0.08072017095216906
50000,15.5,0.8868913658596794,0.20415560679044145,-0.0841888317270015
50000,16,0.9007708954696244,0.2104708599470527,-0.08785587838985996
50000,16.5,0.9152183723060021,0.21660241522767915,-0.09167186147108108
50000,17,0.9302155062250013,0.2225500655902141,-0.09561042212279831
50000,17.5,0.945702142662885,0.22832468506084352,-0.09965511411869507
50000,18,0.9615995596184148,0.2339440972178354,-0.10379235087520647
50000,18.5,0.9778249487791384,0.23942895069263656,-0.10800931569127852
50000,19,0.994298865272142,0.24479961792513713,-0.11229410431962872
50000,19.5,1.0109482618687768,0.2500744620397854,-0.1166361394809143
50000,20,1.0277072032004257,0.2552692377717344,-0.12102613472740054
50000,20.5,1.044516544948226,0.2603971526441829,-0.1254556677989223
50000,21,1.0613232543111144,0.2654691584107984,-0.12991664769436184
50000,21.5,1.0780796930887115,0.27049420529248297,-0.13440088965072247
50000,22,1.0947429933243094,0.275479354993049,-0.13889988189209745
50000,22.5,1.111274553482316,0.2804297653126279,-0.14340473576153762
50000,23,1.127639633846639,0.2853486205188948,-0.14790626890895892
50000,23.5,1.1438070152292377,0.29023709354909916,-0.15239516352622418
50000,24,1.1597486917545428,0.2950944022952374,-0.15686215109332122
50000,24.5,1.1754395837296678,0.29991798147752396,-0.1612981902471967
50000,25,1.1908572701823832,0.304703752823582,-0.165694618865309
100000,-20,-0.8080415395001901,0.24397433589344988,0.0681029849718204
100000,-19.5,-0.7908482835259514,0.23801567185814893,0.06384871459797936
100000,-19,-0.7736657242567334,0.2319944073331691,0.05966858667127141
100000,-18.5,-0.75650829309658,0.2259108332125916,0.05556181860930306
100000,-18,-0.7393928972126049,0.2197646485272521,0.05152544786397456
100000,-17.5,-0.7223418206431367,0.2135543444459179,0.047554963608653175
100000,-17,-0.7053861263978038,0.20727653122240883,0.043645104533012256
100000,-16.5,-0.6885692630319077,0.20092525247893747,0.039790726665150475
100000,-16,-0.67195041141713,0.1944913441309258,0.03598761896931456
100000,-15.5,-0.6556069670817162,0.18796191459471726,0.03223312388343412
100000,-15,-0.639635562249204,0.18132003914261355,0.028526411786107226
100000,-14.5,-0.6241514019168071,0.17454475405522046,0.024868276150543198
100000,-14,-0.6092866789241668,0.1676113804110921,0.021260371400368235
100000,-13.5,-0.5951905674434873,0.1604921050175967,0.01770389971720678
100000,-13,-0.5820354098365838,0.15315670901353548,0.014197830029857927
100000,-12.5,-0.5700349985774738,0.14557370710326875,0.01073677553064795
100000,-12,-0.5594794391963223,0.1377135474643754,0.007308729353547494
100000,-11.5,-0.5507862751860583,0.12955842249521504,0.0038931071696716793
100000,-11,-0.5445640406356987,0.121126828961813,0.0004595252152185078
100000,-10.5,-0.5416870256869739,0.11251933247155765,-0.0030373625565808275
100000,-10,-0.5432888792186084,0.10395677360900443,-0.006703416997478265
100000,-9.5,-0.549726261287641,0.09560598986401744,-0.010902564050757771
100000,-9,-0.5559161040994365,0.08660397670172264,-0.0164913829989445
100000,-8.5,-0.5562923113766727,0.07403053756055404,-0.02509522824981576
100000,-8,-0.5803278677702108,0.05532593499527385,-0.039648730273367884
100000,-7.5,-0.5771162681128443,0.0370390202728327,-0.04658591438738304
100000,-7,-0.5419616946469997,0.029109299747193177,-0.048422031373240706
100000,-6.5,-0.4963102202381359,0.0251050178280321,-0.04907158749620193
100000,-6,-0.44476212758828,0.022283393971880828,-0.04950560426772781
100000,-5.5,-0.38956224423808583,0.02017968812569937,-0.05003347714912826
100000,-5,-0.3322388460059334,0.018575928820874,-0.05065164206614301
100000,-4.5,-0.2740735983797373,0.017327347513349824,-0.05124035097732889
100000,-4,-0.21616869020077595,0.0163487589949538,-0.051653028959014746
100000,-3.5,-0.15929424788468685,0.015581607051037503,-0.051798144765947726
100000,-3,-0.10355421071125746,0.014974039922180951,-0.05173469020758601
100000,-2.5,-0.0483961402495038,0.014478955504389665,-0.051659361180039554
100000,-2,0.006756334465557526,0.014055267446727313,-0.05168203437089236
100000,-1.5,0.06221447740130878,0.01368840402493996,-0.05163969044205898
100000,-1,0.11678704014290883,0.013281085866474142,-0.05115842817002484
100000,-0.5,0.16861684440797178,0.012773261240113213,-0.04994594358451924
100000,0,0.2184149591033783,0.012305483189777108,-0.048290839042449955
100000,0.5,0.271038463676679,0.012098009760277171,-0.04736006927427541
100000,1,0.3280384382487808,0.01220665213571389,-0.04736549823103475
100000,1.5,0.3858508860396581,0.012502048662072943,-0.04764887657214695
100000,2,0.4416220626063787,0.0128819506832641,-0.047636369003245374
100000,2.5,0.494724656436871,0.013313927457796769,-0.04716259416531447
100000,3,0.545618995070695,0.013828978116627335,-0.04629219320279825
100000,3.5,0.5948264321093985,0.014543657916574896,-0.04512855855851515
100000,4,0.6422183474736767,0.01558750177904271,-0.04380664543712184
100000,4.5,0.6877047157081735,0.016894073425928087,-0.042624910382998274
100000,5,0.7336777576373607,0.01814842277861691,-0.041709724700321874
100000,5.5,0.7808503405863078,0.01927146595873435,-0.04072437269184476
100000,6,0.8277649629942306,0.020445566843682133,-0.03945251819756181
100000,6.5,0.8736959105087809,0.02176555411719695,-0.03795238682216279
100000,7,0.9184202727336348,0.02325769770145498,-0.03627896191008677
100000,7.5,0.9617053072149793,0.024941424630394157,-0.034448228971092065
100000,8,1.0031855841188366,0.026849024694251072,-0.03246407256148217
100000,8.5,1.042385796366113,0.029026843526134508,-0.03032417261878227
100000,9,1.0786916807249822,0.03153398787911664,-0.028013527709122955
100000,9.5,1.1110996941057172,0.034445735609144344,-0.02549080991731461
100000,10,1.1376662050530846,0.037865340749586134,-0.022672661262141784
100000,10.5,1.154823107152368,0.0419637566530136,-0.01946569257790393
100000,11,1.1575956710361268,0.047095737860616105,-0.01603229875423256
100000,11.5,1.1428755180283852,0.054034354479102355,-0.013512616417974289
100000,12,1.11406111517839,0.06430219460085762,-0.014583239189877029
100000,12.5,1.0668176864091192,0.08240560967051772,-0.022853142359362134
100000,13,0.9576367790492506,0.11455770315186203,-0.042589981682991704
100000,13.5,0.9097957202316265,0.1385191526021676,-0.059724570250595146
100000,14,0.9040829384673789,0.15329497004936496,-0.066671125588591
100000,14.5,0.9053521497635116,0.16420024326531904,-0.072005194853235
100000,15,0.9101149449354902,0.17412781251653525,-0.07700339924092496
100000,15.5,0.9166931773952467,0.1838819367659525,-0.08199328192793084
100000,16,0.9251186586139548,0.19316574352465776,-0.08695202372896486
100000,16.5,0.935386188615291,0.2018232842401837,-0.09183043424717878
100000,17,0.9473032111928322,0.20987301674272887,-0.0966238302233909
100000,17.5,0.9606153497537809,0.21739289067044767,-0.10134945065604958
100000,18,0.9750667322579838,0.22446933876898145,-0.1060292649807613
100000,18.5,0.9904202487112921,0.2311819422348721,-0.11068372737956444
100000,19,1.0064653707466265,0.23759951620750205,-0.11532999013063731
100000,19.5,1.0230208196186923,0.24377961703814993,-0.11998133048985493
100000,20,1.0399337798118347,0.24976935093952057,-0.124646890574634
100000,20.5,1.0570769754692926,0.2556067492108514,-0.12933161304893243
100000,21,1.074344858835092,0.26132229239486426,-0.13403640146551363
100000,21.5,1.0916497764258861,0.2669403248348917,-0.13875851149227847
100000,22,1.1089185621631643,0.27248022759085216,-0.14349213456303042
100000,22.5,1.1260897169045825,0.27795731075226665,-0.14822910411300672
100000,23,1.1431111744471574,0.2833834474469517,-0.15295964293341918
100000,23.5,1.1599385811258034,0.2887675064967312,-0.15767307647664555
100000,24,1.1765339910500163,0.2941156527302965,-0.16235845550535885
100000,24.5,1.192864878474112,0.29943157811785737,-0.1670050552214468
100000,25,1.2089033802965226,0.3047167100780387,-0.17160274066911796
100000,-20,-0.7985467402140484,0.24526651689349843,0.06712539310854397
100000,-19.5,-0.7813808859949338,0.23968804319905898,0.06277291737802183
100000,-19,-0.7642859015299919,0.23401857275189084,0.05849717413373564
100000,-18.5,-0.7472826978979734,0.2282535451972199,0.0543008709372126
100000,-18,-0.7303920818604932,0.22238796062724503,0.05018478687068184
100000,-17.5,-0.7136365356282621,0.21641626924861423,0.04614804423486707
100000,-17,-0.6970423988075598,0.21033235834638558,0.04218842697150577
100000,-16.5,-0.6806422246376924,0.20412962765075723,0.03830267641271179
100000,-16,-0.6644769928000348,0.19780109730518264,0.034486721774843396
100000,-15.5,-0.6485978466623571,0.19133947226869202,0.030735847216381
100000,-15,-0.6330671340046294,0.18473713119977003,0.027044822041537686
100000,-14.5,-0.6179588145073793,0.1779861180363287,0.023407988901243945
100000,-14,-0.6033588356898988,0.1710783130659566,0.019819224181764634
100000,-13.5,-0.5893669848873871,0.1640059194163807,0.016271617077281565
100000,-13,-0.5761029869850235,0.15676217503646137,0.012756717248982469
100000,-12.5,-0.5637208658550579,0.1493419618177412,0.009263255130746656
100000,-12,-0.5524361563154824,0.14174210821135347,0.005775241193675297
100000,-11.5,-0.5425701558859213,0.13396208651841557,0.002269187665158874
100000,-11,-0.5346148356229397,0.126007682510063,-0.0012902740675221403
100000,-10.5,-0.529319072933955,0.11790156968601168,-0.004958828941340919
100000,-10,-0.5277476193849232,0.10969290763979302,-0.008835822398473862
100000,-9.5,-0.5308835989329967,0.10136988025763524,-0.01313970965354137
100000,-9,-0.5371194471851893,0.0923026787522089,-0.01833368999531385
100000,-8.5,-0.5405935909583631,0.08035943947447503,-0.025081738414864135
100000,-8,-0.5488875042424581,0.06483392916638875,-0.03487682700496737
100000,-7.5,-0.5612678969293307,0.04946540648259859,-0.04459312978977163
100000,-7,-0.5409003133607381,0.036889989852430645,-0.0462136850339578
100000,-6.5,-0.510186847729258,0.029998574671272062,-0.04589283829966129
100000,-6,-0.4728999943121992,0.02602235705962918,-0.04437910940593011
100000,-5.5,-0.43148442533737824,0.02313030698017441,-0.042338433226386175
100000,-5,-0.38614695504877566,0.02093938266398351,-0.04056832706772209
100000,-4.5,-0.336896083360275,0.019257080868431673,-0.03947172354391286
100000,-4,-0.28382414904196557,0.017907195065300755,-0.03923686042627715
100000,-3.5,-0.22687618261041523,0.016760245809665647,-0.04005660891080796
100000,-3,-0.16620073685169068,0.01574847026994066,-0.04196537013230349
100000,-2.5,-0.10365315460315361,0.014717636027774443,-0.04421385041339648
100000,-2,-0.0444905891567756,0.013313761428507237,-0.044548432707656474
100000,-1.5,0.01653094100227559,0.012131036056553666,-0.044983889638327904
100000,-1,0.09593560258658099,0.011760695443685736,-0.04944221163434996
100000,-0.5,0.17325139332958195,0.0116735436357352,-0.05362014009197195
100000,0,0.2387157829462033,0.0115642835390846,-0.05542779880362012
100000,0.5,0.29727428797067057,0.01151518754452084,-0.055642020620100464
100000,1,0.3530533852251486,0.011562945395322814,-0.05511336546440783
100000,1.5,0.40750573565683695,0.011696306773599825,-0.054233147821806146
100000,2,0.46081528092507096,0.011899923694793086,-0.053113976036560664
100000,2.5,0.5127766075708923,0.012174938961504567,-0.05174898455850828
100000,3,0.5632511642662168,0.01254470674600544,-0.050144914729407616
100000,3.5,0.6125768836322225,0.013021295546087986,-0.0484254092279468
100000,4,0.6616063400523183,0.013563079978847474,-0.04675578535924898
100000,4.5,0.7104112022623876,0.014281956535344004,-0.04506391584741404
100000,5,0.755340380947526,0.015812102384390344,-0.04306249839528918
100000,5.5,0.7942590171496805,0.018082311647786512,-0.04131592546769401
100000,6,0.834636395105147,0.020116968360603445,-0.039893251622733744
100000,6.5,0.8768719577191975,0.021941771299874978,-0.03817324276014235
100000,7,0.9183874724858426,0.023916972354984942,-0.03601214751461347
100000,7.5,0.9587607069349537,0.026158103132053665,-0.033628283932157686
100000,8,0.9983927047244829,0.028714662657766118,-0.031195815050235325
100000,8.5,1.0372477507368152,0.0316632616736387,-0.02879856881276352
100000,9,1.0740696610776022,0.03510468587118192,-0.02638680713902449
100000,9.5,1.1059399890806723,0.0391166504756242,-0.02375284083039371
100000,10,1.1279858996305807,0.043749817421874775,-0.020588661669224278
100000,10.5,1.1340889123372553,0.04913576051186549,-0.016727233717892854
100000,11,1.1212853284605169,0.05560523694792217,-0.012799163764164073
100000,11.5,1.0945187189103542,0.06393356946872425,-0.010886298604440686
100000,12,1.0557514975347018,0.07663314061727283,-0.014194880914000441
100000,12.5,0.9818664420327703,0.09772742638500535,-0.02645502851484042
100000,13,0.9182452891902693,0.12179416276687825,-0.04434721591936069
100000,13.5,0.9027821490455983,0.14085146558960068,-0.055796589112816986
100000,14,0.8976690113258978,0.1559112166843381,-0.06338912952937295
100000,14.5,0.8983713712130423,0.1674599715603113,-0.06949718021682391
100000,15,0.9026880429564321,0.17776589385615846,-0.07497677489936921
100000,15.5,0.9095577834950531,0.18755125091690797,-0.08026643946700604
100000,16,0.9186968688224166,0.19667144955573876,-0.0854067906966138
100000,16.5,0.9297582532155545,0.20506736095240272,-0.09038880625429854
100000,17,0.9423497404382076,0.21282598302348893,-0.09523602126298787
100000,17.5,0.9561304702809604,0.22007278902446187,-0.09998564201646014
100000,18,0.9708256981600728,0.2269200574876615,-0.10467248376674528
100000,18.5,0.9862132047785189,0.2334562577469097,-0.10932437533058681
100000,19,1.0021112871170041,0.23974817465105264,-0.1139622381757325
100000,19.5,1.0183716701600285,0.2458447751175782,-0.11860106675117663
100000,20,1.0348744640575314,0.2517806046457666,-0.1232507681249209
100000,20.5,1.05152331385174,0.2575788662134017,-0.1279168037751536
100000,21,1.0682404189825276,0.2632544632538256,-0.13260075254448755
100000,21.5,1.0849618053891874,0.2688169612569232,-0.13730086583695672
100000,22,1.1016333313303197,0.2742731753733797,-0.1420126255440382
100000,22.5,1.1182077257138452,0.27962906015107336,-0.14672929073160762
100000,23,1.1346426956960838,0.28489074329278047,-0.15144242341697886
100000,23.5,1.1508999196668348,0.29006478676749836,-0.15614239470496555
100000,24,1.166944630106424,0.2951579322357294,-0.16081887361005925
100000,24.5,1.1827454957520707,0.30017662420003594,-0.1654612903399583
100000,25,1.1982745916800064,0.30512653262654144,-0.1700592532451321
100000,-20,-0.7980077990845612,0.24351206745125165,0.06607844881148149
100000,-19.5,-0.780924893391239,0.23831209867850403,0.06184942551680441
100000,-19,-0.7639101482717632,0.23304486630597088,0.057694064496539466
100000,-18.5,-0.7469859564403417,0.22770676563794318,0.0536142614423387
100000,-18,-0.7301747207130562,0.22229268470983715,0.0496099075662913
100000,-17.5,-0.7135001776935337,0.21679553105697283,0.04567917481866729
100000,-17,-0.6969889749764455,0.2112058075449296,0.04181892933212681
100000,-16.5,-0.6806723229820593,0.2055113270801571,0.038025225608250876
100000,-16,-0.6645874443068149,0.19969719228092606,0.03429381407864236
100000,-15.5,-0.6487784499027734,0.193746211297719,0.030620579665753638
100000,-15,-0.6332962267525443,0.18763996174476832,0.027001827916198977
100000,-14.5,-0.6181970018664416,0.18136071842393384,0.023434362295448395
100000,-14,-0.6035395518327971,0.17489436704763647,0.01991536280024579
100000,-13.5,-0.5893816422621512,0.16823415933335817,0.016442173904113278
100000,-13,-0.5757771942977894,0.1613846974670631,0.013012194838188723
100000,-12.5,-0.5627766293375343,0.15436501305241795,0.009623068948997246
100000,-12,-0.550433242861005,0.1472094008677552,0.006273257750680503
100000,-11.5,-0.5388176049475673,0.13996514426702553,0.0029629280674533603
100000,-11,-0.528039685804555,0.1326873050022189,-0.0003049715317779547
100000,-10.5,-0.5182751009235476,0.12543164291872377,-0.003523442119516557
100000,-10,-0.5097872725461314,0.11824680763324649,-0.006679979726203908
100000,-9.5,-0.5029288003702627,0.11116589837602633,-0.009756551312465927
100000,-9,-0.4980923098666345,0.10419418417878093,-0.012740013771961567
100000,-8.5,-0.4955861584168114,0.09728100488278793,-0.015669310519027636
100000,-8,-0.495475695279473,0.09025475622053135,-0.018738874015669142
100000,-7.5,-0.49724000068828555,0.08273472190703852,-0.022284104787366005
100000,-7,-0.49773311938634923,0.0740890442504454,-0.026260228488370903
100000,-6.5,-0.49020901696167474,0.06355789344403925,-0.030591533689312646
100000,-6,-0.4757050023424128,0.051034512720040566,-0.03773768975472707
100000,-5.5,-0.44119549904458205,0.03752699005409238,-0.04407186376210317
100000,-5,-0.3937992850730665,0.027920023931612113,-0.04396304485633133
100000,-4.5,-0.34735515822698015,0.023391663142654326,-0.04138473859338035
100000,-4,-0.30212171647276986,0.02038765927190691,-0.03874113571449739
100000,-3.5,-0.25506715246409645,0.01821166272380866,-0.03703292148139346
100000,-3,-0.2093213457963009,0.016557623379059184,-0.03606055669989925
100000,-2.5,-0.17417853273037548,0.014578908947983082,-0.03234176358251414
100000,-2,-0.12789241707422155,0.01290032901678313,-0.02925084675801091
100000,-1.5,-0.05939848333674336,0.012772949572588205,-0.032321502022453805
100000,-1,-0.00665937972212266,0.012883488427305604,-0.03312690680076966
100000,-0.5,0.04405486087030505,0.01315437681323176,-0.03356734319761671
100000,0,0.10964271166312106,0.013554628358632935,-0.03663284516217604
100000,0.5,0.19270370267046288,0.013928067587746723,-0.04274539466824627
100000,1,0.2869587945763033,0.014182729966133654,-0.0505790780636746
100000,1.5,0.3810585849071105,0.01430691791395553,-0.05784874352771233
100000,2,0.4655580830001144,0.014334709902135208,-0.06268613653098172
100000,2.5,0.537131773529814,0.014295786103303126,-0.06442602884842219
100000,3,0.5964177617486357,0.01420141883352164,-0.06320583430339327
100000,3.5,0.6457856033190181,0.014111213748246759,-0.05974055729067366
100000,4,0.689128115498463,0.014159253061405313,-0.055249842401357906
100000,4.5,0.7311109903210514,0.014322128106071792,-0.05071221427932423
100000,5,0.7733240703749633,0.01474795757179389,-0.045974706611609975
100000,5.5,0.8077606127972694,0.016873540728835144,-0.04103528847377197
100000,6,0.8372015498891908,0.02008769628281949,-0.03779835844716203
100000,6.5,0.877872673785404,0.023181354764703115,-0.03573015303176942
100000,7,0.9260568974094499,0.026622840947425144,-0.0340177029915369
100000,7.5,0.9732459091312289,0.031039520831419583,-0.032154331016671076
100000,8,1.0154548359960311,0.03663273209030495,-0.029764477744282824
100000,8.5,1.0516038330908621,0.04336034177677002,-0.026838818258884012
100000,9,1.0742023805781282,0.051921165253658176,-0.0227655121772343
100000,9.5,1.05216664426385,0.06545890374217038,-0.018849978830755957
100000,10,0.9812735507097591,0.08080738793145564,-0.019908596997178347
100000,10.5,0.9156085535423163,0.09571046729357788,-0.024720263037273368
100000,11,0.8621841111579467,0.11437532568440652,-0.03380081204161427
100000,11.5,0.8307346607012333,0.13220233985124677,-0.0439281846441171
100000,12,0.8230683332116004,0.14412965356876684,-0.05140096073379948
100000,12.5,0.8276351043843765,0.15248187206264466,-0.0565051374542932
100000,13,0.8361864293561156,0.16005933385633736,-0.06054559445698896
100000,13.5,0.8457366752049605,0.16770093125412358,-0.06433807731847482
100000,14,0.8556114448680188,0.1753910618105261,-0.0682144129377654
100000,14.5,0.8658953771676026,0.18297293628349148,-0.07224580687812095
100000,15,0.8768216241732731,0.19033637838209955,-0.07640669643761375
100000,15.5,0.8885624642332365,0.19743043455580828,-0.08065660071506388
100000,16,0.9011869640792777,0.20424415822544612,-0.08496581795581616
100000,16.5,0.9146770682688304,0.21078960675715072,-0.08931732899848435
100000,17,0.9289575290047305,0.2170902518396001,-0.09370297831175307
100000,17.5,0.9439232996964446,0.22317348939127268,-0.09811978664718286
100000,18,0.9594592140474224,0.2290662496399995,-0.10256734198067381
100000,18.5,0.9754518479361441,0.23479285154375903,-0.10704607911705652
100000,19,0.9917955146709594,0.24037425857194258,-0.11155617368888053
100000,19.5,1.0083945824574558,0.24582807442064342,-0.11609685110317695
100000,20,1.0251637814532795,0.25116887193424636,-0.12066598336403792
100000,20.5,1.042027557838265,0.25640864331653473,-0.12525990041033103
100000,21,1.0589190757683888,0.26155726539701,-0.1298733743952966
100000,21.5,1.0757791791453921,0.26662292033628143,-0.1344997469148937
100000,22,1.0925554552408703,0.2716124346773798,-0.13913116776929177
100000,22.5,1.1092014467298466,0.27653151782703433,-0.14375890817185352
100000,23,1.1256760086896027,0.2813848999922151,-0.14837370801401767
100000,23.5,1.1419427849057455,0.28617638653617145,-0.15296611887973605
100000,24,1.1579697719781898,0.29090885641364767,-0.15752681182202316
100000,24.5,1.1737289425724255,0.2955842348554773,-0.16204682940548878
100000,25,1.189195905735268,0.3002034659887671,-0.16651777259292241
200000,-20,-0.8088278961713036,0.24302042454193024,0.06928891898565297
200000,-19.5,-0.7914420471216723,0.2371450380449155,0.0651014910505721
200000,-19,-0.7740478505471521,0.23120861363154163,0.06098126553568618
200000,-18.5,-0.7566682852276543,0.225208239595656,0.05692482230727478
200000,-18,-0.7393356672470719,0.2191395319882805,0.05292738489176972
200000,-17.5,-0.7220958925482228,0.21299579239497504,0.048983802119556094
200000,-17,-0.7050122471247584,0.20676717548225176,0.04508956895199145
200000,-16.5,-0.6881676126142449,0.20043999879454596,0.041241673977107804
200000,-16,-0.6716637018806408,0.19399635082242103,0.037439052063711134
200000,-15.5,-0.6556164974901164,0.1874141152304825,0.03368251467475229
200000,-15,-0.6401489439976131,0.18066737064774951,0.029974255551114125
200000,-14.5,-0.6253851628571506,0.17372684880788855,0.0263172678851513
200000,-14,-0.6114534873588835,0.16655990707782464,0.022714931677191377
200000,-13.5,-0.5985055194438627,0.1591297156036631,0.01917032969180446
200000,-13,-0.5867530264063826,0.15139486418004583,0.015683773107801627
200000,-12.5,-0.5765153251292117,0.14331477589983257,0.012246633006680545
200000,-12,-0.5682652040561903,0.1348744944517661,0.008831250972013533
200000,-11.5,-0.5626841294090976,0.12614673697692205,0.005380657007104703
200000,-11,-0.5607722940771005,0.11736289829439084,0.0018014529170486404
200000,-10.5,-0.5636029432450917,0.10881419319093351,-0.0020809261760782157
200000,-10,-0.5689444926452656,0.10037803703434933,-0.006779224525962788
200000,-9.5,-0.5651847331489924,0.09036789758134546,-0.014226404778692314
200000,-9,-0.6038058729967402,0.06396240849290286,-0.032641989120882633
200000,-8.5,-0.6736922266734339,0.032071362299670315,-0.048681456843130945
200000,-8,-0.6370751538422463,0.02484830332303738,-0.05128343827332281
200000,-7.5,-0.5877858012940825,0.021791229818115466,-0.05195434857874516
200000,-7,-0.5345541918173763,0.019447689484963167,-0.05248429275975365
200000,-6.5,-0.47908682243060136,0.017578764780390856,-0.05319321847194876
200000,-6,-0.42229133077335673,0.01610917546049942,-0.0539591552639966
200000,-5.5,-0.3652036191364222,0.014959201787425559,-0.0545264004400801
200000,-5,-0.30894235307840795,0.014055452681258513,-0.05468640502917995
200000,-4.5,-0.2541187545565738,0.013342913781694601,-0.05438543088934674
200000,-4,-0.20053643508954003,0.012782770532848499,-0.053745708627184585
200000,-3.5,-0.14757342907084006,0.012341535294452283,-0.052969604388140266
200000,-3,-0.0947058404409761,0.011983198530410237,-0.052228660247071415
200000,-2.5,-0.04158253290068703,0.011674643634242704,-0.05164168963737066
200000,-2,0.012022268190959279,0.011396174452763145,-0.05129336980524155
200000,-1.5,0.0661800320228255,0.01115567733621117,-0.0511826058494931
200000,-1,0.12119152307270747,0.011002172911798594,-0.051222783456651266
200000,-0.5,0.17667621091861657,0.010899988133728113,-0.051149023207333645
200000,0,0.2311178567237713,0.010730509555336656,-0.05073929758200615
200000,0.5,0.2830201591393516,0.010448460004695665,-0.04972084781179221
200000,1,0.33241542471828484,0.010187808832209702,-0.04828727423648084
200000,1.5,0.38279402218608505,0.010107531265828215,-0.04721396187552578
200000,2,0.4367665650913202,0.010281693973065798,-0.046865793110457174
200000,2.5,0.4928941984409043,0.010706257678130476,-0.04699153217690224
200000,3,0.5484448519682636,0.01134746060000391,-0.04703642079767645
200000,3.5,0.6011833814527863,0.012171483254889315,-0.04681361851404904
200000,4,0.6509682941281192,0.01310213449925834,-0.046414311330252964
200000,4.5,0.7000516597643709,0.013952164708936959,-0.045726885821531435
200000,5,0.7486527794098996,0.0147389728415788,-0.0446589718071402
200000,5.5,0.7964920194449843,0.015558572453483736,-0.04336616910336087
200000,6,0.8438213273912245,0.016449926445732604,-0.04200236035641527
200000,6.5,0.8908781877238263,0.017423785572654796,-0.04062275314000038
200000,7,0.9376370695716857,0.018490284850490903,-0.03923351502870687
200000,7.5,0.9837864994115983,0.01967122570955317,-0.03781753161886793
200000,8,1.0288630552937097,0.02099505074688978,-0.03634469622604246
200000,8.5,1.072398146649352,0.0224890275141352,-0.03477657629297136
200000,9,1.113948083027784,0.0241814549769948,-0.033062986935965835
200000,9.5,1.153005691988447,0.026105687724571225,-0.03113684053945167
200000,10,1.188845674483095,0.028299188403993366,-0.02891442331334837
200000,10.5,1.220337585636655,0.030809638325396058,-0.026299435726747367
200000,11,1.245732054916071,0.03371224752131157,-0.02320077011305246
200000,11.5,1.262525590712623,0.037141626528879236,-0.019608813814303228
200000,12,1.2678039429932242,0.04136272894199902,-0.015818483343701523
200000,12.5,1.2595745030478076,0.04693274781236906,-0.012853392512926175
200000,13,1.2385024169400098,0.055000281065101526,-0.012817479750900373
200000,13.5,1.2067756380460823,0.06747581347163475,-0.017995948393489537
200000,14,1.1365866762832622,0.09395887195555987,-0.03138304321945169
200000,14.5,0.9576679492157004,0.14714095175881806,-0.06112179263802362
200000,15,0.9296491901937897,0.16795546318042093,-0.07721056730508741
200000,15.5,0.932798101233732,0.17957841330394322,-0.08193882698786872
200000,16,0.9402636005061272,0.18936987160590832,-0.08705527492440705
200000,16.5,0.94930887070917,0.19882537982253895,-0.09233514482304797
200000,17,0.9593873053071561,0.2078799596747023,-0.09756070726690487
200000,17.5,0.9707506941052642,0.21630596529619772,-0.10265853783408382
200000,18,0.9834206787986651,0.22409859137764349,-0.10762068045076115
200000,18.5,0.9972428190989973,0.2313531777763238,-0.11247145717140974
200000,19,1.0120092485107666,0.23817597595471607,-0.11724283973401854
200000,19.5,1.0275153958746994,0.24465602218440982,-0.12196374291513401
200000,20,1.0435795041580942,0.2508622205319525,-0.12665691812890603
200000,20.5,1.0600468045050748,0.2568470800197754,-0.13133859825437905
200000,21,1.0767875882929945,0.26265106755516276,-0.13601894494246233
200000,21.5,1.0936932278931177,0.268306117599222,-0.14070274007471814
200000,22,1.1106720779363761,0.2738381262312535,-0.14539019814377033
200000,22.5,1.1276460658683278,0.27926856893276775,-0.1500778567240951
200000,23,1.14454814918363,0.28461545016111023,-0.15475949439747522
200000,23.5,1.1613205175705852,0.2898937964352469,-0.1594270149262766
200000,24,1.1779133264613726,0.29511587978087933,-0.1640712410229997
200000,24.5,1.1942837619463176,0.300291316482241,-0.16868257781966828
200000,25,1.2103952889309002,0.30542713768989227,-0.1732515276027014
200000,-20,-0.800723315729214,0.244212294572484,0.06851317423762585
200000,-19.5,-0.7837484747942778,0.2384290659716496,0.06427269387348682
200000,-19,-0.7668126449933887,0.23257070135588043,0.060101327895358346
200000,-18.5,-0.749928384313143,0.22663595803998365,0.05599647993398649
200000,-18,-0.7331135358236849,0.22062231108610345,0.05195382117366689
200000,-17.5,-0.7163947007790289,0.21452514105523318,0.047967945017194646
200000,-17,-0.6998104867560185,0.2083369455532704,0.04403307473720461
200000,-16.5,-0.6834137439785962,0.20204674614181503,0.04014368799612713
200000,-16,-0.6672719248129719,0.19563989546283037,0.036294921746675333
200000,-15.5,-0.6514650569026408,0.1890984406452663,0.03248268049580252
200000,-15,-0.6360818577690026,0.18240201805788517,0.028703488690955813
200000,-14.5,-0.6212161598554976,0.17552896863213957,0.024954231370752214
200000,-14,-0.6069674110735825,0.16845714316885443,0.021231885518302483
200000,-13.5,-0.59344956995827,0.16116401443853767,0.017533093341478373
200000,-13,-0.580811643407337,0.1536265718907879,0.013853105101554413
200000,-12.5,-0.5692710648780619,0.14582338822699972,0.010183486526653346
200000,-12,-0.5591607060445923,0.13774435264883714,0.00650813761674431
200000,-11.5,-0.5509966761901917,0.1294157714266297,0.0027973598996188344
200000,-11,-0.5455806463304055,0.12093799996142614,-0.0010004327664871096
200000,-10.5,-0.5440378813494865,0.1124792598940135,-0.004971989438172108
200000,-10,-0.5470181651430818,0.1040455914309785,-0.009272236202414175
200000,-9.5,-0.5515553337176738,0.09472359541075803,-0.014233298357637068
200000,-9,-0.5544594054765979,0.08177282825592715,-0.021384291735873227
200000,-8.5,-0.5896926529107048,0.06045634090707585,-0.035717543774960725
200000,-8,-0.6265329567503899,0.03563901952072323,-0.04635904873848817
200000,-7.5,-0.6007880086717575,0.026154508668583012,-0.047884729472545115
200000,-7,-0.5596206183067457,0.022680321316000267,-0.04705607837064015
200000,-6.5,-0.513227440359282,0.020160841216634064,-0.04594668099878542
200000,-6,-0.463067570705591,0.018156263885337604,-0.045295942643545486
200000,-5.5,-0.40941627205526293,0.01655566978760151,-0.04529263943121698
200000,-5,-0.35293840890082195,0.015245908408426621,-0.045836806829128676
200000,-4.5,-0.29448669245926823,0.014144017267832076,-0.04677507433846382
200000,-4,-0.2347906432175635,0.013202395285797353,-0.04798004851271526
200000,-3.5,-0.17423036379164017,0.01238332268518953,-0.04940301324978884
200000,-3,-0.11271513977407933,0.011647470681051285,-0.05112041982483649
200000,-2.5,-0.05000950123328074,0.01095202369322602,-0.05315588455367376
200000,-2,0.013954394733815309,0.010290864563014947,-0.055042242978818524
200000,-1.5,0.07357058864306346,0.009414379948712597,-0.05507791222581897
200000,-1,0.12433809488141256,0.008500261003075034,-0.05328145882155203
200000,-0.5,0.18319341216924528,0.008118289252381427,-0.053316870498778215
200000,0,0.24918980115227216,0.008153723250435637,-0.05485588735153142
200000,0.5,0.3090408003636238,0.008252676960796254,-0.055474695403207964
200000,1,0.36266322269784385,0.008366540535201115,-0.05489829588809263
200000,1.5,0.4132585218853333,0.008532571871729712,-0.053664427224902375
200000,2,0.46273472613801414,0.008785390384127468,-0.05217350842946981
200000,2.5,0.5119457403074086,0.009142552728090147,-0.0506606930282212
200000,3,0.5613598147223554,0.009582964288494502,-0.049283563990638365
200000,3.5,0.6113809330207836,0.01009163061869307,-0.048084497748858035
200000,4,0.6618985593355895,0.010860388087265915,-0.046813645222941125
200000,4.5,0.7098249190977154,0.012195344621954003,-0.04540484737507755
200000,5,0.7545004773939068,0.013763802601054859,-0.04438422985242083
200000,5.5,0.8011925839487588,0.01505642875338096,-0.0435847370252926
200000,6,0.8486553503403662,0.016246888626747467,-0.0424805673837641
200000,6.5,0.8952351943808905,0.017526713467006485,-0.04110771527903277
200000,7,0.9406180694693662,0.018938172131030266,-0.03955429710747837
200000,7.5,0.9847184293719091,0.020491538412385574,-0.03783210932085131
200000,8,1.0273503346394008,0.02220982173669843,-0.03594510668431748
200000,8.5,1.0682211719338743,0.024135469906486417,-0.03390085617180213
200000,9,1.1069510192230512,0.026326708214160516,-0.031692391380387055
200000,9.5,1.1429222574443698,0.02885125666773456,-0.02927334640356209
200000,10,1.1748817725548373,0.03177594595490958,-0.026529461701084955
200000,10.5,1.2003412309456616,0.035169049568299256,-0.023262322335398634
200000,11,1.2152062675749753,0.039144074387181683,-0.019292327299838534
200000,11.5,1.2150548766916711,0.04397586359810616,-0.014909375758902643
200000,12,1.1990981687403401,0.05027620321629982,-0.011614149433774512
200000,12.5,1.1721240571402876,0.059198140920585,-0.012119873850432922
200000,13,1.1321944527716283,0.0737104577715802,-0.019009726234495355
200000,13.5,1.0414244434433584,0.10084679511124482,-0.03472974060596481
200000,14,0.9428123019237243,0.13410435925449096,-0.056233641410586434
200000,14.5,0.9211027264096114,0.15622953625235395,-0.06841695724774463
200000,15,0.9168955351094377,0.1715816343587627,-0.07505131610180082
200000,15.5,0.9209169111627766,0.1826932884046475,-0.08076260838555581
200000,16,0.9290103854673168,0.19250058601555445,-0.08613233555379388
200000,16.5,0.9388826765068519,0.2017852910845775,-0.09136664558379251
200000,17,0.9501458202776302,0.21042271601438173,-0.09649668139119283
200000,17.5,0.9626820580263991,0.21837974476280117,-0.1015191535453239
200000,18,0.9763109211188009,0.22575207631140096,-0.10644655309077074
200000,18.5,0.9908234577198173,0.23266395877677293,-0.11130111018560458
200000,19,1.006022829538737,0.23922275814547964,-0.11610543211878652
200000,19.5,1.0217388080805203,0.2455106951617876,-0.12087847283501432
200000,20,1.0378293716928888,0.25158863376458873,-0.12563455242520596
200000,20.5,1.0541777492127244,0.257501524248712,-0.13038344198838753
200000,21,1.0706882391532457,0.26328272964068306,-0.13513072781035343
200000,21.5,1.087282067370894,0.26895700594320765,-0.13987825276577887
200000,22,1.1038937525051706,0.27454249818432674,-0.144624614444919
200000,22.5,1.1204681091661781,0.28005213082313835,-0.14936572348855245
200000,23,1.1369578719462763,0.285494662900357,-0.1540954071352444
200000,23.5,1.1533218705687287,0.29087556637111533,-0.15880602406036554
200000,24,1.169523675620923,0.2961977970671115,-0.16348904900037448
200000,24.5,1.1855306364391813,0.3014624674887631,-0.16813558969952294
200000,25,1.201313235414853,0.30666940073383325,-0.1727368105189183
200000,-20,-0.799536524983791,0.24414705845869164,0.06797704876763878
200000,-19.5,-0.7825633961663729,0.23885528574957057,0.06375718873502809
200000,-19,-0.7656234151006011,0.2334793884331937,0.05959829965390645
200000,-18.5,-0.7487375158093807,0.22801284488546894,0.05549936211236195
200000,-18,-0.7319297561965642,0.22244711179597626,0.05145796077388942
200000,-17.5,-0.7152290379188733,0.21677117720288744,0.04747082290722781
200000,-17,-0.6986703940095056,0.21097132868135693,0.04353438149352231
200000,-16.5,-0.6822953047848549,0.20503130129000346,0.03964523695363101
200000,-16,-0.6661505561583081,0.19893297825852102,0.03580039122022453
200000,-15.5,-0.6502854863041174,0.19265778165223937,0.03199717583184209
200000,-15,-0.6347481188874986,0.186188788575754,0.028232897562834612
200000,-14.5,-0.6195814998310538,0.17951344116074455,0.02450435333188364
200000,-14,-0.6048221805016312,0.17262651918858754,0.02080745824631299
200000,-13.5,-0.5905028745327914,0.1655328636026429,0.01713722293401935
200000,-13,-0.5766608140905911,0.15824921965025043,0.013488192396268242
200000,-12.5,-0.5633524775562274,0.15080456745842655,0.009855259301303796
200000,-12,-0.5506742306495269,0.14323856572376045,0.006234551248165991
200000,-11.5,-0.5387867085068969,0.13559840621123764,0.002623915658739777
200000,-11,-0.5279383122725981,0.1279352474981754,-0.0009776415397500973
200000,-10.5,-0.5184809229972708,0.12030121805087413,-0.004572901616582453
200000,-10,-0.5108719186190195,0.11274337741703608,-0.008176684593195972
200000,-9.5,-0.5056683633107906,0.10527457092240493,-0.011850774032268746
200000,-9,-0.5035392353805108,0.09776712322375336,-0.015801466335087274
200000,-8.5,-0.5051522698651726,0.08972948193542224,-0.020511567967907644
200000,-8,-0.5097752193378996,0.08024623234432508,-0.026439191155143503
200000,-7.5,-0.5125018289996247,0.06878139882559953,-0.032965083758232504
200000,-7,-0.5092126887276189,0.056530398827409005,-0.03882409290892312
200000,-6.5,-0.5020903754038502,0.044114776389152795,-0.043897849297294
200000,-6,-0.47378046615983327,0.030226742423039674,-0.045051382663462
200000,-5.5,-0.4339426606506098,0.022522590951004187,-0.042420980114804295
200000,-5,-0.3933032735863823,0.019308339428287375,-0.03945907737831848
200000,-4.5,-0.35097943179691454,0.017046577587273803,-0.03706019857594132
200000,-4,-0.30478912424922794,0.015389754039280059,-0.03567619005042263
200000,-3.5,-0.25397494066806203,0.01408564427710203,-0.035511581992199955
200000,-3,-0.19696375730237003,0.01296414573423036,-0.0369872143575964
200000,-2.5,-0.13359485511348623,0.011875877044959854,-0.039289727703211
200000,-2,-0.07394828523248811,0.010201405355750235,-0.03875061557185677
200000,-1.5,0.006458813611548514,0.009337411567475308,-0.04336620335605956
200000,-1,0.10388438139488344,0.009206268249264819,-0.05191111462069341
200000,-0.5,0.18535724830348793,0.008990249124076389,-0.057633323756963374
200000,0,0.2545250937879997,0.00875133117031591,-0.06062601739200364
200000,0.5,0.317231485658403,0.008603836490674687,-0.061864300092284254
200000,1,0.3749062556338801,0.00856121078357414,-0.06168306476975636
200000,1.5,0.42863814726471916,0.008606916778660942,-0.060449144754940475
200000,2,0.4799437326772786,0.008714679282826298,-0.05865843715297825
200000,2.5,0.5299847624347782,0.008874701047512893,-0.05665843892310897
200000,3,0.5793116364988331,0.009120642829582325,-0.054589080775783325
200000,3.5,0.6284678790318147,0.00949265013961052,-0.05258093938492001
200000,4,0.6785283125310616,0.009930016796545807,-0.050715294270119025
200000,4.5,0.7291906108339332,0.010449253141307482,-0.04872611915717415
200000,5,0.7756908959584166,0.011816491144940992,-0.04590510913108516
200000,5.5,0.8115722851774332,0.01424896286658814,-0.04339975767728723
200000,6,0.8483834776502179,0.01665220646600208,-0.04132670189501435
200000,6.5,0.8898196954826758,0.018807541950827074,-0.03906158093869013
200000,7,0.9331269755870358,0.021132517094891945,-0.036816437180216134
200000,7.5,0.9771051692763173,0.023941711347248592,-0.034739943893642676
200000,8,1.0203797077089394,0.02755368677493933,-0.03274975362661398
200000,8.5,1.061271641010685,0.0322091845709256,-0.030748762372169454
200000,9,1.097233020649403,0.037955902226068705,-0.028566924087344812
200000,9.5,1.1200244813002087,0.04595653722018646,-0.025103170839641746
200000,10,1.103807459613879,0.05787725054746581,-0.01996609475466988
200000,10.5,1.0432320027723,0.06935065514081355,-0.018826929878399706
200000,11,0.98002779187193,0.0811179082125415,-0.020598002138776945
200000,11.5,0.9208757572882796,0.09797033556729227,-0.0274311303484173
200000,12,0.8765581996509777,0.11826145661921753,-0.03825736723795613
200000,12.5,0.8549082984321434,0.1357510841596025,-0.04855210701025469
200000,13,0.8514722937390535,0.14828550716866581,-0.05657606989855427
200000,13.5,0.8573113832800803,0.15795112292467178,-0.06277317379453994
200000,14,0.8666401834000426,0.16679514193491457,-0.0679787269158348
200000,14.5,0.8770642101989753,0.17553947608602138,-0.07275673462645982
200000,15,0.8879135679835396,0.18420202937324712,-0.07737979294644723
200000,15.5,0.899190136571891,0.19263041404684791,-0.08195655176048795
200000,16,0.9110598139933451,0.20069463871004237,-0.08652460983903798
200000,16.5,0.9236463810807599,0.2083281581727437,-0.09109585618426588
200000,17,0.9369838476828961,0.2155217037935016,-0.09567403646393059
200000,17.5,0.9510324912753486,0.22230425769845744,-0.10026033410582862
200000,18,0.9657083378804121,0.22872369783540628,-0.10485510114211252
200000,18.5,0.9809078884166271,0.2348325168655906,-0.10945854190290412
200000,19,0.9965244720688371,0.2406797546455438,-0.11407092342423227
200000,19.5,1.012457354894881,0.24630775862757737,-0.11869242002249795
200000,20,1.0286157709666441,0.2517517290403474,-0.12332273700649068
200000,20.5,1.0449198660007741,0.25704046823788745,-0.12796069214114136
200000,21,1.0613000272117448,0.2621974492227403,-0.13260389420640264
200000,21.5,1.0776955543885225,0.26724181893587456,-0.1372485899783736
200000,22,1.0940532212394403,0.27218921337058893,-0.14188969007050417
200000,22.5,1.1103259980220734,0.2770523722065389,-0.14652094349420897
200000,23,1.1264720343751966,0.2818415810985604,-0.15113521097408147
200000,23.5,1.1424539054379994,0.2865649824404985,-0.15572478360128997
200000,24,1.158238078572698,0.29122879640828014,-0.16028170074615616
200000,24.5,1.1737945425694596,0.29583748854036274,-0.16479803397541098
200000,25,1.1890965426270992,0.30039391083781986,-0.1692661177330923
300000,-20,-0.808544972851363,0.24278181978320093,0.06960077358227178
300000,-19.5,-0.7910230526568991,0.2369122491985524,0.06545936545650408
300000,-19,-0.773499242434412,0.2309752914638154,0.06137876702108715
300000,-18.5,-0.7560092358119669,0.22496854699727822,0.05735461077349382
300000,-18,-0.7386041463103546,0.2188872888095898,0.05338201401087907
300000,-17.5,-0.7213550343476827,0.21272331450277332,0.049456717177254875
300000,-17,-0.7043552046299982,0.2064639330608899,0.04557603777336528
300000,-16.5,-0.6877181456267655,0.20009127698824172,0.041739331980906444
300000,-16,-0.6715697619778631,0.19358204633497547,0.037947803046255196
300000,-15.5,-0.6560365924466416,0.186907536686734,0.03420388869726193
300000,-15,-0.6412368310163893,0.18003343850146608,0.030510884867027566
300000,-14.5,-0.6272848460874425,0.17291873862225351,0.026873280721572922
300000,-14,-0.6143168427963471,0.16551374984902428,0.02329690135533672
300000,-13.5,-0.6025334275322659,0.1577602318454395,0.019785855021936357
300000,-13,-0.592243175819565,0.14960492506367845,0.01633248214333494
300000,-12.5,-0.583905239610328,0.14105408751225965,0.012901331723619125
300000,-12,-0.5782487640504159,0.13230001593933335,0.00943230826604501
300000,-11.5,-0.5763840848012916,0.12387571115357784,0.005941217015581338
300000,-11,-0.5770833788049399,0.11675845963626796,0.002522207137195989
300000,-10.5,-0.5686398268451356,0.11040811501422138,-0.0030531898855220853
300000,-10,-0.6157607801466619,0.07689913616908049,-0.02305787668841581
300000,-9.5,-0.7605995138459585,0.033217696721858606,-0.04721423511145084
300000,-9,-0.7356252456609886,0.024866776996684912,-0.05200259406452897
300000,-8.5,-0.6886780002264228,0.02183765009745275,-0.052952895686232127
300000,-8,-0.6373006650681967,0.019555702328205325,-0.05336983259904553
300000,-7.5,-0.5830288894855811,0.01768010199486582,-0.05384475404932117
300000,-7,-0.5275195580762895,0.01613354895146792,-0.054419267322460316
300000,-6.5,-0.47178267348074876,0.014880762036203152,-0.05489441069116467
300000,-6,-0.4165997978186366,0.013881482392446257,-0.05505000733121148
300000,-5.5,-0.3624146197487703,0.013089088475046605,-0.0547940917316511
300000,-5,-0.30914153404876565,0.012454139839726572,-0.05421560362225151
300000,-4.5,-0.2563000926841246,0.011933749214284414,-0.05350407356843956
300000,-4,-0.20333909591700786,0.011502913801831088,-0.0528210891883615
300000,-3.5,-0.14993642217029196,0.011151072678019383,-0.05223820570930798
300000,-3,-0.09611919966745948,0.010867395923193135,-0.05175768489841033
300000,-2.5,-0.04207988243336981,0.010633287411210422,-0.05136811596246578
300000,-2,0.012081457983157212,0.010428049552741583,-0.0510881078500909
300000,-1.5,0.0663200160955681,0.01024217649762611,-0.05094262286919601
300000,-1,0.12081574436511626,0.010106613870773653,-0.05093006125788966
300000,-0.5,0.1759552877961744,0.010058608182129664,-0.05100882520258894
300000,0,0.23144142266719098,0.01003443024601961,-0.05099384499195274
300000,0.5,0.28632812151584097,0.009935445552816004,-0.05077752422320532
300000,1,0.33930532984193046,0.009729845207982857,-0.05009820953809678
300000,1.5,0.3896272592512884,0.009557429444761685,-0.04894197526990459
300000,2,0.4392516200422089,0.009587595258349754,-0.04774989585068175
300000,2.5,0.491340536692522,0.009881177772759953,-0.046914072829571364
300000,3,0.5457922969822248,0.010423289975464097,-0.0467072206157355
300000,3.5,0.6000918512258373,0.011165687250066347,-0.046980567918598636
300000,4,0.6538360158713777,0.011919234211321858,-0.04717484184515315
300000,4.5,0.7064492547089503,0.01259672042633243,-0.046895190408688094
300000,5,0.7571145637896096,0.013263253664991518,-0.04613041901305392
300000,5.5,0.8060953606321303,0.01396391156676992,-0.045048960065258395
300000,6,0.8540605432649071,0.014715170982473024,-0.04379045725367914
300000,6.5,0.9015705683756523,0.015523758944123717,-0.042455935971768353
300000,7,0.9488386266130195,0.01640293834488585,-0.04110788918663707
300000,7.5,0.9957203513634769,0.01737595459855333,-0.03976911275439675
300000,8,1.0418957360180654,0.01846599148694622,-0.038432088251332666
300000,8.5,1.0870217453901196,0.01969007229148025,-0.037068610270625614
300000,9,1.130753947167625,0.021065741571019005,-0.03562856553607342
300000,9.5,1.1726720559873078,0.022615547360716914,-0.03403645639554908
300000,10,1.2121749554242696,0.02436097386273523,-0.03219563674889041
300000,10.5,1.2484050384909278,0.026324959111547207,-0.029997628234627448
300000,11,1.28022983285297,0.028541592107248645,-0.027343531429927737
300000,11.5,1.306313577622323,0.031066377128137507,-0.024189004332392853
300000,12,1.3253207158083338,0.03399340455890988,-0.020620631008234178
300000,12.5,1.3361830898413942,0.037483756352454344,-0.01694762530671267
300000,13,1.338213417163828,0.041818632519109486,-0.01377813567166789
300000,13.5,1.3308153984178164,0.04753947161841817,-0.01212286842053692
300000,14,1.312292010336261,0.05573237001546354,-0.013468622337937552
300000,14.5,1.2793745779939516,0.06793531060049349,-0.019043218459318882
300000,15,1.2261236666968856,0.08937209226995092,-0.029750298556211696
300000,15.5,1.0307264807885588,0.1503030046335663,-0.05862552486547514
300000,16,0.9545492394170391,0.18167626927255204,-0.08441341602169213
300000,16.5,0.9569976940004759,0.19457079096149724,-0.0898757930385039
300000,17,0.9663351169240761,0.2045824456778279,-0.0953781007077191
300000,17.5,0.9780480341276216,0.21345801956724858,-0.10102615506884971
300000,18,0.990315711477608,0.22187925783736948,-0.10654695240523067
300000,18.5,1.0032690169953742,0.22979351031134185,-0.11188383018355685
300000,19,1.017035597332218,0.23718117383943535,-0.11702806682614453
300000,19.5,1.0315667234665584,0.24410770092827708,-0.12200901534047404
300000,20,1.046741886068042,0.25065927991232223,-0.12686902774223557
300000,20.5,1.0624295048288768,0.2569102046461575,-0.1316469695114483
300000,21,1.078506329485343,0.2629172863652715,-0.136372441178721
300000,21.5,1.0948614580743397,0.2687234265669118,-0.14106534643870705
300000,22,1.1113962332915341,0.2743620174628383,-0.14573727875823636
300000,22.5,1.1280232175164653,0.279860034039345,-0.1503932653095023
300000,23,1.14466502968386,0.2852398317469931,-0.1550334048451572
300000,23.5,1.1612532808942144,0.2905200851878416,-0.15965428681632385
300000,24,1.1777276908963368,0.2957162468534801,-0.1642501742470115
300000,24.5,1.1940353814810345,0.30084078115291235,-0.16881395486189216
300000,25,1.2101302957949676,0.3059033256858696,-0.17333787404953144
300000,-20,-0.8020581029375119,0.24280824818213362,0.06878484760900598
300000,-19.5,-0.7850522696303447,0.23700526181299447,0.06461620574991578
300000,-19,-0.7680404742605074,0.231144459380302,0.06050695434033447
300000,-18.5,-0.7510376749277239,0.22522385141989845,0.05645218344965919
300000,-18,-0.7340705692707423,0.21923865960598088,0.05244625371474847
300000,-17.5,-0.7171819687341489,0.21318028691829558,0.04848368004315505
300000,-17,-0.7004336344608149,0.20703548693423093,0.04455984361228819
300000,-16.5,-0.6839060282677185,0.2007859635862737,0.04067131576772327
300000,-16,-0.6676939393974393,0.19440855148329192,0.03681570503837984
300000,-15.5,-0.6518987666717534,0.18787587864135785,0.03299120706338628
300000,-15,-0.6366211927357524,0.18115708237780165,0.029196283965027776
300000,-14.5,-0.6219605395537899,0.1742180047539565,0.025429797737506095
300000,-14,-0.6080268696476895,0.16702068579885268,0.021691290197650863
300000,-13.5,-0.5949679223623456,0.1595233513189547,0.017980261481645714
300000,-13,-0.5830079110738553,0.1516855158509681,0.014292911243145504
300000,-12.5,-0.5724953395236634,0.14348995571784745,0.010615404862327458
300000,-12,-0.5639699560590803,0.13500003985726391,0.006915776681916216
300000,-11.5,-0.5582534933563426,0.12644121042279707,0.0031487710728057604
300000,-11,-0.5562299419701068,0.11816515660540221,-0.0006955980024483582
300000,-10.5,-0.5568323921156504,0.11026671729303027,-0.004581365694403176
300000,-10,-0.5545667659885403,0.10163418235356428,-0.009247717246807976
300000,-9.5,-0.571922396721347,0.0836167616003293,-0.02054315989897198
300000,-9,-0.6771313124149416,0.044545420918648375,-0.04061355425117943
300000,-8.5,-0.6885598731622196,0.026891149726075515,-0.04878027784630754
300000,-8,-0.6515192855126172,0.022569338050119632,-0.04945573095494386
300000,-7.5,-0.605936572620342,0.020060507263930636,-0.04876318089525977
300000,-7,-0.5563368506767844,0.018023324719968516,-0.04810353174219443
300000,-6.5,-0.5038659266309291,0.01634332751848156,-0.047896699091324935
300000,-6,-0.4489384935394976,0.014960299763654655,-0.048186912186042506
300000,-5.5,-0.392080842981389,0.013797241439245602,-0.0488645366193732
300000,-5,-0.3338553552070266,0.012793441547532305,-0.04980567170397017
300000,-4.5,-0.27462392299650823,0.01192009474548733,-0.050920244815927315
300000,-4,-0.21462852566503154,0.011166534392293936,-0.05213920929778917
300000,-3.5,-0.15420509458779927,0.010519346865961508,-0.05338786607237498
300000,-3,-0.09383093203772849,0.00995301522971978,-0.05459211391123683
300000,-2.5,-0.03416827984810071,0.00943086831401978,-0.055667906331697624
300000,-2,0.0247347839613149,0.008954514072677751,-0.056428278752193764
300000,-1.5,0.08297978431340498,0.008514111652791027,-0.05638193717370128
300000,-1,0.13502886487447366,0.00782753740549222,-0.05460291071516103
300000,-0.5,0.18081988672444058,0.007182677889315059,-0.05196097674908355
300000,0,0.23522359380437216,0.0069569728382798185,-0.05121637123843975
300000,0.5,0.29788303132199356,0.007055052748793333,-0.052280022965086784
300000,1,0.3576338490882893,0.0072406361784462525,-0.053065470736170184
300000,1.5,0.4124153403047943,0.007481406364876613,-0.05289140790220594
300000,2,0.4639373873986255,0.007790344265443689,-0.05204743085683762
300000,2.5,0.513838421807708,0.008152221014203374,-0.050933086358237435
300000,3,0.563334298840472,0.008561663381485868,-0.04979327584329046
300000,3.5,0.6132244867312678,0.009152688203132264,-0.04856434717565712
300000,4,0.6625693598588996,0.010155976799990033,-0.04711324650627581
300000,4.5,0.7087718842945144,0.011444848435455453,-0.04594126219601299
300000,5,0.7562570054545006,0.012562700923759563,-0.04521841359779386
300000,5.5,0.8054552339277863,0.0135072836648168,-0.0444134749010895
300000,6,0.8544174990578419,0.014475668088380206,-0.04342882341684189
300000,6.5,0.9026548186228769,0.015526915997657762,-0.04233874940593737
300000,7,0.9501147022501798,0.016664774421254837,-0.041140702149674184
300000,7.5,0.9966634160827306,0.017894207396623243,-0.03981594717991548
300000,8,1.0419778255105185,0.019237833115006816,-0.0383508776857414
300000,8.5,1.085626416180067,0.020729836884590295,-0.036728073006430974
300000,9,1.127153629411513,0.022412066718583788,-0.03491027834442812
300000,9.5,1.1660342840622864,0.024330050937869163,-0.032830743216268624
300000,10,1.2015255052837537,0.026522893446906573,-0.030394604529464825
300000,10.5,1.2324978039787369,0.029027269768305105,-0.027488123677330122
300000,11,1.2573115152396555,0.03189540473697948,-0.02401552550484115
300000,11.5,1.2738772975181656,0.03522446538875027,-0.020007108900042276
300000,12,1.2801421629918328,0.039216430312398014,-0.015836304761833852
300000,12.5,1.2750130302494795,0.04429341954504359,-0.012484233131270322
300000,13,1.2589893129572174,0.05126076358030716,-0.01159445314478818
300000,13.5,1.2332004477170728,0.06125688026756195,-0.014788657236408093
300000,14,1.1962019004975586,0.07602002840982029,-0.022605866876070035
300000,14.5,1.1207464049958944,0.10357931866927762,-0.036814597382652484
300000,15,0.9826336370523979,0.14565984978256988,-0.060951951799021756
300000,15.5,0.9434903246573298,0.1711626847806795,-0.07766836044348434
300000,16,0.9379869677663315,0.18702786962072215,-0.08445117260126181
300000,16.5,0.9439958888164804,0.1981452515923874,-0.09033477448844045
300000,17,0.9553187351291453,0.20743522311381604,-0.09585951069410105
300000,17.5,0.967900582904735,0.21607372901321306,-0.10117024798302869
300000,18,0.9811730060079371,0.22411016033165695,-0.10635329383476788
300000,18.5,0.9951706034625813,0.2315549235943776,-0.11142228010657895
300000,19,1.0098517424746734,0.2384993512214785,-0.11638897688387155
300000,19.5,1.0251058859081006,0.2450503184593611,-0.12127343064533161
300000,20,1.0408082364768447,0.2512963357704963,-0.1260973696670891
300000,20.5,1.0568434235216015,0.2573030810122564,-0.13087947578897602
300000,21,1.0731111340893835,0.26311864458769474,-0.1356336869132731
300000,21.5,1.089525433550852,0.268779384075361,-0.14036906140211966
300000,22,1.1060125757941006,0.27431401274799505,-0.14509026286343096
300000,22.5,1.1225088304788593,0.2797459446866696,-0.14979825680334735
300000,23,1.1389587101754126,0.28509444602955397,-0.15449105485886167
300000,23.5,1.1553136195301128,0.2903751045134562,-0.15916443265066058
300000,24,1.1715308442654837,0.29559998741964416,-0.16381258185238812
300000,24.5,1.1875727805828151,0.300777727402142,-0.1684286753710938
300000,25,1.2034063202343899,0.3059136715333862,-0.17300533756149927
300000,-20,-0.8004017066761882,0.24350029139179794,0.06893448042012014
300000,-19.5,-0.7835982847438101,0.23815225726943576,0.06474951247228329
300000,-19,-0.7667927382228176,0.2327190917468638,0.060615319205937844
300000,-18.5,-0.7500013482416896,0.22719303820973852,0.05652944005523658
300000,-18,-0.7332466469509193,0.2215641028235092,0.05248878247086739
300000,-17.5,-0.7165595651621511,0.21581970291453634,0.04849024958030511
300000,-17,-0.699980483146506,0.20994463922602052,0.044531226991190116
300000,-16.5,-0.6835584123629377,0.20392156171582837,0.04060975786189422
300000,-16,-0.6673478905680467,0.19773203558764135,0.036724307326776416
300000,-15.5,-0.6514040428046435,0.1913581779343151,0.032873180666232155
300000,-15,-0.6357774510641763,0.18478467240856078,0.02905385950825561
300000,-14.5,-0.6205113462319942,0.1780008866395635,0.02526262769847032
300000,-14,-0.6056434501605662,0.1710029032386955,0.021494757633020344
300000,-13.5,-0.5912134962510525,0.16379548239848402,0.017745253299154023
300000,-13,-0.5772760392355226,0.15639410898267164,0.01400989656169862
300000,-12.5,-0.5639177801839191,0.148827186130895,0.010286291455995801
300000,-12,-0.5512790830970883,0.14113821824119382,0.006574698795327259
300000,-11.5,-0.5395790173794351,0.13338769975067832,0.0028783794495925567
300000,-11,-0.5291419115408295,0.1256538040132852,-0.0007980187782159268
300000,-10.5,-0.5204281909931164,0.11802581950610883,-0.004458741199855583
300000,-10,-0.5140979584701225,0.11056263324927508,-0.008157856106238832
300000,-9.5,-0.511143297717502,0.10313730831649617,-0.012111860930862481
300000,-9,-0.5127938332100537,0.09508764638597854,-0.016836732237317496
300000,-8.5,-0.5190278051756204,0.08504126644942378,-0.0228572678599663
300000,-8,-0.526653831866411,0.07216949397352304,-0.02994248182699292
300000,-7.5,-0.5320366374725977,0.058249642779754834,-0.03711935520605177
300000,-7,-0.5355024018007845,0.0443238421350684,-0.04334777038026886
300000,-6.5,-0.5173220276473102,0.028780671891824972,-0.04480906033290179
300000,-6,-0.4798352969514299,0.02088681637032182,-0.04245516588144588
300000,-5.5,-0.4368070211573325,0.017918958977857752,-0.04018385794049381
300000,-5,-0.38998153525665186,0.01580642946239272,-0.03875093158838353
300000,-4.5,-0.33813861454538846,0.014244844428106892,-0.038487800616134174
300000,-4,-0.2814143248802674,0.013018152887630538,-0.03932962575697034
300000,-3.5,-0.2202477317181749,0.011953920842859992,-0.04125197809601962
300000,-3,-0.15457995777722205,0.010960956070272051,-0.044325780270540974
300000,-2.5,-0.08260072115918682,0.010043703331716246,-0.04826618139048161
300000,-2,-0.012315327265652931,0.008768460346040457,-0.050366003840943564
300000,-1.5,0.04912603589491504,0.007502147706082319,-0.05090863194828408
300000,-1,0.13100615574914154,0.007097459757136434,-0.05594362506943577
300000,-0.5,0.2114196276085925,0.00702358008350059,-0.06104795911910967
300000,0,0.2742268210661075,0.006928419442375612,-0.06260871291931988
300000,0.5,0.3261682166331413,0.006880523743764424,-0.06155738957594607
300000,1,0.3745269454378596,0.006902651098417748,-0.05952513825193102
300000,1.5,0.423029711775437,0.006981547702490876,-0.05748616766579394
300000,2,0.47266798985158914,0.00711433450089571,-0.055709835369138705
300000,2.5,0.5230576143591976,0.007327311859215875,-0.05411852681504441
300000,3,0.5735809752015487,0.007657010839401183,-0.05263314888417061
300000,3.5,0.624275872672529,0.008080146612520756,-0.051267684608620925
300000,4,0.675369784324928,0.008554800494233126,-0.05000100639710361
300000,4.5,0.7263834665304975,0.00938408695177549,-0.04828186905777353
300000,5,0.7719414963945659,0.011062180124245855,-0.04607067304990235
300000,5.5,0.8117804282077518,0.013106475449863188,-0.04447436720919413
300000,6,0.8548013247570039,0.014854434739306772,-0.04290787478698643
300000,6.5,0.8988843506990248,0.016548645396235854,-0.041028596577093665
300000,7,0.9425187904051219,0.018417695046670072,-0.039017418184889366
300000,7.5,0.9859524216496414,0.02057697587531739,-0.037005158195400095
300000,8,1.0290917480865311,0.023191138430306152,-0.035072970166497144
300000,8.5,1.071018111056055,0.026476567399349563,-0.03322778383330406
300000,9,1.1102476377292627,0.03058543600290114,-0.03138784101983557
300000,9.5,1.143504628108246,0.035654956223572884,-0.029233820866894696
300000,10,1.1619078818381543,0.04293356584498541,-0.025844458409024208
300000,10.5,1.1429001148911286,0.05380064039336699,-0.020995802858357053
300000,11,1.0719170911645572,0.06615082517570117,-0.020124651169792483
300000,11.5,0.9969225345540497,0.08011919214508137,-0.023907829153644873
300000,12,0.9354812657527701,0.0987778170180957,-0.03208040555934323
300000,12.5,0.8916720018865392,0.1204504731547687,-0.0428523900630189
300000,13,0.8687230438914995,0.13994448012040328,-0.05296791918871613
300000,13.5,0.8628466292596068,0.1546086345911109,-0.06128206250638256
300000,14,0.8673904616953283,0.165195728097466,-0.06798327197926479
300000,14.5,0.877226629103314,0.1737699305458726,-0.07357108737051044
300000,15,0.8892611705234622,0.181874125791594,-0.07853403037055454
300000,15.5,0.9019342981088156,0.1900585488102167,-0.08322488445482486
300000,16,0.9147271575790283,0.19827685440887,-0.08783636295834973
300000,16.5,0.9276586451425782,0.2063153850397105,-0.09244765197827902
300000,17,0.9409077096514399,0.2140031653140144,-0.09707855763358633
300000,17.5,0.9546199091526058,0.22126413439572867,-0.10172573286271809
300000,18,0.9688524442702239,0.22809714178291318,-0.10638091081018253
300000,18.5,0.9835867637563442,0.23454004476287982,-0.11103764699873128
300000,19,0.9987588425011653,0.2406433663460748,-0.11569252751417121
300000,19.5,1.014285060530964,0.24645705307249255,-0.12034438218733871
300000,20,1.030078607581166,0.2520257061615414,-0.1249930860165527
300000,20.5,1.0460579284732763,0.25738771873553606,-0.12963851175652183
300000,21,1.0621500358726697,0.2625757675660767,-0.13427978880237953
300000,21.5,1.0782910245228234,0.26761758368903915,-0.13891488158354184
300000,22,1.0944253111504871,0.2725366432824886,-0.1435404479221843
300000,22.5,1.1105044615982735,0.27735270076861385,-0.14815191408622397
300000,23,1.1264860277592246,0.28208218028707016,-0.15274369434823612
300000,23.5,1.1423325608097439,0.2867384676258604,-0.1573094854695105
300000,24,1.1580108342921265,0.2913321460730707,-0.16184257777250158
300000,24.5,1.1734912518054552,0.2958712109177934,-0.1663361405517295
300000,25,1.1887473959680448,0.3003612844883199,-0.17078345667528202
500000,-20,-0.8085346989635935,0.24317097522912695,0.06988907947551043
500000,-19.5,-0.7908866798198286,0.23729131554779015,0.06580815521380727
500000,-19,-0.773255423457545,0.23133283647956104,0.061771654155521785
500000,-18.5,-0.7557056523733466,0.2252905639132808,0.057774147982533865
500000,-18,-0.7383279411300764,0.21915487423546975,0.05381088174105059
500000,-17.5,-0.7212406621280053,0.21290988208050374,0.04987884267322322
500000,-17,-0.7045853502265571,0.2065318623587477,0.045977330562605834
500000,-16.5,-0.6885139462619191,0.1999876117468568,0.042107918185444695
500000,-16,-0.673171682565839,0.19323252897156035,0.0382741851096784
500000,-15.5,-0.6586867669666816,0.18620858408177504,0.0344818701116637
500000,-15,-0.6451791916013585,0.17884429831257545,0.030739107855683272
500000,-14.5,-0.6327868672954209,0.17106434118869268,0.027053908438146236
500000,-14,-0.621694138514713,0.16282819758296146,0.02342520261050957
500000,-13.5,-0.6122213864702597,0.15423588372263497,0.019845076972534265
500000,-13,-0.6051689491048049,0.1458487465344881,0.01649427342952516
500000,-12.5,-0.599194126245671,0.1404162198133079,0.014356775337613306
500000,-12,-0.5820413472654021,0.13654918285445272,0.006891379679547711
500000,-11.5,-0.7487126845989975,0.06676209282434632,-0.028096273637915115
500000,-11,-0.9156609991600144,0.031435892771965485,-0.05041799099941333
500000,-10.5,-0.8801926039772299,0.026169752484984047,-0.05294487610722709
500000,-10,-0.8371417987264751,0.02302572462238641,-0.053627619518419586
500000,-9.5,-0.7918171689221414,0.020547370239897847,-0.0539369147181115
500000,-9,-0.7416929735653028,0.018573221738604172,-0.05419780474254421
500000,-8.5,-0.6887298972278239,0.016933754330860765,-0.054547108231911445
500000,-8,-0.6346515218280636,0.01555496501916125,-0.05486014644666193
500000,-7.5,-0.5806235390041071,0.014399508458708927,-0.05495678397739915
500000,-7,-0.5273072627570431,0.01344037926731402,-0.05473596241196778
500000,-6.5,-0.4747186455966784,0.012651043246564875,-0.054233475953717004
500000,-6,-0.4223489344337265,0.012002137283339731,-0.05359633890183115
500000,-5.5,-0.3696225057916913,0.011463241351738408,-0.05298375262118456
500000,-5,-0.3162812150830202,0.011006551505501285,-0.05248486332464464
500000,-4.5,-0.26238144199641533,0.010612896692330408,-0.05211374754281467
500000,-4,-0.20803115053493682,0.010277938194731209,-0.051844164518649316
500000,-3.5,-0.15327374905881186,0.010007121600085737,-0.05163530167828716
500000,-3,-0.09822440923423248,0.009800944938066427,-0.05144682818346846
500000,-2.5,-0.043116848591449375,0.009646914748703992,-0.05125840216168274
500000,-2,0.011844732674694547,0.009521409646263525,-0.05108609300480862
500000,-1.5,0.06656088114181623,0.009398924819241102,-0.0509745325925828
500000,-1,0.12103976986017499,0.00927377255541496,-0.05094002457431925
500000,-0.5,0.17564118491141098,0.00918902242779246,-0.0509996043714976
500000,0,0.2306161946900957,0.009178519980729102,-0.05113565600622868
500000,0.5,0.2858784396349384,0.009216452237688752,-0.051193420470892835
500000,1,0.34112992172766105,0.009262514423372063,-0.05113397539612154
500000,1.5,0.3955931540845215,0.009273229093518805,-0.050745577815850006
500000,2,0.44836981581119734,0.009272630133049289,-0.04987946967758021
500000,2.5,0.49893869436367644,0.009387545045514305,-0.04886100524849234
500000,3,0.5485657867216622,0.009713966429668222,-0.04804037730416337
500000,3.5,0.600303632659528,0.010174926929687972,-0.04755784511865891
500000,4,0.6549642383551976,0.010655312623267903,-0.04744233764441954
500000,4.5,0.7102709848893397,0.011159968920956564,-0.04744779657416438
500000,5,0.764312404250958,0.011704850280237312,-0.04730054432712073
500000,5.5,0.816437082317051,0.012291973540543913,-0.046838523911283826
500000,6,0.8668591532048526,0.012916888632239769,-0.04604891676657055
500000,6.5,0.9160901575803042,0.01357969802014309,-0.04501196338854947
500000,7,0.964482908393929,0.0142942663078227,-0.043829539770806426
500000,7.5,1.0121571787239536,0.015082089564580185,-0.04258374425117206
500000,8,1.0591307616677204,0.015959296417106805,-0.04132713941982396
500000,8.5,1.1053862914990138,0.016934328534638908,-0.04008185560978744
500000,9,1.1508438049072283,0.01801977130980845,-0.03883213690435928
500000,9.5,1.1952852943711707,0.019234117456196794,-0.0375228669245534
500000,10,1.2382820051815722,0.020591134087428565,-0.036068242542901405
500000,10.5,1.27916293610243,0.022103403647588154,-0.03436133809618583
500000,11,1.3170046317757493,0.02378724133291095,-0.03228637764431475
500000,11.5,1.3506514251752377,0.025666473835665456,-0.0297322997021195
500000,12,1.3788649863071458,0.02778088978393009,-0.026635646519765153
500000,12.5,1.400680517042499,0.030197955614992975,-0.023069514661951743
500000,13,1.4158068000567294,0.033024763115877744,-0.0193181669637016
500000,13.5,1.4246828916575738,0.03641803260973161,-0.015845496547258024
500000,14,1.4280008820508803,0.040610718688672956,-0.013199684517249333
500000,14.5,1.4257005402140484,0.04601303249707435,-0.012045236847412693
500000,15,1.414811068209683,0.053412126392040835,-0.01328387291369273
500000,15.5,1.3874337072564342,0.06398408959974539,-0.01775472837651614
500000,16,1.3416647684349359,0.07862904536915853,-0.025385749528331954
500000,16.5,1.2574277657942188,0.11329848219812841,-0.04027001278979995
500000,17,1.0403103728013796,0.1742864858970015,-0.07523424996280946
500000,17.5,1.0003610243635885,0.19903457193325125,-0.09386483258357436
500000,18,0.9962639221904508,0.21573203908795555,-0.10056060326150258
500000,18.5,1.0061795504066167,0.22667236321119172,-0.10721320782453603
500000,19,1.0207276143457436,0.23495695733471542,-0.1134900746227832
500000,19.5,1.0359679793990224,0.24245946818047365,-0.11944350323718503
500000,20,1.05130460263369,0.24960470407583313,-0.12513156615338694
500000,20.5,1.0667682753212677,0.2564154789419413,-0.1305584831314955
500000,21,1.0823908460239207,0.26289753288132783,-0.13574854404469
500000,21.5,1.0981640006046633,0.2690878031497681,-0.14074726994306808
500000,22,1.1140631011809667,0.2750323661535904,-0.1456025777207659
500000,22.5,1.1300560796129662,0.28077145937367715,-0.1503535001606636
500000,23,1.1461040596437508,0.2863364585650241,-0.15502726479925874
500000,23.5,1.1621620041436431,0.29175156348149894,-0.1596405093855448
500000,24,1.1781809336943234,0.2970359093729941,-0.1642017611848906
500000,24.5,1.1941107461440328,0.30220491465385957,-0.1687138845506099
500000,25,1.2099026992991937,0.30727094703588625,-0.17317606544488937
500000,-20,-0.8051515731394978,0.24206830264519968,0.06892993986185243
500000,-19.5,-0.7877759218650833,0.23629326311468374,0.06483550489620568
500000,-19,-0.7703331663784273,0.23046572934131004,0.0607832518361498
500000,-18.5,-0.7528651250852905,0.22458027917150564,0.0567678261813815
500000,-18,-0.7354384049921417,0.21862587917771906,0.05278457612627072
500000,-17.5,-0.7181465715894066,0.21258430372413975,0.04883015854176127
500000,-17,-0.701106557593304,0.20642894831221312,0.04490254802388203
500000,-16.5,-0.6844483419238978,0.20012408114999136,0.04100045898778143
500000,-16,-0.6683012666721301,0.19362423201718948,0.03712269454135793
500000,-15.5,-0.6527861697255443,0.18687335825267654,0.03326823831139989
500000,-15,-0.6380247943252038,0.1798042744176674,0.029437348678651394
500000,-14.5,-0.6241709040733987,0.17234133594472328,0.025632361131410063
500000,-14,-0.6114535731378881,0.16441554063301797,0.021855262881927965
500000,-13.5,-0.6002207264837095,0.15601423082247154,0.018099944433742344
500000,-13,-0.5910006819343442,0.14730236659056345,0.014356388062181365
500000,-12.5,-0.5844135158358792,0.1388571199599018,0.01076036990645433
500000,-12,-0.5782852815488915,0.13223594841878136,0.007992597632374582
500000,-11.5,-0.5628788967826588,0.1285921564984547,0.0040927824487854755
500000,-11,-0.6231608470756675,0.09585325081583375,-0.014150899878589659
500000,-10.5,-0.8050613215510836,0.04186532417337909,-0.04032702654971572
500000,-10,-0.8244959397328078,0.027405294564545553,-0.04980857899390752
500000,-9.5,-0.7912075771060191,0.02330166275597561,-0.05144491233729478
500000,-9,-0.7502285009959127,0.020693984916879907,-0.051278380372575795
500000,-8.5,-0.7039581126353431,0.01861231802717362,-0.05078538637936612
500000,-8,-0.6540300426828315,0.01686298631264701,-0.05043607227231409
500000,-7.5,-0.6015781138803892,0.015375838007837164,-0.05035427141445895
500000,-7,-0.5472463753554405,0.014109459148169738,-0.05055995577247071
500000,-6.5,-0.49144330003420955,0.013024775040176892,-0.05103152421853827
500000,-6,-0.43445506678871965,0.01208397681705081,-0.051723810076296964
500000,-5.5,-0.3765206138881549,0.011254765056988124,-0.052583174582404954
500000,-5,-0.3178625908997283,0.010518012353451591,-0.05354375289992115
500000,-4.5,-0.25876051015726875,0.009872788059309702,-0.05449572304801885
500000,-4,-0.19979951798416848,0.0093272865211096,-0.055254493459547506
500000,-3.5,-0.14192822526262114,0.008882862649396252,-0.055600782806079774
500000,-3,-0.08591048215211082,0.008522237665029617,-0.05543001771919091
500000,-2.5,-0.0316804864301809,0.008206015279536794,-0.05490506705422835
500000,-2,0.02163717675530301,0.007890416172281983,-0.05434645105096982
500000,-1.5,0.07618443691318913,0.007615761801595252,-0.05402203043959285
500000,-1,0.13237243389732412,0.0073490898241786555,-0.053660829376437236
500000,-0.5,0.1859754969869712,0.006874944569218733,-0.05262236248715282
500000,0,0.23481078086246587,0.006373345765341354,-0.05087613727769198
500000,0.5,0.28577979376055673,0.006164400013393312,-0.049685951856070595
500000,1,0.34488822767653,0.006293015954687788,-0.050032853010035794
500000,1.5,0.40575751846748875,0.006570799390673086,-0.05111975736291846
500000,2,0.4630973679501255,0.006880583314707942,-0.05175436431124818
500000,2.5,0.5167448733049005,0.007226755919113912,-0.051697620932013376
500000,3,0.5681644089049176,0.007739153048952351,-0.050991626352592814
500000,3.5,0.6184032765662307,0.008527903148859954,-0.04970746723593735
500000,4,0.6656223471670866,0.00952942008601269,-0.048434714255328026
500000,4.5,0.7133250217832268,0.010442153451498064,-0.04755550320833234
500000,5,0.7630858204371572,0.011173755347062737,-0.04673230307930892
500000,5.5,0.8131073862783873,0.01188664573161752,-0.045836717745739976
500000,6,0.8627866192505684,0.012651648850484844,-0.04493046714435078
500000,6.5,0.9121043483586095,0.013477081423988282,-0.044008342664316656
500000,7,0.9610985494251765,0.014357438282605882,-0.043047302913468435
500000,7.5,1.0096401224592142,0.015298686395509548,-0.04203172248828692
500000,8,1.0574095621733104,0.016318743892113997,-0.0409503024550532
500000,8.5,1.1040455519807613,0.017438185466252303,-0.03978663003987464
500000,9,1.1492329724338484,0.01868425430281117,-0.03850359303125072
500000,9.5,1.192629374853914,0.020086391690997765,-0.03703590036010197
500000,10,1.233714668270447,0.021662331561842194,-0.03529015628778604
500000,10.5,1.2716775001302207,0.023425781498921407,-0.03314557831947053
500000,11,1.3053852010801255,0.02539671096452354,-0.03047298603331427
500000,11.5,1.3334980482915575,0.02760960476995619,-0.027184394231115072
500000,12,1.3548166059541802,0.030129457797663562,-0.023332009545603962
500000,12.5,1.3687679018244925,0.03307529390062088,-0.019227057130768267
500000,13,1.37561285453691,0.036648409212621746,-0.015468445921307356
500000,13.5,1.375985199247312,0.04117381573111594,-0.012836614964142151
500000,14,1.3697579493491068,0.047169412960344895,-0.012156342842153323
500000,14.5,1.3545602075094543,0.05536401522499,-0.014113120334012541
500000,15,1.3264270387247281,0.06644803987626027,-0.018953147374372575
500000,15.5,1.286759755659804,0.08086266380329211,-0.026354687367933928
500000,16,1.2303698940129117,0.10576260816914484,-0.03807336290922333
500000,16.5,1.0834992632583418,0.1488358360373715,-0.06201919682691727
500000,17,1.0074568163372961,0.18123606880196974,-0.08508148091783893
500000,17.5,0.9843564399190099,0.20355110709570112,-0.0942924708668295
500000,18,0.9832871127146268,0.21870245651176942,-0.10189746457932532
500000,18.5,0.99586309577345,0.22854894480291335,-0.10843704374232184
500000,19,1.0119568744897056,0.23644206990979333,-0.11427685687292426
500000,19.5,1.028333312371872,0.2436612359914635,-0.11978775561602999
500000,20,1.0446068223407938,0.25047000149698023,-0.12509829270277187
500000,20.5,1.0608656005011172,0.2569307806674336,-0.1302443452258899
500000,21,1.0771697284291624,0.2630960762284599,-0.1352521978238149
500000,21.5,1.093526677619132,0.2690185052121447,-0.14015063697775187
500000,22,1.1099181445023363,0.27474196493465464,-0.14496584705181434
500000,22.5,1.1263148136168728,0.2802998779412733,-0.14971765969179227
500000,23,1.142682000706194,0.2857176152638577,-0.1544188815213071
500000,23.5,1.158982200941483,0.29101529046008795,-0.15907624931977607
500000,24,1.1751768985536841,0.29620957827203936,-0.1636918788909631
500000,24.5,1.1912280975480583,0.3013145552388123,-0.1682646652015111
500000,25,1.2070995316609774,0.3063419306812243,-0.17279143810732697
500000,-20,-0.8000564411515738,0.24324426016013284,0.06952331301796494
500000,-19.5,-0.7832316048601977,0.23782697108505893,0.06536473116230657
500000,-19,-0.7663714628695354,0.23230703629072413,0.0612454647404704
500000,-18.5,-0.7494956930921108,0.226675111213872,0.057162578972379495
500000,-18,-0.7326343993583797,0.2209202060137298,0.053113607939869315
500000,-17.5,-0.7158295423149932,0.21502954088618967,0.0490970671216141
500000,-17,-0.6991339901429252,0.20898878335294033,0.0451124953345254
500000,-16.5,-0.6826076397978533,0.2027826875360988,0.04115991805591569
500000,-16,-0.6663112572780879,0.19639594687034692,0.037238916628829485
500000,-15.5,-0.6503002769547414,0.18981394312916447,0.033347814883372705
500000,-15,-0.6346218623914721,0.18302323326750133,0.029483600235704465
500000,-14.5,-0.6193178990750514,0.1760121130786633,0.025642901808494434
500000,-14,-0.604433817667965,0.16877230629864845,0.021823808086626973
500000,-13.5,-0.5900296210540362,0.1613037898269446,0.018027944309648613
500000,-13,-0.5761884210589261,0.15362631140529615,0.014262241892332545
500000,-12.5,-0.5630232843285944,0.14580218273652532,0.010539762459679403
500000,-12,-0.5507000645217349,0.13796764644778425,0.006878009379335958
500000,-11.5,-0.539518379613188,0.13034108574350958,0.0032909764093614416
500000,-11,-0.5300832511216877,0.12314579916338977,-0.000234268585492986
500000,-10.5,-0.52349887701599,0.11640998348538688,-0.003797086301326924
500000,-10,-0.5213435133998743,0.10960851955841225,-0.007675018894424758
500000,-9.5,-0.525152999402049,0.10124100833175427,-0.012313588459071734
500000,-9,-0.5357564711287086,0.08935495316799948,-0.01828985206139907
500000,-8.5,-0.5525677063452488,0.0734687639584035,-0.026581820723166803
500000,-8,-0.5765193155078823,0.054031507080059306,-0.037537034575801244
500000,-7.5,-0.5925327424805085,0.03237674453641772,-0.0452905444530282
500000,-7,-0.5669593071956589,0.020806929715610562,-0.04526957750902197
500000,-6.5,-0.5236424754769827,0.017334700248687752,-0.04395674761594577
500000,-6,-0.4744552290431602,0.015221221906630278,-0.04313381146640079
500000,-5.5,-0.4205861519558054,0.013575438155171878,-0.04317585705782091
500000,-5,-0.362442772064132,0.012285121477953128,-0.04410468963584827
500000,-4.5,-0.30111776227309833,0.01123381082153806,-0.045700067369330175
500000,-4,-0.2378685413031147,0.01033997867475916,-0.04774002132693443
500000,-3.5,-0.17368224620446376,0.009547369675327044,-0.05009198888361186
500000,-3,-0.10900377127075284,0.008789967072821694,-0.052760094508963476
500000,-2.5,-0.0425314312023761,0.00805358062590843,-0.05567149192211995
500000,-2,0.026379360409447383,0.0073602119330983765,-0.05805319544238582
500000,-1.5,0.08439579716330022,0.006301401139633709,-0.057468918356760455
500000,-1,0.1330830888374733,0.005559574876524459,-0.055435578046330036
500000,-0.5,0.19485004510493742,0.005420185511423393,-0.05565158550171845
500000,0,0.2593754819759229,0.005501546613711153,-0.057031229928815444
500000,0.5,0.3169295492107723,0.005575819138158619,-0.05737473760507281
500000,1,0.36989612032674185,0.005649304774950881,-0.05674224841252321
500000,1.5,0.4210287911272995,0.0057508089699574655,-0.055620985919457876
500000,2,0.47157708881198673,0.005919378387207953,-0.054325641015320544
500000,2.5,0.5218309030629036,0.006186993054133872,-0.05302548286443284
500000,3,0.5719352191631086,0.006535907679981255,-0.05183749268738341
500000,3.5,0.6222485036985905,0.00694473897682198,-0.05084173030640694
500000,4,0.6734032842776764,0.007581777633762796,-0.049717041501390905
500000,4.5,0.7240473259838294,0.008766630846222112,-0.048001155839873785
500000,5,0.7691110073352211,0.010313317641507657,-0.04670894223500048
500000,5.5,0.8157789290715445,0.01164125457875578,-0.045843740703454906
500000,6,0.8642249127487212,0.012806055047224835,-0.044762797903305174
500000,6.5,0.9120208956612014,0.014040165163937166,-0.043480843431185884
500000,7,0.9585506091309893,0.015413896554300886,-0.04201220891522624
500000,7.5,1.0038059776222295,0.01695036227355794,-0.040365558060470784
500000,8,1.0477445588689902,0.01869930897076379,-0.0385926759224696
500000,8.5,1.0901034389638569,0.020744603029759882,-0.03675434064868095
500000,9,1.1305057163476835,0.023186196471516842,-0.034872052892048123
500000,9.5,1.1683591348671594,0.026111319458198036,-0.03288900292749667
500000,10,1.202190158256262,0.029571024873301453,-0.030634151400559362
500000,10.5,1.2283758511390095,0.03369167800121373,-0.02778799776391453
500000,11,1.2394952904898013,0.03913433507254869,-0.024060247145667627
500000,11.5,1.2218111096325832,0.04768622471993343,-0.020191042806734585
500000,12,1.15591299162748,0.06176448229294086,-0.01975667469177118
500000,12.5,1.0541119124587848,0.08249811394671673,-0.02694354181309157
500000,13,0.9693069795673914,0.1069794799183907,-0.03965452712567104
500000,13.5,0.920421340787659,0.13086071535411034,-0.05263402844776453
500000,14,0.8986826069693457,0.1515001213987792,-0.0631943382498754
500000,14.5,0.8928598427927041,0.16800230012256026,-0.0712273788194934
500000,15,0.8946092912158845,0.18051880414967805,-0.07764183656163018
500000,15.5,0.9009046066846034,0.18985862207906595,-0.08328822437004897
500000,16,0.9118539004859713,0.19747681619244806,-0.08852655265108951
500000,16.5,0.9263231078414653,0.20478768299364689,-0.09343298258759368
500000,17,0.9420696244729153,0.21231289435960687,-0.09811287781509555
500000,17.5,0.9577364842754523,0.2198776270139475,-0.1027101870918039
500000,18,0.9730385877295498,0.2272229567987169,-0.10731460919705618
500000,18.5,0.9881265067836423,0.23423386719769346,-0.11195098315341037
500000,19,1.003196683561536,0.240898349424401,-0.11661267320919685
500000,19.5,1.0183752618567286,0.2472415164845065,-0.12128631649441166
500000,20,1.0337140718745417,0.2532947175466469,-0.1259612423157033
500000,20.5,1.0492144010063393,0.25908692039154385,-0.1306308427250838
500000,21,1.0648495895780647,0.2646440251665369,-0.1352912829813883
500000,21.5,1.0805800776752112,0.26998988194670304,-0.13993990031539363
500000,22,1.096361867445792,0.27514714153416286,-0.1445740307533368
500000,22.5,1.1121507769979773,0.28013760556040335,-0.14919036396055735
500000,23,1.127904402004813,0.2849821653679479,-0.15378472142342364
500000,23.5,1.1435829549898031,0.28970049742212184,-0.15835211385199094
500000,24,1.1591495925203728,0.29431066644666987,-0.1628869501534393
500000,24.5,1.1745705126758335,0.29882874670633786,-0.16738330225811482
500000,25,1.1898149401265146,0.3032685282894039,-0.17183516258123688
750000,-20,-0.8089403920685265,0.24401265078704246,0.07032417311452735
750000,-19.5,-0.7912779030080709,0.2380849522305218,0.06624554207979205
750000,-19,-0.7736738624589191,0.23205723175773776,0.06218391778834516
750000,-18.5,-0.7562329057576898,0.2259177246823555,0.058133144117043546
750000,-18,-0.7390946369829171,0.2196455498105262,0.05409026674329117
750000,-17.5,-0.7224282337309679,0.21320704524779863,0.05005706639797304
750000,-17,-0.7064137790580493,0.2065525837860165,0.04604039257649993
750000,-16.5,-0.6912116620789933,0.19961641133654262,0.04205091706849197
750000,-16,-0.676931018240546,0.1923245391825393,0.038100563243824714
750000,-15.5,-0.6636145357298784,0.184617761568179,0.034198702026674736
750000,-15,-0.6512757069017403,0.17649372344673392,0.030347283377122954
750000,-14.5,-0.6401556363519413,0.16807171925027684,0.02656951317178472
750000,-14,-0.6312599533867597,0.16003548271267656,0.023279845888615362
750000,-13.5,-0.6197316948424354,0.1571573097650178,0.02115240024820938
750000,-13,-0.6387200574830122,0.13032856730910722,-0.0011548678041756577
750000,-12.5,-0.9776731370832663,0.042020691054595695,-0.04545018352313994
750000,-12,-1.022887247418331,0.02964800053107185,-0.053570576995803934
750000,-11.5,-0.9790054327127239,0.026196849500947833,-0.05371905998276004
750000,-11,-0.9395309792720867,0.02310990347888169,-0.05399493249939972
750000,-10.5,-0.8961497334989439,0.020663250073007584,-0.054143563905415394
750000,-10,-0.8477334963109526,0.01871018496079363,-0.05429286056806246
750000,-9.5,-0.7963051032265072,0.017081621843753066,-0.05453015451011813
750000,-9,-0.7435356384948844,0.015701749412918582,-0.05474866123316128
750000,-8.5,-0.690529898402779,0.014535321068246818,-0.054772291184450005
750000,-8,-0.6379476793914336,0.013552963902115822,-0.05449154363300538
750000,-7.5,-0.5858950354496328,0.012722815211655565,-0.05394123977914804
750000,-7,-0.5339771493858982,0.012018196216265762,-0.05328011473343931
750000,-6.5,-0.4816550021076708,0.011418222539540848,-0.05267855037978875
750000,-6,-0.428580825590618,0.01090597358878954,-0.05222421413470896
750000,-5.5,-0.37468111725358966,0.010469623147575597,-0.05192116982481504
750000,-5,-0.3201121761037935,0.010099166687194377,-0.05173442977870972
750000,-4.5,-0.2651710031292486,0.009783272080491606,-0.051621377163271295
750000,-4,-0.21008769654436327,0.009515275128271739,-0.05154429179667107
750000,-3.5,-0.15487703014738333,0.009298049637488093,-0.05147317671209537
750000,-3,-0.09950163279636715,0.009134191337726152,-0.051386238935214844
750000,-2.5,-0.044058380225790894,0.00901528476922038,-0.05127807616157065
750000,-2,0.011286546438522477,0.0089209003314292,-0.051168817026000846
750000,-1.5,0.06641391871742718,0.008825695633837699,-0.05109893364753101
750000,-1,0.1212340291788249,0.008717081754083119,-0.05109867441951771
750000,-0.5,0.1758945601503039,0.008625524047661419,-0.051153386910814946
750000,0,0.23074529067118194,0.008613806486582944,-0.05129810345518974
750000,0.5,0.28581980676444685,0.00869260638756899,-0.05144920777251858
750000,1,0.3412335738927325,0.008825952362477265,-0.051412888924212655
750000,1.5,0.39683880665959226,0.00896453081233297,-0.05121216322658813
750000,2,0.451685755685555,0.009070854955754309,-0.05092457691722023
750000,2.5,0.504545326737172,0.009212036860326143,-0.05048581186827973
750000,3,0.5555028677267556,0.009441197311266835,-0.04984767718100303
750000,3.5,0.606646465191063,0.009662942858799725,-0.04916386174723839
750000,4,0.6589550005665784,0.00990943236549651,-0.04847550702915128
750000,4.5,0.712509796776128,0.010245235578856902,-0.04798751857266852
750000,5,0.7667666280402897,0.010671897737969728,-0.047755532680060234
750000,5.5,0.8207141957845565,0.011167295865982809,-0.04757147988503595
750000,6,0.8736607986298845,0.011708909178381209,-0.04722497842471733
750000,6.5,0.9253348658890415,0.012288153977188528,-0.046629825057049344
750000,7,0.9756539766601962,0.012914421743359305,-0.04579982860265731
750000,7.5,1.0246792445024393,0.013602545892049997,-0.04479655223284162
750000,8,1.0726050389105506,0.014360483394237678,-0.04369386044637583
750000,8.5,1.1196707628278681,0.01519158702190202,-0.04255213505172224
750000,9,1.166049693518797,0.016108796458177956,-0.041394348479477774
750000,9.5,1.2117419493832557,0.01712929147028935,-0.04020171382320731
750000,10,1.2565157955645383,0.01826395274989418,-0.03892175102386097
750000,10.5,1.2999141984363969,0.019522682046773956,-0.03748139130244984
750000,11,1.3412620402677407,0.020916512148830134,-0.0357942898196017
750000,11.5,1.3796373726684865,0.02246057816519686,-0.03374992194456905
750000,12,1.413862707394237,0.024178597379011287,-0.03121830575413642
750000,12.5,1.4426576630986294,0.026108926154944225,-0.028104315795636055
750000,13,1.4650442902720395,0.028314560532715007,-0.024453735131030968
750000,13.5,1.4808120017559108,0.030894379025013814,-0.020541570725993073
750000,14,1.4906104623077887,0.03398987472387009,-0.016834904860873256
750000,14.5,1.495500071190976,0.03779907682894164,-0.013864069145163888
750000,15,1.4961065109294904,0.042646997491902004,-0.012212187418121846
750000,15.5,1.4909574332393127,0.04913759725280136,-0.012635615304677583
750000,16,1.4737290115212764,0.05819975926060827,-0.015878435617949483
750000,16.5,1.437157787092664,0.07055540243446486,-0.022039663852009478
750000,17,1.3863272836048481,0.0884472678286525,-0.03086119148146397
750000,17.5,1.2602293113761351,0.1325457989756584,-0.05027379160845051
750000,18,1.078179528656128,0.18237156152808953,-0.08489240445490023
750000,18.5,1.0426983560750425,0.20766822831213377,-0.09970091719329853
750000,19,1.0308584510632854,0.22769228158870417,-0.10750149543898754
750000,19.5,1.0371134156532462,0.24052420399553925,-0.1148716343132535
750000,20,1.0513199403955567,0.24916588502739284,-0.12153718941235925
750000,20.5,1.0674707766098517,0.2563283046133462,-0.12770976705303688
750000,21,1.083874862732939,0.26303078367207744,-0.13358137634097494
750000,21.5,1.100242926237987,0.2694803953027505,-0.1392000614099515
750000,22,1.1165140918353083,0.27568930749427495,-0.14457103094485982
750000,22.5,1.1326498857924803,0.28166423990573053,-0.1497123528009045
750000,23,1.148631336416602,0.2874281603252751,-0.1546571719680813
750000,23.5,1.1644583346152455,0.29300813214542365,-0.15944208014468825
750000,24,1.1801371388088349,0.29842694376647244,-0.1640987966674164
750000,24.5,1.195668894218247,0.30370140995334816,-0.16865114275339305
750000,25,1.2110446807101884,0.3088435645403334,-0.17311518992574726
750000,-20,-0.8078396110021219,0.24229526022424192,0.06934269424759568
750000,-19.5,-0.790003303409804,0.23657206461033958,0.06529054210555488
750000,-19,-0.7721017398525452,0.23078369808069554,0.061259766239972556
750000,-18.5,-0.7542229530866328,0.2249129860563412,0.05724370150750661
750000,-18,-0.7364903880328831,0.21893063577344576,0.053237040487146614
750000,-17.5,-0.719059362444064,0.21279186758361004,0.049236274270699085
750000,-17,-0.7021048630135622,0.20643363142142906,0.04523961454798499
750000,-16.5,-0.6858050926881694,0.19977377166070717,0.04124688069774183
750000,-16,-0.6703318446081677,0.19271534957819242,0.037260075612569235
750000,-15.5,-0.6558558756525374,0.18516278462081104,0.03328436639082342
750000,-15,-0.642562442158118,0.17706043364673762,0.029326332276943496
750000,-14.5,-0.630697546872548,0.16846214254767333,0.025386838859322403
750000,-14,-0.6207738874079523,0.15963486474769528,0.02150391538976247
750000,-13.5,-0.6131398423385435,0.1515009301499854,0.018191344877919336
750000,-13,-0.598451044339865,0.1480271504534331,0.015376966090307198
750000,-12.5,-0.6363591238675591,0.1235603260133663,-0.004558086004550522
750000,-12,-0.9026485134674787,0.048382573847685656,-0.03987365662064322
750000,-11.5,-0.9574620624978385,0.03026906903489646,-0.05152705900249499
750000,-11,-0.9280801210328729,0.025790133694091028,-0.05298537950303698
750000,-10.5,-0.8919705575284123,0.022760502261827947,-0.05289933859837964
750000,-10,-0.8508938428893542,0.020345306615385906,-0.05240503637189201
750000,-9.5,-0.8052318492661876,0.018359327151188775,-0.051917851468481144
750000,-9,-0.7561860979939511,0.016684450851375744,-0.051631649267975574
750000,-8.5,-0.7046535203604363,0.015253525557204906,-0.05158101335838068
750000,-8,-0.6512655550314963,0.014017975025943248,-0.05173292283746076
750000,-7.5,-0.5965053613371858,0.012938998582661855,-0.05204766670258093
750000,-7,-0.5406888874500475,0.011993263892572006,-0.052504518413562254
750000,-6.5,-0.4839803434623712,0.011164991240203877,-0.05308766004168897
750000,-6,-0.426541054765633,0.010438556492912332,-0.05375760099515342
750000,-5.5,-0.3687351631235304,0.009798513364201279,-0.05442738324108598
750000,-5,-0.3111679191831641,0.009234886529697959,-0.054953782476318394
750000,-4.5,-0.2544339106218569,0.008748961435594288,-0.05517019162920049
750000,-4,-0.19882266398675053,0.008346935833488058,-0.05497339801007216
750000,-3.5,-0.1442093513895135,0.008026853362158819,-0.05441564004604059
750000,-3,-0.09015962006219272,0.0077720644895918345,-0.0537043015734036
750000,-2.5,-0.036236426253964074,0.007550097448865174,-0.053085790837750634
750000,-2,0.01772763812028115,0.0073202734523363806,-0.05271205782935935
750000,-1.5,0.07223604551490208,0.007085542029873418,-0.05259861205370312
750000,-1,0.12863311732243804,0.006926385828606253,-0.052732419427802914
750000,-0.5,0.18569719666190404,0.0067636510720285835,-0.052687416821204855
750000,0,0.24047760719426484,0.006446025839510174,-0.05212540103649767
750000,0.5,0.29130085733252237,0.006101175866428749,-0.051008213309956016
750000,1,0.34162959402959286,0.005943722775716271,-0.04996617449097953
750000,1.5,0.397168789087528,0.0060313231466346245,-0.04982157254138684
750000,2,0.4561676499248746,0.006288181387945461,-0.050656484576136654
750000,2.5,0.5138959313994743,0.006712111449209911,-0.05135811903872709
750000,3,0.5692078880943647,0.007335702557475948,-0.05122004930592368
750000,3.5,0.620567254273836,0.008136055897460104,-0.05051507438324628
750000,4,0.6694111788087257,0.008977007513594749,-0.04978757533969192
750000,4.5,0.7196186374486092,0.00963914355836949,-0.049069509116121644
750000,5,0.770279506890506,0.010219438696223236,-0.04821730339117661
750000,5.5,0.8205660282040947,0.010817373708119991,-0.04732027353805374
750000,6,0.8704603328001449,0.011461837196589941,-0.0464236099084551
750000,6.5,0.9201567366390557,0.012151326031019628,-0.04552784083212195
750000,7,0.9697903837429458,0.012881892704784624,-0.04462976413205303
750000,7.5,1.0192405085857503,0.013661380532865587,-0.0437266933376264
750000,8,1.0681983141074034,0.014503118653091089,-0.0428134596889321
750000,8.5,1.1163769335079294,0.01541972755286678,-0.04187688839212393
750000,9,1.163589219079694,0.016433348756016486,-0.040883463653559965
750000,9.5,1.2096524231916703,0.01756478086416244,-0.03978074459669052
750000,10,1.254252298229373,0.018822484851456645,-0.03849863562031088
750000,10.5,1.2968639937228101,0.02021390376271076,-0.03694944545782217
750000,11,1.3367008225569523,0.02174964592863741,-0.035029194933832254
750000,11.5,1.372672576457584,0.023446759520510285,-0.032611939845841195
750000,12,1.403443170029194,0.02533552526573901,-0.029576216414324875
750000,12.5,1.4277371288336729,0.02747065499679525,-0.02589857853788392
750000,13,1.444872778453003,0.029948540074215112,-0.021786697209673453
750000,13.5,1.4551298001547237,0.032926619841025385,-0.017736247280556672
750000,14,1.4595033734414107,0.03664486440809991,-0.01443061420158689
750000,14.5,1.4588100716228931,0.04147256944059379,-0.012600307493082169
750000,15,1.4521950174299874,0.04797527802111028,-0.012927659602213471
750000,15.5,1.4356148165513418,0.056851077722936176,-0.015816167135600478
750000,16,1.4046227589574172,0.06855561330949692,-0.021142047516331676
750000,16.5,1.3629823182060847,0.08329256056886086,-0.028352670562505185
750000,17,1.3036687539542964,0.10851695523216826,-0.039751906546606465
750000,17.5,1.1613656715170981,0.1474954131548874,-0.06284409736366739
750000,18,1.0792536733029698,0.17923520053977343,-0.08699501997970553
750000,18.5,1.0422471493928347,0.2053384423150663,-0.0978675707303879
750000,19,1.0242900243092405,0.22682503189706218,-0.10708329761392055
750000,19.5,1.0270112224740058,0.24088336730804913,-0.11509419277852675
750000,20,1.0409344464460721,0.2499950972236963,-0.12184118918707135
750000,20.5,1.058392221093944,0.2570803542328582,-0.12784249900575884
750000,21,1.076314770951551,0.26349661398752766,-0.13346510530467234
750000,21.5,1.0939843750689975,0.2696147294372057,-0.1388550774691804
750000,22,1.1113280009958144,0.27550830862978015,-0.14405722632274792
750000,22.5,1.1283772188519254,0.28120417455128394,-0.14909529255544987
750000,23,1.1451665944091274,0.28672857861470236,-0.15399382139226073
750000,23.5,1.161722501206397,0.29210602334975894,-0.15877704444407592
750000,24,1.1780615618203263,0.2973558167423929,-0.1634650173141053
750000,24.5,1.1941896618136818,0.3024920505432951,-0.1680719784108362
750000,25,1.2101024981321231,0.30752500614293227,-0.17260660704069683
750000,-20,-0.80081501291224,0.24439314656107494,0.06954904123169485
750000,-19.5,-0.7837046461372079,0.23877815625219317,0.06538634544989497
750000,-19,-0.7665307611876011,0.23304978642898191,0.06125382163934269
750000,-18.5,-0.7493276224114118,0.22720160066964445,0.0571498729539084
750000,-18,-0.732145065973228,0.22122465741756797,0.05307431017916096
750000,-17.5,-0.7150469037016915,0.21510712000262552,0.049028329333869886
750000,-17,-0.6981048953167661,0.20883431505490252,0.04501377224258032
750000,-16.5,-0.6813890910085219,0.2023890524649859,0.041032002640781204
750000,-16,-0.6649577616398117,0.1957519719830594,0.03708318681522811
750000,-15.5,-0.6488518183215555,0.1889020368281228,0.03316679362345221
750000,-15,-0.6330976830255113,0.1818178843827364,0.0292834918622924
750000,-14.5,-0.6177183331386368,0.17448150426790351,0.025437690400746525
750000,-14,-0.602747987359188,0.16688776516519602,0.021639398131722005
750000,-13.5,-0.5882483480207302,0.15906878126985655,0.017903948452841836
750000,-13,-0.5743388146777892,0.1511493703201811,0.014248004490479938
750000,-12.5,-0.5612775199417619,0.14343308180133596,0.010682253806410743
750000,-12,-0.5496131016395996,0.1364048256506421,0.007212712617489114
750000,-11.5,-0.5402161659055874,0.13039360628111799,0.003865918202014468
750000,-11,-0.5339075010891571,0.12495000300500247,0.0006571634962506678
750000,-10.5,-0.5317595243173923,0.11848155374548569,-0.0027443755136404347
750000,-10,-0.5380724725548798,0.10817569058902708,-0.007813304496023254
750000,-9.5,-0.5650973745846457,0.08868130139489208,-0.01764125252843524
750000,-9,-0.6286020279644438,0.05639200190911854,-0.033295763876906734
750000,-8.5,-0.6741705933303807,0.030335921715199412,-0.04482490445523457
750000,-8,-0.65556876593872,0.02062432063021133,-0.047291395659202984
750000,-7.5,-0.613714200611821,0.017265629611787472,-0.04703570669809702
750000,-7,-0.5651857002815308,0.015184106761225575,-0.04672639888244233
750000,-6.5,-0.5125184125674904,0.013537990194331663,-0.046766282310411085
750000,-6,-0.4563855593076749,0.01220827055539521,-0.047297787952050474
750000,-5.5,-0.39766227114791003,0.011113698957973699,-0.04831099879112087
750000,-5,-0.33719518390374525,0.01018692102494176,-0.049687173981303845
750000,-4.5,-0.27552676328656633,0.009389041760978259,-0.05129534615797308
750000,-4,-0.21317845133898708,0.008698479900890461,-0.053026030497096435
750000,-3.5,-0.15087508941628214,0.008094356269540675,-0.05476067218079027
750000,-3,-0.08957187569244039,0.007535443407471914,-0.05637379735712452
750000,-2.5,-0.029780639693691283,0.006980413644585049,-0.05768224581482553
750000,-2,0.03081272540848183,0.006520769654451427,-0.05841362812807773
750000,-1.5,0.08799589988078027,0.005943366414568311,-0.057564900851730536
750000,-1,0.13519031220655042,0.005170272130740806,-0.054846350121701484
750000,-0.5,0.18154553137762175,0.004743328380272039,-0.05224606523547097
750000,0,0.24048988791123668,0.004714078629957132,-0.05200310947295792
750000,0.5,0.3041551678145321,0.004822911965555909,-0.053451735167977035
750000,1,0.3643137701272209,0.004957446426031162,-0.054467481576843835
750000,1.5,0.4203717610406028,0.0051344387207249344,-0.05459067760491042
750000,2,0.47327937695400696,0.0053762800338063,-0.054039988701629196
750000,2.5,0.5240979110557676,0.005669089571796267,-0.053149056220492055
750000,3,0.5739617227050309,0.005994994508904465,-0.05221939219122103
750000,3.5,0.6239296928261506,0.006448737139865895,-0.051276626528369576
750000,4,0.6751825966090788,0.007273844664072251,-0.04984328437670998
750000,4.5,0.723533709188962,0.008460658551206372,-0.048388195614194454
750000,5,0.7704692976695564,0.009639575952827618,-0.04757131418986593
750000,5.5,0.8203879472637658,0.010563790768479986,-0.04685937291160217
750000,6,0.8708153829423428,0.011450345376241155,-0.046021827151766836
750000,6.5,0.9205029663191616,0.012414475921268153,-0.04508349493003967
750000,7,0.9692008538979388,0.013474867027139589,-0.0440062933831391
750000,7.5,1.0168700411470217,0.014635349868773507,-0.04277143361526457
750000,8,1.0632852591170197,0.015920254780613815,-0.04138818156978854
750000,8.5,1.108026252433605,0.017370188914174335,-0.03986754160297504
750000,9,1.1507068417003194,0.01903563682182132,-0.038196059498803135
750000,9.5,1.1910188433936053,0.020961403243227823,-0.036327911334811794
750000,10,1.2285225585457764,0.0231669536442129,-0.0341841119674969
750000,10.5,1.2623487647201128,0.025660894223017452,-0.031650103528372636
750000,11,1.2909305506783209,0.028464279910925178,-0.02859876879360691
750000,11.5,1.3119184821489693,0.03164436383508521,-0.024963054847142903
750000,12,1.322576433239436,0.03538022295821005,-0.020908841009559066
750000,12.5,1.320785179337653,0.04007536611854176,-0.017090422519163363
750000,13,1.3059341550400068,0.046534770693890365,-0.014781035037955647
750000,13.5,1.2781755712677842,0.05618925112037869,-0.015560958816110837
750000,14,1.2358558996447448,0.07126492886587983,-0.020580210729592503
750000,14.5,1.1746444077808182,0.09421697415467221,-0.030117168355756552
750000,15,1.0921346946813921,0.12432336199807746,-0.04377778112810031
750000,15.5,1.007857035379095,0.1553808885235709,-0.061127777299104104
750000,16,0.9687255647969327,0.17791314698379845,-0.07800437824542711
750000,16.5,0.9594387657590254,0.19305008910607435,-0.08791263869097046
750000,17,0.9539373543202929,0.2063628336698345,-0.0944210241411773
750000,17.5,0.9578151061771216,0.21760758484342435,-0.1007572602452684
750000,18,0.970457139286119,0.22682684577825965,-0.10659315310012987
750000,18.5,0.9868691797826792,0.2347269867782427,-0.11180568056655553
750000,19,1.0039869872852187,0.24187233007505995,-0.11664641259218915
750000,19.5,1.0208288522130946,0.24856110537655443,-0.1213368047738909
750000,20,1.0372687948138548,0.25494351198405457,-0.12598654791547342
750000,20.5,1.0533964398669449,0.2610985017158624,-0.13063499943480422
750000,21,1.0693196746942009,0.26706534364723505,-0.13529032537046223
750000,21.5,1.085118965801896,0.2728606865541031,-0.13994908406591336
750000,22,1.1008421687951668,0.27849009647760053,-0.144604341900179
750000,22.5,1.1165095706710857,0.28395545842836784,-0.14924861675348675
750000,23,1.1321210527553176,0.28925904551929016,-0.1538746843819901
750000,23.5,1.1476627815600842,0.2944052640137502,-0.15847563372658136
750000,24,1.1631125891650806,0.29940099002826603,-0.1630447685223944
750000,24.5,1.1784439454995603,0.30425516351260384,-0.16757556094214004
750000,25,1.193628718641483,0.30897806405470424,-0.17206168542115308
1000000,-20,-0.8091321697518744,0.2449007773130235,0.07059891415950885
1000000,-19.5,-0.791549745641031,0.2388818155535965,0.06645734043963467
1000000,-19,-0.7740882629363823,0.2327344672515889,0.0623091458442284
1000000,-18.5,-0.7568931241622877,0.22643704461282427,0.05815454325287499
1000000,-18,-0.7401436738403757,0.21995355460751956,0.053999924707833956
1000000,-17.5,-0.7240280734178137,0.21323211475382406,0.049857450732157235
1000000,-17,-0.7086968023309591,0.2062101931168447,0.04574256480743473
1000000,-16.5,-0.6942106880562741,0.19883117008354032,0.04166985473511507
1000000,-16,-0.6805312386480715,0.1910699382029726,0.03764724357368387
1000000,-15.5,-0.6676772225750668,0.18294889629414773,0.03367545706536522
1000000,-15,-0.656324081491116,0.17459617685131237,0.029868368347287667
1000000,-14.5,-0.6473828540329062,0.16759560144258562,0.02707532310325552
1000000,-14,-0.6292153397902686,0.16651350535622805,0.019859676330227137
1000000,-13.5,-0.8317443458019678,0.0801613666479211,-0.024559678174022565
1000000,-13,-1.101890936554728,0.032951560408857085,-0.05309513902195863
1000000,-12.5,-1.0729532220976647,0.02842804809193103,-0.0540661211121505
1000000,-12,-1.034065869230103,0.025092115860200107,-0.054120184926220505
1000000,-11.5,-0.9951703558213915,0.022261724812336656,-0.05424625054346771
1000000,-11,-0.9508872432385367,0.020035506242175993,-0.05430242679984816
1000000,-10.5,-0.9021724975020857,0.018221707111499563,-0.05440595802796337
1000000,-10,-0.8510202957592066,0.01668822660451529,-0.05455475774874911
1000000,-9.5,-0.7988517196520464,0.015376838496312144,-0.054626501594089216
1000000,-9,-0.7465619702825786,0.014258882182849727,-0.05448819167148215
1000000,-8.5,-0.6945803104512277,0.013311878342184743,-0.05408694917240235
1000000,-8,-0.6428447090023798,0.012510247814986079,-0.05349207054312747
1000000,-7.5,-0.5909664222987046,0.011822689016819769,-0.05285302103952907
1000000,-7,-0.5385518940438914,0.011224779014413735,-0.05230680725283556
1000000,-6.5,-0.48540017315538964,0.010704750600283744,-0.05191644672227402
1000000,-6,-0.4314870436060847,0.010257055832669958,-0.05167499869475585
1000000,-5.5,-0.37689732406251875,0.009877807915207511,-0.051544011775009016
1000000,-5,-0.32180821380061136,0.009560272918413226,-0.051482031506689244
1000000,-4.5,-0.26648279815525366,0.009292534177912678,-0.05145530994140106
1000000,-4,-0.21115174995490557,0.009063519535227837,-0.051438908599290026
1000000,-3.5,-0.15583249332219357,0.00887223722609774,-0.051415139248009445
1000000,-3,-0.10040627683064247,0.008722591794886655,-0.05137168479818133
1000000,-2.5,-0.04485489353178378,0.008610821700163085,-0.05130641334992395
1000000,-2,0.010709499839179265,0.008523206889987537,-0.051237128409398223
1000000,-1.5,0.06614819940224405,0.00844272539275311,-0.05120028139131304
1000000,-1,0.12131706292606524,0.008359679177157643,-0.05123151774996694
1000000,-0.5,0.17621498620048454,0.008288602158214956,-0.05132260063553552
1000000,0,0.23123555442424637,0.00827894266224462,-0.05145035468745103
1000000,0.5,0.28651396953252317,0.008358227610847339,-0.05158203244462782
1000000,1,0.3419487587298178,0.008499258281483875,-0.051554734980200266
1000000,1.5,0.397478253519795,0.008669610920522085,-0.051437316997518134
1000000,2,0.45253969797755017,0.008865995197172107,-0.05137260197687875
1000000,2.5,0.5062714949027167,0.009095223623463504,-0.05115499096403246
1000000,3,0.5592339100210358,0.009277665871196484,-0.05079005410866413
1000000,3.5,0.6118803202466992,0.009404167799157806,-0.05026734938218842
1000000,4,0.6640736062750334,0.009540178008012962,-0.049633475955981575
1000000,4.5,0.7162742920499298,0.009755290437049074,-0.048949560849953055
1000000,5,0.769136590733762,0.01007880481426584,-0.048383596157733744
1000000,5.5,0.8227642872642116,0.010491455353658427,-0.04802578401150791
1000000,6,0.876577026835804,0.010964802991707446,-0.047753161629267765
1000000,6.5,0.9297550859772606,0.01148634334663297,-0.04739551105776551
1000000,7,0.9816586686398606,0.012060276689265275,-0.046853232219429664
1000000,7.5,1.0320559430368332,0.012693374659401525,-0.046111353546577645
1000000,8,1.0810688089592837,0.013385990251422219,-0.04521143012663298
1000000,8.5,1.1289875755531245,0.014138268381635883,-0.04421099155777771
1000000,9,1.17609357460489,0.014963636293868732,-0.04314611635819837
1000000,9.5,1.2225147444395494,0.015877314461096196,-0.042021704491355796
1000000,10,1.2681624263126732,0.01688858223516975,-0.04081439915209374
1000000,10.5,1.312747090758124,0.01800598478495727,-0.039485480011597636
1000000,11,1.3557942022280536,0.019238646964918327,-0.037982194281491063
1000000,11.5,1.396611876078298,0.02059925255984771,-0.036220028828815594
1000000,12,1.4342294081724893,0.02210627973256466,-0.03407406976460871
1000000,12.5,1.4674067117369187,0.023786785804497987,-0.0313994506102303
1000000,13,1.4948641638780336,0.02568304067031995,-0.028104855466963997
1000000,13.5,1.515766320513957,0.02786350030374279,-0.024272472535400345
1000000,14,1.5301585338633115,0.030433476113607145,-0.020232198827670817
1000000,14.5,1.5389233563959175,0.03353997494751165,-0.01648829420527473
1000000,15,1.5432311083221446,0.03738804309955914,-0.013584330298977598
1000000,15.5,1.543637916734574,0.042322749724067237,-0.012124198928756168
1000000,16,1.5382652275771473,0.04897311757128735,-0.012855542837453493
1000000,16.5,1.5203458617219294,0.05821853773824482,-0.016375285564450386
1000000,17,1.4834657692218507,0.07058954167067223,-0.022586898729841615
1000000,17.5,1.4334867574140198,0.08798398999529776,-0.031168118979058183
1000000,18,1.323209022413332,0.12788743442755007,-0.04866595781191026
1000000,18.5,1.1265021047518629,0.17855508148717036,-0.08265372394878073
1000000,19,1.0792340886325011,0.2061035766494494,-0.10130240765890838
1000000,19.5,1.058381048920486,0.22942059554358743,-0.10987227091536653
1000000,20,1.0575202971754332,0.2455275271062787,-0.11787006052371837
1000000,20.5,1.0688344632243358,0.255777077921425,-0.12500828209501186
1000000,21,1.0843210459812442,0.263376583776229,-0.13142557856268527
1000000,21.5,1.1006813920799825,0.27008579104309444,-0.13741844908488235
1000000,22,1.1171344546740694,0.2764451754056881,-0.1431337488863298
1000000,22.5,1.133526246226437,0.28255631113832413,-0.14860869867975435
1000000,23,1.1497656586213214,0.28843930081656804,-0.15385316699144286
1000000,23.5,1.1657745292582906,0.2941167150745077,-0.15888357449890927
1000000,24,1.1815104518932682,0.2996151315652025,-0.1637249649180465
1000000,24.5,1.19696697972486,0.30495663574629234,-0.16840478233592168
1000000,25,1.2121571446091302,0.31015566479571405,-0.17294779560480364
1000000,-20,-0.8090462870601518,0.24311606703611494,0.06982522258654841
1000000,-19.5,-0.7909280375293744,0.23737474839818218,0.06574506122308166
1000000,-19,-0.7728013718762966,0.23152971098342945,0.06165905733302844
1000000,-18.5,-0.7548062925855377,0.22554415377332743,0.057562082809602136
1000000,-18,-0.7371270341798106,0.21935974440627745,0.053452967689035825
1000000,-17.5,-0.7199776269299999,0.21289420001473702,0.049334553777841794
1000000,-17,-0.7035735320357396,0.20604626956375693,0.04521300466636104
1000000,-16.5,-0.6880993228870569,0.19871427974229,0.041097000508818544
1000000,-16,-0.6736919365720044,0.19083274681175694,0.03699539928235018
1000000,-15.5,-0.6604885586463364,0.18241943641393707,0.03290751997467286
1000000,-15,-0.6489134994157684,0.17359839537171504,0.02882514457644293
1000000,-14.5,-0.6401944559450456,0.16469801330948766,0.024978731764037726
1000000,-14,-0.6315833022804404,0.1580782325327142,0.02206285288861445
1000000,-13.5,-0.6273308688192512,0.14953682665206336,0.008236663708326947
1000000,-13,-0.9000642485881671,0.06450607443365862,-0.03279497707845032
1000000,-12.5,-1.0446682410768218,0.0325772398146823,-0.05217973196980889
1000000,-12,-1.0215679563874909,0.027390111313187544,-0.053919325640230276
1000000,-11.5,-0.9869280217577963,0.024174491466603977,-0.0537701064708622
1000000,-11,-0.9485467955201612,0.021545626044070933,-0.05331681368905877
1000000,-10.5,-0.9054577253771686,0.019393816585748784,-0.05279406594488247
1000000,-10,-0.858537360378169,0.01758877082062247,-0.05238696282718177
1000000,-9.5,-0.8088178036314021,0.016041389132268987,-0.05218362195649697
1000000,-9,-0.7570110355573935,0.014701200926071929,-0.05218965796229543
1000000,-8.5,-0.7036275392573097,0.013536848213795942,-0.05236805553262898
1000000,-8,-0.6490689307702027,0.012521083385613948,-0.05267135949183538
1000000,-7.5,-0.5936212933849788,0.011625607485840603,-0.05306062783338694
1000000,-7,-0.5374557669832989,0.010834096834902192,-0.053512921507792965
1000000,-6.5,-0.4807258465877703,0.010140066939044992,-0.053995550123868766
1000000,-6,-0.4237354505124223,0.00953624790935016,-0.054429555300423406
1000000,-5.5,-0.36703359544299263,0.009012149802426874,-0.05469010527085425
1000000,-5,-0.31121809899979724,0.00855655106158394,-0.05465907100115721
1000000,-4.5,-0.25644436182799396,0.008164294177197265,-0.054310287589629455
1000000,-4,-0.20222024922202453,0.00783666198581344,-0.05375306004000694
1000000,-3.5,-0.14789338568127075,0.0075720509547549724,-0.05316772363284465
1000000,-3,-0.09320375424814036,0.007359832562315704,-0.052686040905763676
1000000,-2.5,-0.038270120108885086,0.007180075923371665,-0.05235219267949724
1000000,-2,0.016665611350179493,0.007006504094934376,-0.05218021850883037
1000000,-1.5,0.07154712887583717,0.006825675617209759,-0.05214811428555394
1000000,-1,0.12740046345947037,0.006699920298933786,-0.05232097903620121
1000000,-0.5,0.18445793785237422,0.0066441878403059,-0.052524089325641676
1000000,0,0.24094129154866104,0.006517983482663763,-0.052467834113258636
1000000,0.5,0.2949801640896546,0.0062278257181875895,-0.05202039056728155
1000000,1,0.345845318536937,0.005941657726467633,-0.051220142910737995
1000000,1.5,0.396626669149013,0.005835173193299263,-0.05045833612691979
1000000,2,0.4512814086455078,0.006014532326267205,-0.05022896898258278
1000000,2.5,0.5092739072463203,0.006451047739724688,-0.05057580630011229
1000000,3,0.5665111104913159,0.0070681254097941515,-0.050738534171502606
1000000,3.5,0.6194354648255228,0.007836770524907251,-0.050648352710832664
1000000,4,0.6712307348265739,0.008539371076842477,-0.05040094373200758
1000000,4.5,0.7234349482428077,0.009094283653021784,-0.049910457205583215
1000000,5,0.7750303269278598,0.009612068415437703,-0.04920341740862255
1000000,5.5,0.8258162824189688,0.010153202341122396,-0.04840002567188294
1000000,6,0.8760479646706893,0.010732175756997265,-0.04755220177184575
1000000,6.5,0.9260795525216866,0.01134523360875913,-0.04668356207009075
1000000,7,0.9761070777733412,0.011991294768504234,-0.04581261318640181
1000000,7.5,1.0260110218689669,0.01268028126021236,-0.04495121235967984
1000000,8,1.0755132981595446,0.013422891592861788,-0.044103658843607486
1000000,8.5,1.1244011645564582,0.014228690911895813,-0.04326130637202787
1000000,9,1.172568574620228,0.015118152442866628,-0.042392964020055754
1000000,9.5,1.2199029921389257,0.01610608336146666,-0.04145304740979732
1000000,10,1.266175729140749,0.017196908751211448,-0.040383897751927314
1000000,10.5,1.3110082385441073,0.01839565632391569,-0.03912241424462283
1000000,11,1.3538501368029936,0.019709763384683384,-0.03759750982974845
1000000,11.5,1.3939161386873522,0.021151512845806655,-0.03570980822911844
1000000,12,1.430117202614821,0.022740654254436738,-0.03332491160172235
1000000,12.5,1.4611169704443459,0.02450905114084461,-0.030307762361257384
1000000,13,1.4856640184949783,0.026511043417034304,-0.026622311980846424
1000000,13.5,1.5031427893540732,0.02883967942309583,-0.022466740239819642
1000000,14,1.513918014437964,0.03164342458816239,-0.018323159867851845
1000000,14.5,1.519065692611261,0.0351426504655488,-0.014847519219631917
1000000,15,1.5195366877682104,0.03967346573756248,-0.012739722869203784
1000000,15.5,1.5147526512284948,0.04577023435353637,-0.0126911109891861
1000000,16,1.5008131838884409,0.05414006162770426,-0.015161989276309485
1000000,16.5,1.4722210114205425,0.06532647835636075,-0.020076950317874997
1000000,17,1.430873161530111,0.07942505007572094,-0.02685357226751748
1000000,17.5,1.3759599280522832,0.10217152993203726,-0.03697907076803953
1000000,18,1.2472588138666254,0.138328133236924,-0.05666204586289033
1000000,18.5,1.1346839978325816,0.17304541992634795,-0.08444874909325353
1000000,19,1.0935484981055055,0.19891298985786074,-0.09787747278845788
1000000,19.5,1.0646607533397674,0.22374191789709144,-0.10757301758897268
1000000,20,1.0550767912386734,0.2426112973441011,-0.11667816467041417
1000000,20.5,1.0612854299765613,0.25504441666875155,-0.12444496756583603
1000000,21,1.0756483568186013,0.26353431952913814,-0.13109156133200517
1000000,21.5,1.0927842025441077,0.2703522462178905,-0.13707245235441062
1000000,22,1.1104563125448186,0.2765473890132269,-0.14268427581433477
1000000,22.5,1.128023120905783,0.282436610524385,-0.1480556716912979
1000000,23,1.1453238745219758,0.28810142977309106,-0.15323175316719415
1000000,23.5,1.1623079560120286,0.29357829984990796,-0.15823454796561492
1000000,24,1.1789596715888515,0.2988973654169989,-0.16308425407606916
1000000,24.5,1.1952838760756774,0.3040826319153417,-0.16780130181124844
1000000,25,1.2112953993552062,0.3091499729354443,-0.1724039358102171
1000000,-20,-0.8020471012728084,0.24524345022910632,0.06942987261360181
1000000,-19.5,-0.7846042286645716,0.23947138342482968,0.06526374331896746
1000000,-19,-0.7670867914958289,0.23359784606658038,0.06112354767989399
1000000,-18.5,-0.7495527106322896,0.22761502163904623,0.05701007635605122
1000000,-18,-0.7320773397775714,0.22150985813015894,0.05292576905458877
1000000,-17.5,-0.7147450457915612,0.21526348694413128,0.0488738894319184
1000000,-17,-0.6976352374941016,0.20885110403623214,0.04485723285167913
1000000,-16.5,-0.6808074814597247,0.20224235883011227,0.040877354367525084
1000000,-16,-0.6642934719194763,0.19540273804914027,0.03693531702541614
1000000,-15.5,-0.6481026183276691,0.18829685692995018,0.03303399473894074
1000000,-15,-0.6322417698435852,0.18089537658098837,0.029180511780061043
1000000,-14.5,-0.6167443150695091,0.1731913421437704,0.02538635065222619
1000000,-14,-0.6017100751640418,0.1652425522688979,0.021662304331765185
1000000,-13.5,-0.5873759541571768,0.15726891469588544,0.018008336842112165
1000000,-13,-0.5742264765410237,0.14979832791220518,0.014424618800847494
1000000,-12.5,-0.5628701021317517,0.14364915327122366,0.01105337706691924
1000000,-12,-0.5526560365253184,0.13939361416383703,0.008378482519345351
1000000,-11.5,-0.5413789641300386,0.1362952688186459,0.006097193872023845
1000000,-11,-0.5414603081288212,0.12712737121638032,0.00037360774910019656
1000000,-10.5,-0.6027600327281364,0.09276289702747048,-0.013980814279410609
1000000,-10,-0.7156829385619493,0.049515256278365394,-0.03274158250133939
1000000,-9.5,-0.7630558436588444,0.028657710516956876,-0.044245947969070505
1000000,-9,-0.745859959801526,0.02146605057749949,-0.04778100896419958
1000000,-8.5,-0.7076672548278804,0.01825735671491938,-0.04834342820541655
1000000,-8,-0.6619612336081642,0.01607161834257408,-0.0483758804124161
1000000,-7.5,-0.611775977637949,0.01430758691371953,-0.04847872999138673
1000000,-7,-0.5581911835193442,0.012854430681058142,-0.04880397924369519
1000000,-6.5,-0.5019437211086287,0.011657096805071598,-0.0494057645624957
1000000,-6,-0.4438243242032118,0.010655847123627122,-0.05028052128215671
1000000,-5.5,-0.38456452907763394,0.009795162571508583,-0.0513820174416898
1000000,-5,-0.3245364350510663,0.00904072056254335,-0.05264483240415531
1000000,-4.5,-0.2638575554341577,0.008380675222259958,-0.05398825423404481
1000000,-4,-0.20295570366954976,0.00781190732275134,-0.0552808562950418
1000000,-3.5,-0.14284170624752818,0.007327239146864982,-0.05631469246588888
1000000,-3,-0.0848033653722995,0.006897887567078857,-0.05688543474839869
1000000,-2.5,-0.02949414475833767,0.006471741252080995,-0.05693720022660083
1000000,-2,0.025877752739778617,0.006092591880600284,-0.05660554188278888
1000000,-1.5,0.08266385326019826,0.005741201528728213,-0.055909988759186825
1000000,-1,0.13511517654375294,0.005128629131917799,-0.0542486408217008
1000000,-0.5,0.1828549391083969,0.004573699004634125,-0.05223341363432702
1000000,0,0.2347114769270997,0.004347970921685536,-0.05084389670633738
1000000,0.5,0.29573946164598086,0.004406162655057991,-0.05130935894094938
1000000,1,0.3585900502921272,0.004579847953628864,-0.052728683524004526
1000000,1.5,0.41789352621606995,0.004819900108491711,-0.05362071279631666
1000000,2,0.47313747753669116,0.005101697262046647,-0.05374513568042969
1000000,2.5,0.5254324298342528,0.005394150137645915,-0.05336849831153514
1000000,3,0.5761199453667207,0.005729515876608077,-0.05275956238204316
1000000,3.5,0.6267088404829574,0.006279557006213328,-0.05177694723184119
1000000,4,0.6776636299934726,0.007150963861230192,-0.050295807766840395
1000000,4.5,0.7247328199392387,0.008240701411140002,-0.049061577347362925
1000000,5,0.7733372869817723,0.00915769133512447,-0.048351572145015335
1000000,5.5,0.824229002890287,0.00989734676598678,-0.04763316448261269
1000000,6,0.8751935504121977,0.01064356161598867,-0.04687636806553476
1000000,6.5,0.9255381434848751,0.011458629775811744,-0.04607331417932668
1000000,7,0.9751888627768119,0.012345612384735047,-0.04517896625347194
1000000,7.5,1.0241698776170702,0.013303230482688848,-0.044174722648267425
1000000,8,1.0722700026379741,0.014346432495759221,-0.04306462609747051
1000000,8.5,1.1190850194164037,0.015503082936377085,-0.04185064615601817
1000000,9,1.1642599536385578,0.016812705636012167,-0.040509680901834474
1000000,9.5,1.2075199669919967,0.018305338851255813,-0.03899231815892894
1000000,10,1.248494423489293,0.019987985751734338,-0.037220442711022636
1000000,10.5,1.2865438399935476,0.021862425017287277,-0.03508803026371467
1000000,11,1.3206721367494596,0.02393630017921173,-0.03247986192802731
1000000,11.5,1.3495582929475005,0.026234905115238207,-0.029304851070562955
1000000,12,1.3717861709918184,0.02882041376950348,-0.02557790765477177
1000000,12.5,1.386279188848234,0.03181974743191434,-0.021545046691752355
1000000,13,1.392677373948609,0.03546141469614288,-0.017762229828309363
1000000,13.5,1.3912482868556546,0.04011467791136573,-0.015021043931699696
1000000,14,1.3822091475025382,0.0463076445479437,-0.014118600609199722
1000000,14.5,1.3648861384372737,0.05466810398382565,-0.0155719341214688
1000000,15,1.338056319053491,0.06583283603318388,-0.019502772425125835
1000000,15.5,1.301946242481371,0.08093849121226736,-0.02591726484654865
1000000,16,1.2545680325007238,0.10318859630436567,-0.03535137500406073
1000000,16.5,1.1734555936581943,0.13296479203033584,-0.04947160525874823
1000000,17,1.0707583406065857,0.16587599550425852,-0.07180705075738035
1000000,17.5,1.0321638053617859,0.18846790176387632,-0.08919510279111602
1000000,18,1.0092584268771996,0.20855341601422195,-0.09816875220909009
1000000,18.5,0.9991079388847179,0.2260058376242307,-0.10635514261512032
1000000,19,1.004142592179434,0.23892940856252262,-0.11375542895892791
1000000,19.5,1.0182495343159197,0.2482013870901298,-0.11998871113746964
1000000,20,1.0356400461151136,0.25550131790617303,-0.1253907152245921
1000000,20.5,1.0535206594243696,0.2619351000895129,-0.13035943099870906
1000000,21,1.0710451762195936,0.2679928420121365,-0.1351368829455308
1000000,21.5,1.0880849119559437,0.2738612331622536,-0.13983595452422218
1000000,22,1.1046973254532295,0.27960655943894724,-0.14450196020785608
1000000,22.5,1.1209666646585585,0.28524786241929195,-0.1491497844129132
1000000,23,1.1369632790957656,0.2907857265833494,-0.15378090983243003
1000000,23.5,1.1527353495393806,0.2962146383480297,-0.1583909719710938
1000000,24,1.1683099291070083,0.3015284545168584,-0.16297326282662716
1000000,24.5,1.1836969572484752,0.3067225942989636,-0.16752038453178286
1000000,25,1.198893956596259,0.31179462850281964,-0.1720250057817896
1500000,-20,-0.8093079069979192,0.2461009214221751,0.07068393885209401
1500000,-19.5,-0.7919613308987034,0.2399011309615841,0.06639037133182178
1500000,-19,-0.7748774259003849,0.23351406997919752,0.06208284651083201
1500000,-18.5,-0.7582563101274261,0.2268983186271494,0.05777496832725958
1500000,-18,-0.7422891822110229,0.21999948816071485,0.05348461928765762
1500000,-17.5,-0.7270947857274135,0.21276211576394785,0.04923044078807553
1500000,-17,-0.7126756311672893,0.20514813301009605,0.045024524013929694
1500000,-16.5,-0.6990370821826705,0.19713984596281006,0.04086863079077873
1500000,-16,-0.686830298678203,0.18873951624015411,0.03685838751787284
1500000,-15.5,-0.6777929846053327,0.1809007813270625,0.0336947161386323
1500000,-15,-0.6633421838677978,0.1790016797665986,0.026908714861521098
1500000,-14.5,-0.8300385040385493,0.10039263579047662,-0.016612901779166807
1500000,-14,-1.1807271657835687,0.03460355197168935,-0.05312761285556724
1500000,-13.5,-1.1693128384273874,0.02909802424460436,-0.05493820016106464
1500000,-13,-1.1323114355141195,0.025760859191560424,-0.054695774854393434
1500000,-12.5,-1.0957860087219955,0.02287243030978001,-0.05462145071459381
1500000,-12,-1.054038950062107,0.020579432339414196,-0.054550566590824766
1500000,-11.5,-1.007518036745655,0.018713712826515336,-0.0545382176846132
1500000,-11,-0.9580995014652429,0.017139702868743036,-0.054565303288986955
1500000,-10.5,-0.9072897865870744,0.015787482300454028,-0.054525281477506446
1500000,-10,-0.8560289076158742,0.014620628095362815,-0.05430455181894067
1500000,-9.5,-0.8047350307558454,0.01361508998202272,-0.0538653934481951
1500000,-9,-0.7533771558653102,0.01275048975640594,-0.05327965044136892
1500000,-8.5,-0.7016858633787434,0.012006832399313197,-0.05267754498764521
1500000,-8,-0.6494279014133275,0.011364030402572063,-0.052162239472755736
1500000,-7.5,-0.596525218933925,0.010800366298516825,-0.051772105027861705
1500000,-7,-0.5429950610027509,0.010301747124185905,-0.051503798086910725
1500000,-6.5,-0.4888856846634392,0.009867171462544854,-0.05134405326436038
1500000,-6,-0.4342623790899136,0.0094961846531667,-0.05127045985282038
1500000,-5.5,-0.3792002080599556,0.009184480184913515,-0.05125400425712495
1500000,-5,-0.32379477722445665,0.008924681265757375,-0.0512691249672371
1500000,-4.5,-0.26820555872274804,0.008705351759741617,-0.0512991048499354
1500000,-4,-0.2126391131954078,0.008512715334986057,-0.051333346136133697
1500000,-3.5,-0.1571685352350471,0.008340465675080804,-0.051362092265476056
1500000,-3,-0.10164732333487408,0.008194184035308057,-0.0513754563246417
1500000,-2.5,-0.04594167305762899,0.008080600628458695,-0.05136946263639567
1500000,-2,0.009906341453299494,0.007999893930485896,-0.051357515281229296
1500000,-1.5,0.0657610727336102,0.007945589527060634,-0.05137308518127902
1500000,-1,0.12147830862332332,0.007905968500221988,-0.05145016847798297
1500000,-0.5,0.17694930035989526,0.007873186237059697,-0.05157508023060951
1500000,0,0.23238752502141127,0.007866283320613182,-0.05165398811319936
1500000,0.5,0.28803415644464603,0.007923359204600819,-0.051683426283595735
1500000,1,0.343530073618018,0.008049094488108907,-0.05176254376470825
1500000,1.5,0.3986980711040937,0.008241637766158974,-0.051839448805144836
1500000,2,0.45339186172173573,0.008524610159673885,-0.05179519225158082
1500000,2.5,0.5077262142791413,0.008825515817748564,-0.05170473875803945
1500000,3,0.5624355598408785,0.009001930957910617,-0.05156381946154198
1500000,3.5,0.6170703211089463,0.00907261117794315,-0.05130433209647465
1500000,4,0.670691404281224,0.009147525126676301,-0.050926686166197645
1500000,4.5,0.7232207671474142,0.009272083785236604,-0.05047016269181359
1500000,5,0.7752549177751371,0.009465192925874166,-0.04989594025739357
1500000,5.5,0.8275773198924699,0.009743359061591553,-0.04924301906920244
1500000,6,0.8806967502116079,0.010099584738730526,-0.04868697632325674
1500000,6.5,0.9342514161059461,0.01052686142757684,-0.048273364459312545
1500000,7,0.987411832231587,0.0110233420685227,-0.04790437696522405
1500000,7.5,1.039525050524616,0.011583896201068342,-0.04746509426445241
1500000,8,1.0903291508178403,0.012198296138562194,-0.046894580630575174
1500000,8.5,1.1398806569459494,0.012862513999941212,-0.04618129663100891
1500000,9,1.1883788533962885,0.01358829855613495,-0.04533136637022084
1500000,9.5,1.2359849701475565,0.014386253039605959,-0.04435365241839451
1500000,10,1.282735727917179,0.01526301296706924,-0.0432522639294692
1500000,10.5,1.3285394107695607,0.016224907633048336,-0.0420317515759048
1500000,11,1.3731784170044388,0.017279374424825866,-0.040685729370431176
1500000,11.5,1.4162754679486023,0.018437369617492132,-0.03917706143196674
1500000,12,1.4572214471005398,0.019713717641001084,-0.03742537649019813
1500000,12.5,1.4950948263227222,0.021127611684748148,-0.03530077874642469
1500000,13,1.5286600953556104,0.022705384317048057,-0.032641006774860676
1500000,13.5,1.556597514600433,0.024486966139603914,-0.02932498537886454
1500000,14,1.5780107683126228,0.026536487389273267,-0.025403267746371916
1500000,14.5,1.592902026046761,0.02895327019472656,-0.02119127315222944
1500000,15,1.6021565761556387,0.031876154460374,-0.017204858522845833
1500000,15.5,1.6070257196757134,0.0354916137785421,-0.01400355667500539
1500000,16,1.6083218096329122,0.040096116223654686,-0.012173544300496575
1500000,16.5,1.6048342466840024,0.046225959347510774,-0.01240586778822964
1500000,17,1.5908850051351429,0.05465532253716213,-0.01523966978926708
1500000,17.5,1.5589626698987096,0.06598420727574987,-0.020667750033432908
1500000,18,1.512255174542974,0.08039074618924821,-0.02809499498780884
1500000,18.5,1.4447061139402024,0.10899788171235276,-0.040369567083629036
1500000,19,1.255848320620509,0.15745980479797803,-0.06609086138567208
1500000,19.5,1.1355095258101422,0.19667286689187316,-0.09807042569834146
1500000,20,1.104622114435928,0.22231715418224401,-0.11015325758992052
1500000,20.5,1.088730941957837,0.24463258885070663,-0.11880378740615982
1500000,21,1.0905339257123292,0.2598045443211237,-0.1269936800890618
1500000,21.5,1.102492928504021,0.26968741128010165,-0.1341964769712291
1500000,22,1.1180067436521062,0.2771298138202846,-0.14061852073174969
1500000,22.5,1.1342262261182567,0.2836869206747254,-0.14655430704193795
1500000,23,1.1504456974397534,0.2898510578486265,-0.15217097356917625
1500000,23.5,1.1665416881390205,0.2957251427672247,-0.1575331025659965
1500000,24,1.1824350655388272,0.30134191466141846,-0.16266588652933606
1500000,24.5,1.198034185824494,0.306737352717754,-0.16758837100856522
1500000,25,1.2132694942457418,0.3119486926153901,-0.1723211113830498
1500000,-20,-0.809458443659341,0.24493392995472338,0.07028752666613408
1500000,-19.5,-0.791214486413639,0.238982743847204,0.06604010014763036
1500000,-19,-0.7732004266516748,0.23280957818100775,0.061766470527368014
1500000,-18.5,-0.7556748507802243,0.22632765288031226,0.057475165339256076
1500000,-18,-0.738908505870403,0.21943109671017677,0.05317822800112022
1500000,-17.5,-0.7231200704507896,0.21201946943028072,0.04888834581692745
1500000,-17,-0.7084331477656404,0.2040346311147642,0.0446115355179295
1500000,-16.5,-0.6949807277084121,0.1954810630266402,0.04033135967757664
1500000,-16,-0.6834564814068254,0.1863693048101117,0.036025757850602455
1500000,-15.5,-0.6760026743572207,0.1767756161715227,0.031976152714073745
1500000,-15,-0.6702397080309694,0.16919436378689637,0.028182263552268542
1500000,-14.5,-0.6848169152582926,0.15322369806417704,0.007601116880512446
1500000,-14,-1.019831264768034,0.05721392570366569,-0.03830351936299832
1500000,-13.5,-1.1526878093545443,0.031332472838717394,-0.05462980311839186
1500000,-13,-1.1242977524828244,0.02716925432091932,-0.054997461789132285
1500000,-12.5,-1.0893292469953597,0.02412918742002694,-0.05450933823431523
1500000,-12,-1.051482561961773,0.021577780114904545,-0.053990811603611
1500000,-11.5,-1.0091914626090634,0.0194743179189049,-0.05349264264229111
1500000,-11,-0.9630911381539519,0.017702917398465377,-0.05310690618922118
1500000,-10.5,-0.9141849776363724,0.01617398891247695,-0.052879620385566574
1500000,-10,-0.8632261130680475,0.014833761453998734,-0.052805949997474476
1500000,-9.5,-0.8107281158187337,0.013651263603501239,-0.052860792461161
1500000,-9,-0.757071611903076,0.012608117964603552,-0.053020303494007694
1500000,-8.5,-0.7025550092499271,0.011692107067963845,-0.053258358932442504
1500000,-8,-0.6474099044881647,0.010891823056192688,-0.053538998625782916
1500000,-7.5,-0.5918346157386993,0.01018895982488056,-0.05381199104357962
1500000,-7,-0.536056190598814,0.009569678035945457,-0.05401419666449645
1500000,-6.5,-0.4803665737579238,0.009032142928509538,-0.05407410538536243
1500000,-6,-0.4250503361539789,0.008573228904250793,-0.053926231942301825
1500000,-5.5,-0.3702265541845877,0.008183086539550457,-0.05356582231285758
1500000,-5,-0.31575986675701,0.007846439059522401,-0.0530887006654391
1500000,-4.5,-0.26131567024148,0.007550410976051881,-0.05264744258297784
1500000,-4,-0.20652471899832925,0.007292799798069109,-0.05234283084025755
1500000,-3.5,-0.1512158313598384,0.007078199056842302,-0.05216391550149067
1500000,-3,-0.09548805629086175,0.00691051340687341,-0.05204704358390362
1500000,-2.5,-0.03958767336110226,0.006787274035742247,-0.051958254144989224
1500000,-2,0.01620272095074879,0.006692764659259933,-0.051912145466036244
1500000,-1.5,0.07159725253612677,0.006598587722617292,-0.051930557824161186
1500000,-1,0.12689098054297887,0.006502881867907213,-0.05202353676986145
1500000,-0.5,0.1830180359294482,0.006458622850731548,-0.05232058794436915
1500000,0,0.23957185292999258,0.006426737535949665,-0.05257465639459478
1500000,0.5,0.2955767875753729,0.00631179737476045,-0.05267451214426572
1500000,1,0.3499209136573637,0.006088624865146457,-0.05257140561135448
1500000,1.5,0.40197370252922104,0.005921522406222859,-0.05219438969226089
1500000,2,0.45322650648073926,0.005948066825677824,-0.05146527947348217
1500000,2.5,0.5062296786515493,0.006222286716390647,-0.05045670914778977
1500000,3,0.5603979284594865,0.006749495257248657,-0.05006452562247049
1500000,3.5,0.6151485332424835,0.007378944184758861,-0.05023354401069998
1500000,4,0.6709425725593401,0.007906183504318497,-0.050490442966306746
1500000,4.5,0.7260482552455617,0.008369885983246388,-0.05046172010276552
1500000,5,0.7796114220943113,0.008833207807429268,-0.05015662072624065
1500000,5.5,0.8318053513783774,0.009319584496551568,-0.049650207520026475
1500000,6,0.8831361457752065,0.009829954932508662,-0.04900313553165435
1500000,6.5,0.9341085980444954,0.010359389577506466,-0.04826773519644443
1500000,7,0.9849169296957183,0.010912430055828181,-0.04748797850057494
1500000,7.5,1.0354370547660472,0.011502020281995113,-0.04669619024651345
1500000,8,1.0854946334671447,0.012135398931718446,-0.04591473645928809
1500000,8.5,1.1350293739752377,0.012820645045141797,-0.04514679450782285
1500000,9,1.1840557760502122,0.013575913373368345,-0.04437124250546514
1500000,9.5,1.2325345282721432,0.01440901818473412,-0.04355479137741495
1500000,10,1.2803069372854883,0.015321519638793003,-0.04265544070299156
1500000,10.5,1.3271135135886087,0.016316041634807748,-0.04163568172513284
1500000,11,1.3726127487838609,0.017397632716755193,-0.040456249124491916
1500000,11.5,1.416346320266584,0.01857555906321301,-0.039058965739223836
1500000,12,1.4576535205183774,0.019863288375606688,-0.03735267498794142
1500000,12.5,1.4955756477898134,0.021279124732776763,-0.03520349699541395
1500000,13,1.5288516113144892,0.022849657986302757,-0.03245158246828545
1500000,13.5,1.5561644845327653,0.024617685203686335,-0.02899028295620909
1500000,14,1.576669396549034,0.026655247285577433,-0.024905233077036515
1500000,14.5,1.590456349634692,0.029077935499015026,-0.020569954432552114
1500000,15,1.5984769782831645,0.03205403871298413,-0.01657451879747484
1500000,15.5,1.6019290529547816,0.03582286428611967,-0.013564486336911059
1500000,16,1.6012568611370317,0.040765631114465024,-0.012197987772073843
1500000,16.5,1.5944230290689336,0.047482335253210786,-0.013084881572223594
1500000,17,1.575664307180916,0.056655432728559184,-0.01645096363165279
1500000,17.5,1.5406417394331133,0.06862270756970719,-0.021992022108447456
1500000,18,1.4937780848084903,0.08449761023781346,-0.029477128059708823
1500000,18.5,1.4190566722959277,0.11347886736712674,-0.04212480238214029
1500000,19,1.2543669161505382,0.15398092544751463,-0.06639905006109875
1500000,19.5,1.1645118541825326,0.1853966510346051,-0.09347848583866206
1500000,20,1.1305115892090116,0.2100828615998932,-0.10542982278386107
1500000,20.5,1.1055313925139614,0.23427635530209567,-0.1148948861150019
1500000,21,1.0964332438592126,0.2533504931059015,-0.12413110053919349
1500000,21.5,1.1010305561355331,0.266525345006438,-0.1322363615393927
1500000,22,1.1135851359963216,0.27566464469186147,-0.13923521936364217
1500000,22.5,1.129387272133915,0.28285014089312227,-0.1454775887674549
1500000,23,1.1461070179146962,0.2892304395985105,-0.15125247590742122
1500000,23.5,1.1629475110142042,0.29521144668193167,-0.15671925899489186
1500000,24,1.179663565737375,0.30090294061148914,-0.16194717316377152
1500000,24.5,1.1961375356494737,0.3063489858823033,-0.1669670852784059
1500000,25,1.212285435291871,0.3115895334960733,-0.17180000154342942
1500000,-20,-0.8046794934942332,0.2456449376056319,0.06947163486997537
1500000,-19.5,-0.7866013875780051,0.2398727467691565,0.06531987282905254
1500000,-19,-0.7685018900464353,0.2340078735872339,0.061191999751793624
1500000,-18.5,-0.7504937057403819,0.22801247053826534,0.0570902659825824
1500000,-18,-0.7326925114304106,0.221832278016943,0.053015980091163636
1500000,-17.5,-0.7151932714662915,0.2153975879222095,0.04896864261770634
1500000,-17,-0.698052774106233,0.20862891163199618,0.04494699364302331
1500000,-16.5,-0.6812950985501499,0.20144886446323737,0.04095199392083252
1500000,-16,-0.6649483592860472,0.19380242927507674,0.03698859557341293
1500000,-15.5,-0.6491067215630902,0.18569615634218056,0.03306018072220411
1500000,-15,-0.634019620758945,0.17728345750063318,0.029153494155891958
1500000,-14.5,-0.6202452316577194,0.16902251176554364,0.025262293953416438
1500000,-14,-0.6085068556354939,0.1619270518959129,0.021713316881429016
1500000,-13.5,-0.5953377064477603,0.15842749570837916,0.019541997963695195
1500000,-13,-0.5753478468553181,0.15890976618354258,0.01372640938457754
1500000,-12.5,-0.673515172083868,0.11549785587630525,-0.008578456592334447
1500000,-12,-0.8639423696331427,0.054450821403886004,-0.0334801072079684
1500000,-11.5,-0.9235564172772546,0.03344971613804648,-0.04543845151065815
1500000,-11,-0.9144455090527177,0.026317378296708514,-0.04930521841325907
1500000,-10.5,-0.8868062605572702,0.02243290730603165,-0.05022836260602703
1500000,-10,-0.8509982927251889,0.019635042440565294,-0.05016336902115433
1500000,-9.5,-0.8093002314911766,0.017405257803595885,-0.049922086738472836
1500000,-9,-0.762904725393709,0.015560017041522975,-0.049843124256327476
1500000,-8.5,-0.7127273343604231,0.014009435292456482,-0.05002351958733564
1500000,-8,-0.6595873452274154,0.012691661975619831,-0.05043741771834973
1500000,-7.5,-0.6042778774417563,0.011559775503141988,-0.051014173469110524
1500000,-7,-0.5474897154655943,0.010588364338439836,-0.05170057800396137
1500000,-6.5,-0.48974048565170125,0.009755506052130403,-0.05246954185591081
1500000,-6,-0.4314267575258301,0.009033023190429257,-0.05330151800345756
1500000,-5.5,-0.37289727646693704,0.008393582628947549,-0.054164275763722944
1500000,-5,-0.31439985475316456,0.00782407180829542,-0.054987420515664055
1500000,-4.5,-0.2561563501502283,0.007327554155881122,-0.05563999275485838
1500000,-4,-0.19865649618513015,0.006909199116471825,-0.055946114039494545
1500000,-3.5,-0.14253411879322325,0.006564968781498901,-0.05577800552530041
1500000,-3,-0.08801790723516813,0.006271734882344673,-0.05519219249350531
1500000,-2.5,-0.03473172256832406,0.005980011796517113,-0.05448282272068657
1500000,-2,0.01899954370451984,0.005668713760095409,-0.05396918834358785
1500000,-1.5,0.07615363357671243,0.005421687326345282,-0.05389447846070784
1500000,-1,0.13383558905007698,0.005107452716423659,-0.053690130652903255
1500000,-0.5,0.18802509244000198,0.004605452501312307,-0.05296921756398922
1500000,0,0.2393054283856495,0.0042168009720687325,-0.0519990976481132
1500000,0.5,0.2920759492120795,0.004095713631051178,-0.05096000129720144
1500000,1,0.34996753065764186,0.004228531889249803,-0.050847875924095266
1500000,1.5,0.41029412111426006,0.004477384496893174,-0.051807363325542435
1500000,2,0.4688329774396192,0.004755535656852515,-0.05276394510809942
1500000,2.5,0.5244666872835776,0.005059362335060131,-0.05329789448575576
1500000,3,0.5778657500506026,0.0054923290489106965,-0.05323546207809715
1500000,3.5,0.6308522821270455,0.006147409013058636,-0.05238924676591696
1500000,4,0.680688387900669,0.007007296358124648,-0.05119873179590739
1500000,4.5,0.7286599497440749,0.007877201189027084,-0.050353690526309426
1500000,5,0.7792628803795234,0.008523238111259601,-0.04966214812558356
1500000,5.5,0.8306957840665878,0.009094759807028807,-0.048928575505804775
1500000,6,0.8818116362106526,0.009696206883369612,-0.048201305192801434
1500000,6.5,0.9324470864249117,0.01035075916690759,-0.04746339254383253
1500000,7,0.9827549940584538,0.011053546035681214,-0.04668882232162442
1500000,7.5,1.0328385468113583,0.01180081031600447,-0.045871659946139134
1500000,8,1.082499187210557,0.012599866306704247,-0.04501656821259006
1500000,8.5,1.13138651666908,0.013471284304204793,-0.04411962640707738
1500000,9,1.179257075302129,0.014447997878637315,-0.04315781177766281
1500000,9.5,1.2259656233131273,0.01554653477643621,-0.042097448751927107
1500000,10,1.2713085189145714,0.016767669473409245,-0.04088665599518273
1500000,10.5,1.3149205915010105,0.01811113468622809,-0.039459484776111144
1500000,11,1.3562164162834072,0.01957937338459766,-0.03773269934753999
1500000,11.5,1.3943266592172943,0.021181842295890218,-0.03559353038252592
1500000,12,1.4280702800483391,0.02293907025145862,-0.03290904516831695
1500000,12.5,1.4560873475522098,0.02489001952551942,-0.02957919239936486
1500000,13,1.4772359730324338,0.02710685788693647,-0.02565028190267211
1500000,13.5,1.4911168441817442,0.029717798927816855,-0.02144382523547349
1500000,14,1.4982708091189985,0.032934284216445474,-0.017579099119719426
1500000,14.5,1.499698329127526,0.03707986704207565,-0.014831085173352665
1500000,15,1.4957812103965096,0.04261420361401035,-0.0139127165935445
1500000,15.5,1.4849746413734592,0.050094710993520114,-0.015235807068377866
1500000,16,1.4638539601295242,0.06000582750902891,-0.018749161863264828
1500000,16.5,1.4310217648992292,0.07259617718680782,-0.024072675136633626
1500000,17,1.389221694155712,0.0891239873711507,-0.03113392803898484
1500000,17.5,1.329963772284767,0.11323909927640781,-0.041480148215950606
1500000,18,1.2263321452788574,0.14308686732693496,-0.05904022565382613
1500000,18.5,1.1503918117282201,0.17057970542128625,-0.08231095573343575
1500000,19,1.1145412067184304,0.19346537795835317,-0.09590100709301708
1500000,19.5,1.0832323592107436,0.21749655460258818,-0.10543501170978269
1500000,20,1.0638857697603374,0.239352123124314,-0.11520589135032804
1500000,20.5,1.0596285533474312,0.2562263475190719,-0.12418013758795143
1500000,21,1.0679572889764521,0.2677567417445095,-0.13171934378196554
1500000,21.5,1.0835625184112216,0.27561157244324214,-0.138017385299713
1500000,22,1.1019176807899909,0.28168459425882164,-0.14351825909362556
1500000,22.5,1.1206922676861306,0.2870909091912261,-0.14858339981225782
1500000,23,1.1390532247483636,0.2922929081525077,-0.15342294409732213
1500000,23.5,1.1568017910701789,0.2974426424221587,-0.15813826592263344
1500000,24,1.1739478764163875,0.30257523513615825,-0.16277364798259591
1500000,24.5,1.1905542943565828,0.30768685619422226,-0.16734691122220735
1500000,25,1.2066855887143555,0.3127630793037375,-0.17186377082637688
2000000,-20,-0.8094118432299492,0.24657879493879137,0.07054780397107308
2000000,-19.5,-0.7923010325554241,0.24024092767788036,0.06613623455574684
2000000,-19,-0.7756142847897136,0.23365186339283178,0.06171566504166799
2000000,-18.5,-0.7595761521802098,0.22674750715696695,0.05730575286044105
2000000,-18,-0.7443369327536512,0.21946222270327992,0.052926988520742256
2000000,-17.5,-0.7299161221614463,0.21175188040171386,0.048592041694747845
2000000,-17,-0.716396852727648,0.20359137063924262,0.044315860656811784
2000000,-16.5,-0.704910547410834,0.19500657715793332,0.04033546824897352
2000000,-16,-0.696839543169563,0.18790427626917103,0.037308475801623345
2000000,-15.5,-0.6886893751351817,0.18179068726483477,0.021832070946060107
2000000,-15,-1.0192485911910312,0.0675049931851772,-0.0325020233711824
2000000,-14.5,-1.251137068056856,0.03212491861353113,-0.055572814527762485
2000000,-14,-1.2200593336345569,0.028334434454515004,-0.05546844323757864
2000000,-13.5,-1.1856266621754723,0.025106988598121438,-0.05512011390427507
2000000,-13,-1.1491011504440052,0.022414534203224916,-0.05490178465061317
2000000,-12.5,-1.107207260102776,0.020252738204352264,-0.054754372458605996
2000000,-12,-1.0609889693792747,0.018466812943484547,-0.05468179517575957
2000000,-11.5,-1.012182405073556,0.016949577230722948,-0.05461716868363199
2000000,-11,-0.9621397333528596,0.015642334237967362,-0.05445289587988138
2000000,-10.5,-0.9116529890625167,0.014510440748780563,-0.05410810275913327
2000000,-10,-0.8609655700662971,0.013528193393150048,-0.05358468040852456
2000000,-9.5,-0.8099249160414302,0.012673317930390941,-0.05297311986684726
2000000,-9,-0.7582802322114595,0.011926733852893877,-0.052396327332632844
2000000,-8.5,-0.7059271090889694,0.011273149549452991,-0.05193241824028083
2000000,-8,-0.6529220954674562,0.010701427325258165,-0.05159135226608443
2000000,-7.5,-0.5993616108907467,0.010199732808868999,-0.051351519760590617
2000000,-7,-0.5453114350970594,0.009758244311799615,-0.0511935303167681
2000000,-6.5,-0.49081825419763503,0.009375560542396646,-0.05110973547560678
2000000,-6,-0.43592936283257944,0.009049065255840144,-0.051088517354012174
2000000,-5.5,-0.3806949792397699,0.008772614188931703,-0.05111050253039808
2000000,-5,-0.32517352584267784,0.008538800338072638,-0.05115751286615622
2000000,-4.5,-0.26946124171805025,0.008338241325350096,-0.05121826720061238
2000000,-4,-0.21371751053384008,0.008158769922413066,-0.051285970347162216
2000000,-3.5,-0.1580579792086617,0.007992705320836289,-0.05135237061044999
2000000,-3,-0.1023921580160883,0.007846676546872185,-0.05140706869010007
2000000,-2.5,-0.046552322559648696,0.007734517505433199,-0.051444430800657505
2000000,-2,0.00948436061522101,0.0076629439251763186,-0.05147519949212463
2000000,-1.5,0.06562239558450014,0.0076267235464129715,-0.05152711100926629
2000000,-1,0.12174385636299527,0.0076113015163649786,-0.051616227297703134
2000000,-0.5,0.1776968803444612,0.0076015514209155245,-0.05170970796905622
2000000,0,0.2334236325921964,0.0076000784757915595,-0.05174913859918615
2000000,0.5,0.2891184859509933,0.007640597096049885,-0.051778894416220377
2000000,1,0.3446680286086103,0.007755424267981962,-0.051929948771648984
2000000,1.5,0.3997112163114029,0.00796502514633507,-0.052079926285343435
2000000,2,0.454147408656058,0.008269444358586576,-0.052047276394973294
2000000,2.5,0.5088581630739817,0.008560205628194362,-0.051983568592246746
2000000,3,0.5642635592221183,0.008740813077438968,-0.051908132720218214
2000000,3.5,0.619517802882005,0.008830249028345711,-0.0517447048276372
2000000,4,0.6739966928050298,0.008896625482962888,-0.051522150597100955
2000000,4.5,0.7274324330221011,0.00900410496307312,-0.051226640143898015
2000000,5,0.7801040098007087,0.009156819430877452,-0.05086405451334214
2000000,5.5,0.8325640215886541,0.009356707429374283,-0.05036645086444452
2000000,6,0.8851571159455895,0.009626329889786518,-0.04973846957926019
2000000,6.5,0.9380005495078746,0.009978187274808788,-0.04913644230058006
2000000,7,0.9908778143957178,0.010410966420764684,-0.04864489786662159
2000000,7.5,1.0433536434809823,0.01091464839638886,-0.04822117134030713
2000000,8,1.095027235383967,0.011474434879353486,-0.047779745148217104
2000000,8.5,1.1456943918839837,0.012083992680573792,-0.04724812142750634
2000000,9,1.1953302201808071,0.012752240908250277,-0.04657895647410949
2000000,9.5,1.2439683722628858,0.0134858720443369,-0.045751597638406236
2000000,10,1.2916205160479577,0.014288996292165292,-0.044764674378285366
2000000,10.5,1.3382525124267615,0.015165881971936912,-0.04363480007538359
2000000,11,1.3837663880744318,0.016122588212186928,-0.042376627350180066
2000000,11.5,1.4279580728383232,0.017168824061815337,-0.040981815879886724
2000000,12,1.4704486416328915,0.018317646998370914,-0.039406280600095954
2000000,12.5,1.510593262939225,0.01958531451065247,-0.037557546382608206
2000000,13,1.5473990875700723,0.020992625087773255,-0.0352890351910291
2000000,13.5,1.5795656021502706,0.022568650198821285,-0.0324287089288778
2000000,14,1.6058083530130522,0.02435814293440431,-0.028875710901090722
2000000,14.5,1.6254273929153107,0.02643269278552615,-0.024742906815202432
2000000,15,1.6386920577205242,0.028900787591163178,-0.02042064363495692
2000000,15.5,1.6466564044720442,0.03191023770584599,-0.016464223263883804
2000000,16,1.6505728357681593,0.03565982528613593,-0.01343865526042572
2000000,16.5,1.6510258858055997,0.04047313697750398,-0.011941132160129108
2000000,17,1.6461080753204111,0.04691178446571827,-0.012628230608892465
2000000,17.5,1.6293714198107216,0.05569670144853698,-0.015868896741046773
2000000,18,1.594442402564891,0.06726596659558416,-0.021493129300119096
2000000,18.5,1.5459804656702034,0.08198689932367313,-0.029017072637435914
2000000,19,1.4764986875827129,0.11126546891188777,-0.04143328475640964
2000000,19.5,1.2890810152799568,0.1587754005846346,-0.0661920312831785
2000000,20,1.1576663739264932,0.20002424155243775,-0.0997674954730278
2000000,20.5,1.1279339530445112,0.2251524868682762,-0.11321605799065453
2000000,21,1.1099295940399199,0.24837786587722993,-0.12186462881867195
2000000,21.5,1.108755950613757,0.26506031515342965,-0.13037274325137302
2000000,22,1.1189665245359668,0.27596889800993946,-0.13794202972260586
2000000,22.5,1.1339634436500887,0.28378045945293157,-0.14460678764356943
2000000,23,1.1501396948884075,0.2903579328671798,-0.15065273987702382
2000000,23.5,1.166330472575162,0.29643361849053246,-0.15629555385077754
2000000,24,1.1823094181481297,0.30219211676194085,-0.1616446965403609
2000000,24.5,1.1980135549594984,0.3076770695735589,-0.1667474840207226
2000000,25,1.213370842593303,0.3129212620017677,-0.17163012084636636
2000000,-20,-0.8094101043517573,0.2461286553626786,0.07029538991266673
2000000,-19.5,-0.7914607264599431,0.23989362098008468,0.06590069975933803
2000000,-19,-0.7740864248533595,0.23328889297827743,0.06148414556636054
2000000,-18.5,-0.7575906463916112,0.22619779908573906,0.05705893441579579
2000000,-18,-0.7421913653634231,0.21852071384862348,0.05263661601475285
2000000,-17.5,-0.7279917945265717,0.21021074512005594,0.04821515400832628
2000000,-17,-0.7152497870356165,0.2012588923580617,0.04376900052342928
2000000,-16.5,-0.7053745993839646,0.1915867832950957,0.03936478939894086
2000000,-16,-0.701008626337557,0.18166576752550226,0.03555237962931149
2000000,-15.5,-0.6933751243505931,0.17578882463195042,0.02725615913996928
2000000,-15,-0.8396729714868705,0.11424887995814063,-0.012592731331102369
2000000,-14.5,-1.1951528290854359,0.03815531511235648,-0.05148957155144783
2000000,-14,-1.215233203959992,0.02916767797847157,-0.05606736137343525
2000000,-13.5,-1.180849771893437,0.025936276101345534,-0.055376967181677485
2000000,-13,-1.1457711191776885,0.023135795333475723,-0.054746033900109424
2000000,-12.5,-1.107015929969445,0.02080331737497025,-0.05418401021574113
2000000,-12,-1.0639423245126234,0.01886151826191489,-0.053716972024557816
2000000,-11.5,-1.0173924196979796,0.017205941184577685,-0.05338886161748568
2000000,-11,-0.968309063580495,0.01576379051704892,-0.05320677516994118
2000000,-10.5,-0.9173849599657371,0.01449084727736197,-0.05314571838103101
2000000,-10,-0.8650828647348505,0.013360127198384742,-0.053169508182219126
2000000,-9.5,-0.8117241574830767,0.012354639132845216,-0.053250401509071454
2000000,-9,-0.7575644614125754,0.011463893982199366,-0.05337505232371187
2000000,-8.5,-0.7028402628756196,0.010681132734130766,-0.053524898247828
2000000,-8,-0.6477922437111955,0.010000240581782642,-0.05365520285215501
2000000,-7.5,-0.5926759887742585,0.009407677831763417,-0.05369631287373039
2000000,-7,-0.5377311677583908,0.008889407853835393,-0.05357946730114075
2000000,-6.5,-0.48307503123781803,0.008442538902442207,-0.05328309502740684
2000000,-6,-0.428583278016628,0.008063452146686547,-0.052857179288634114
2000000,-5.5,-0.37394482567527754,0.007742880090733481,-0.052419716654831826
2000000,-5,-0.31894955567387245,0.007466786484055852,-0.05209758109249245
2000000,-4.5,-0.26367041353035114,0.007220516417211721,-0.051939188604461825
2000000,-4,-0.2082072207865835,0.007000530854841811,-0.05189693210221573
2000000,-3.5,-0.15247183346426868,0.006817610068089269,-0.05189619514506157
2000000,-3,-0.09642255277103341,0.006682585505971132,-0.051891020450909355
2000000,-2.5,-0.0402106646679892,0.006594570435834958,-0.05187384766266499
2000000,-2,0.015915220843288808,0.0065370517459415215,-0.051868886531833594
2000000,-1.5,0.07163902684615517,0.006478176247663513,-0.051913108901603965
2000000,-1,0.12688148684120054,0.0063914071941453265,-0.05200518812530099
2000000,-0.5,0.18247803574064717,0.006313170953545547,-0.052248031956801354
2000000,0,0.23867595402954273,0.006276787221750575,-0.05263078705059614
2000000,0.5,0.2948205492136912,0.006244453890854016,-0.05289204364937615
2000000,1,0.3502791794048071,0.006181406627885022,-0.05302768905748181
2000000,1.5,0.4045495420567513,0.0060925436295665185,-0.05289541950762359
2000000,2,0.4574969660036341,0.006084771824612064,-0.05231325316200799
2000000,2.5,0.5089256704817489,0.0062352042356327055,-0.05151750220175495
2000000,3,0.5595264306706746,0.006624357956752745,-0.0505837272291713
2000000,3.5,0.613153270713034,0.007078138343066028,-0.05021140887472068
2000000,4,0.6695788302912105,0.007490923947259324,-0.05032172504041697
2000000,4.5,0.7259531713417852,0.007900509242803515,-0.05046579421688309
2000000,5,0.7809509212026846,0.008331612678475249,-0.0504449684608078
2000000,5.5,0.8344979892669429,0.00878708584839041,-0.050212912863831574
2000000,6,0.8870564658038951,0.00925898374002218,-0.04979308972437944
2000000,6.5,0.9390844678189694,0.009742316136361305,-0.04923425864479354
2000000,7,0.9906901772157949,0.010245814007564885,-0.04858475353738412
2000000,7.5,1.0417556142560138,0.01078278055148179,-0.04788469084888005
2000000,8,1.0922095806941434,0.011357499493013649,-0.047166372268938404
2000000,8.5,1.1421072184616703,0.011977699912852744,-0.04644191773340113
2000000,9,1.1915452383348208,0.012659534005775979,-0.04570162558794344
2000000,9.5,1.2405363970111258,0.013407977923170536,-0.044924782607694294
2000000,10,1.2889683753689705,0.014223894293529616,-0.0440833849094186
2000000,10.5,1.3366404483098888,0.015108871651651114,-0.04315478120661393
2000000,11,1.3832965615440513,0.01606693837075031,-0.042113415865890146
2000000,11.5,1.4286132308929291,0.017105875912985402,-0.04092006395469658
2000000,12,1.4721440184015964,0.01823665017473314,-0.03951294561971704
2000000,12.5,1.5132270571136748,0.01947329200727123,-0.037793527416394766
2000000,13,1.5508872723389668,0.020834342446510504,-0.0356159316021387
2000000,13.5,1.5838453971441293,0.02234678686078661,-0.03280827240021407
2000000,14,1.6108041781522202,0.024053893380649814,-0.029263020999973445
2000000,14.5,1.6310091237846795,0.02602742395693347,-0.025083744149370334
2000000,15,1.6446762660506926,0.028379919874172974,-0.02066767515208704
2000000,15.5,1.6528430772514207,0.031269904563886834,-0.016606722245230583
2000000,16,1.6567419603197941,0.03491460045828396,-0.013515774773571016
2000000,16.5,1.6568655025966363,0.039657114515851556,-0.012010249039269361
2000000,17,1.651277040211971,0.04604787155444924,-0.012675106078739567
2000000,17.5,1.6341754790629643,0.054726556873119524,-0.01573429032591638
2000000,18,1.6003768716534243,0.06604925927896477,-0.02094200666558808
2000000,18.5,1.5535124347975877,0.0806981863633929,-0.028028451183967806
2000000,19,1.4859363943271942,0.10767873821935242,-0.0395795574360376
2000000,19.5,1.3299289169429298,0.14766501795426668,-0.060693270006069035
2000000,20,1.1950401464278968,0.1861369147297675,-0.09155056448134466
2000000,20.5,1.1611729402527198,0.20980894980460532,-0.10762903070189314
2000000,21,1.1357094014897604,0.23407153660922608,-0.11671567589305307
2000000,21.5,1.122667711938632,0.25494656257428766,-0.12597328483372308
2000000,22,1.123181121514245,0.27018800049975017,-0.13457726816459648
2000000,22.5,1.1330078993737471,0.2807204535033507,-0.1421046804120285
2000000,23,1.1474179313586266,0.2885519941368712,-0.14874609285234577
2000000,23.5,1.163434804005749,0.2951739750374595,-0.1547825841411489
2000000,24,1.1798147381067188,0.3012587375067539,-0.16041713644469296
2000000,24.5,1.1961578585834896,0.30701487460294224,-0.1657595026499
2000000,25,1.2123098137682728,0.3124994217671229,-0.17086055597436714
2000000,-20,-0.806024515182316,0.2462611692650582,0.06978479386545743
2000000,-19.5,-0.7875973426487741,0.24052901460541423,0.06561727474384299
2000000,-19,-0.7693117212776985,0.23459074756059314,0.061450716585696716
2000000,-18.5,-0.7513142622795517,0.2283502079981941,0.057285320150077035
2000000,-18,-0.7337207811706066,0.22169505545734886,0.053123511639837896
2000000,-17.5,-0.7165988574705366,0.21451696357595842,0.04897047977819133
2000000,-17,-0.6999907907821603,0.20674540135629144,0.044831767030317285
2000000,-16.5,-0.6839883558626234,0.19839744015040942,0.04070173261545695
2000000,-16,-0.6688890149532123,0.18964805350265546,0.036544628802232436
2000000,-15.5,-0.6555674687097662,0.18090628102364853,0.03235313227632848
2000000,-15,-0.6454332326665052,0.17303653042732692,0.028614108787289694
2000000,-14.5,-0.6332099512711924,0.16916450072661207,0.025872756401328433
2000000,-14,-0.6291270041142967,0.1638306226279173,0.012168340967354523
2000000,-13.5,-0.8475998843975345,0.08863072830501542,-0.021597258055510708
2000000,-13,-1.0254399750903163,0.041672730194262826,-0.0445998800811416
2000000,-12.5,-1.0394393869771408,0.030681101235958217,-0.050987036362544404
2000000,-12,-1.0170335955850882,0.026087921102486717,-0.05222074634488751
2000000,-11.5,-0.9864819550297782,0.022847640914527817,-0.05210500266819144
2000000,-11,-0.9505634779563477,0.020237734859552894,-0.051609959202423526
2000000,-10.5,-0.909788124711727,0.01806364791996899,-0.051112348429285324
2000000,-10,-0.8647558066463115,0.016221573894791536,-0.050791120105118645
2000000,-9.5,-0.8161319463723702,0.014643096386207468,-0.050723821612666455
2000000,-9,-0.7645980246729568,0.013282309277509268,-0.05092228959764049
2000000,-8.5,-0.7108398349042113,0.012108166015151073,-0.051343203130875995
2000000,-8,-0.6555034408669396,0.011094429590307755,-0.051906777775289015
2000000,-7.5,-0.5991342765493909,0.010210861968570854,-0.05252756263104415
2000000,-7,-0.5421180077227874,0.009438694351783652,-0.053154404694690585
2000000,-6.5,-0.4846945495467626,0.008767403112459408,-0.05377047737343993
2000000,-6,-0.42709941015829117,0.00818113861900576,-0.054354480639728905
2000000,-5.5,-0.36969943579454806,0.0076616578600441606,-0.05485228139078224
2000000,-5,-0.3128750026362044,0.00719932670614753,-0.05517058323818811
2000000,-4.5,-0.2567852095156627,0.006797191112206668,-0.055204772014752136
2000000,-4,-0.20139007134963727,0.0064591504833833085,-0.054902062099581
2000000,-3.5,-0.14651657866844675,0.006180445777092597,-0.05432764606340632
2000000,-3,-0.09187300197668723,0.005943901970098664,-0.053673245112004074
2000000,-2.5,-0.03731571057389768,0.005713342932488674,-0.05318515346602298
2000000,-2,0.017327134649572834,0.00545058605526777,-0.05299242708972467
2000000,-1.5,0.0740789891609365,0.005216150917966342,-0.05314463698971098
2000000,-1,0.13272297739246353,0.005023876102666656,-0.05340773285394492
2000000,-0.5,0.18963095424283352,0.00471586141353396,-0.05321496375807598
2000000,0,0.24341733187345302,0.004342288973305585,-0.05274136060885439
2000000,0.5,0.2954173981321479,0.004129203389784711,-0.052044815358540955
2000000,1,0.34834225147832026,0.004129337584202921,-0.0511054877739178
2000000,1.5,0.4048839214810842,0.004292994216582054,-0.05101419294456209
2000000,2,0.4634767420167336,0.00453496584553595,-0.05188384647883437
2000000,2.5,0.5209959063118209,0.004873242814096352,-0.052777624255270196
2000000,3,0.5770950299796118,0.00537952695635926,-0.0530134719462815
2000000,3.5,0.6316050553558838,0.00604976151282608,-0.05246698491201731
2000000,4,0.6815508618877054,0.006875517164168703,-0.0517152792384621
2000000,4.5,0.7317746835803896,0.007576979585213833,-0.05118880043927841
2000000,5,0.7837108414236984,0.008105422092761086,-0.05059744486218247
2000000,5.5,0.8355683710744455,0.008603234611319125,-0.0499334139716468
2000000,6,0.8868211104279952,0.009132325596270077,-0.04924323793852743
2000000,6.5,0.9375798659782377,0.009702874285948205,-0.048525306534843306
2000000,7,0.9881518903203635,0.01030890472179455,-0.04777984159110175
2000000,7.5,1.0386822144435772,0.010947158736105602,-0.047018721493998855
2000000,8,1.0889730044053036,0.0116233738467457,-0.046253006883642846
2000000,8.5,1.138717193104438,0.012356992478422148,-0.045476978320683405
2000000,9,1.1877394845335343,0.013175891601562914,-0.04466850404310152
2000000,9.5,1.235949008732207,0.01408896656515042,-0.04380025505872973
2000000,10,1.283207046997567,0.01509526439767907,-0.042833556146710985
2000000,10.5,1.3292762220922798,0.016194157616322927,-0.04172741911025456
2000000,11,1.3738006503070213,0.01738796696701557,-0.04043065301920552
2000000,11.5,1.41625285650252,0.01868407558777268,-0.03886847434974301
2000000,12,1.4558525115538976,0.02009523751355658,-0.03693382699626712
2000000,12.5,1.4915075630391719,0.021641277511529864,-0.034486498479028585
2000000,13,1.5218871978505577,0.023354653069984986,-0.03138723537881075
2000000,13.5,1.5457592070443908,0.025291994944051252,-0.02759764472353844
2000000,14,1.562530847570561,0.027552353104595514,-0.023321217170540635
2000000,14.5,1.5725760395833221,0.030298924594356662,-0.019068149641157404
2000000,15,1.5769503932949216,0.033782288708013156,-0.015555162940975559
2000000,15.5,1.5765472176886084,0.03837563153422042,-0.01353319176334849
2000000,16,1.5707981888897664,0.04460434441487251,-0.01361917249218857
2000000,16.5,1.5564055639510876,0.053059097152387914,-0.016038909102341854
2000000,17,1.5290817550856532,0.06416273957806899,-0.020525999979907346
2000000,17.5,1.489098933048367,0.07838428920332731,-0.026680324469542976
2000000,18,1.4355231699771513,0.09942535755609423,-0.03540720822506864
2000000,18.5,1.342511225034205,0.1282923341587779,-0.049388226657304406
2000000,19,1.227464416204584,0.1596666652777749,-0.07256977471139717
2000000,19.5,1.1802485648520327,0.1825684276248298,-0.09257761404920349
2000000,20,1.1491069014572026,0.20516004116595696,-0.10292410487001265
2000000,20.5,1.122292139055729,0.22870226537050933,-0.1123186104299531
2000000,21,1.105620542054283,0.2500838654740767,-0.12221275163178205
2000000,21.5,1.1008972252347664,0.26712537303621636,-0.1313970224496313
2000000,22,1.1069331839114476,0.27932395859980935,-0.13930141008584612
2000000,22.5,1.1201652651064518,0.2878417747050915,-0.1460118844649032
2000000,23,1.1368825315190358,0.29429752429686007,-0.15185818362860343
2000000,23.5,1.1547370968922623,0.2998205443704449,-0.15715600889297965
2000000,24,1.1726423318183705,0.30496836363941215,-0.16212157642646843
2000000,24.5,1.1901835505286509,0.309968596123942,-0.16687960048843703
2000000,25,1.2072295610755979,0.31490256209414735,-0.17149675634327682
3000000,-20,-0.8090310044694012,0.24633201816697492,0.06998307874847823
3000000,-19.5,-0.7925053207502903,0.23973861599413016,0.06536831014234652
3000000,-19,-0.7767550316429379,0.23272248678832688,0.06075736769209039
3000000,-18.5,-0.7619047702057534,0.22520717380910016,0.056169035713022154
3000000,-18,-0.7480160196655166,0.21715055103159364,0.05162024856931664
3000000,-17.5,-0.7360255348975941,0.20849878254008897,0.04731925333888057
3000000,-17,-0.728488307032322,0.20025759594071965,0.044063015628092464
3000000,-16.5,-0.7182879476470343,0.19746145392613534,0.03233586123203696
3000000,-16,-0.9765292175257828,0.0942213876062275,-0.02076371746978397
3000000,-15.5,-1.3251500502961575,0.034180281408216544,-0.055652965928652806
3000000,-15,-1.3115835515219798,0.02944346370817835,-0.056563344120909756
3000000,-14.5,-1.278674864314635,0.026229550836934082,-0.055897038982573456
3000000,-14,-1.244988545699833,0.02342726993385368,-0.05546744643408465
3000000,-13.5,-1.2063870935500545,0.021135402706202153,-0.05516760168067687
3000000,-13,-1.1630528683860697,0.019243732323692486,-0.05495818149467838
3000000,-12.5,-1.1164979025421433,0.017646550081928378,-0.05476676017521701
3000000,-12,-1.0681723300833381,0.016275238915532047,-0.05450408375381714
3000000,-11.5,-1.0190131880319324,0.015086893581515,-0.05411014381943534
3000000,-11,-0.9693707383525757,0.014050915492616726,-0.05359236060456529
3000000,-10.5,-0.9191686306055504,0.013141632935457094,-0.053019960164747595
3000000,-10,-0.868203931227937,0.012336516526341072,-0.052474771986193734
3000000,-9.5,-0.816390639541101,0.0116182482183206,-0.052006438721108904
3000000,-9,-0.763804784024248,0.010977708550157754,-0.05163049924785409
3000000,-8.5,-0.710591023459261,0.010412545596671619,-0.05134336511842539
3000000,-8,-0.6568739907399201,0.009921378658284937,-0.05113195983621917
3000000,-7.5,-0.6027300865283851,0.009495063839225071,-0.050984641692003854
3000000,-7,-0.5481989307404411,0.00912139907585853,-0.05089590549982335
3000000,-6.5,-0.4933155076181815,0.008795750862163504,-0.050868119664632484
3000000,-6,-0.4381281060522416,0.008513181919876897,-0.05089611050404549
3000000,-5.5,-0.3826847062284925,0.00826689936980451,-0.05096427143004708
3000000,-5,-0.3270127757612483,0.00805099106745722,-0.051055844597982535
3000000,-4.5,-0.2711337361479086,0.007860549526913814,-0.05116029704111173
3000000,-4,-0.21512498525856624,0.007689819027767366,-0.051273398306062236
3000000,-3.5,-0.15912636692772902,0.007533890852421167,-0.05139025785205394
3000000,-3,-0.10316587300206603,0.007397788314118607,-0.05150162464704533
3000000,-2.5,-0.047085596799646176,0.007296173076426809,-0.05160017722556465
3000000,-2,0.009236490240225464,0.007237620837450375,-0.05168549979772354
3000000,-1.5,0.06577512307830767,0.007217639917788609,-0.05175518160579469
3000000,-1,0.1224089355715938,0.0072230270798141205,-0.05179461147860701
3000000,-0.5,0.17888420459667584,0.007237091822351658,-0.051810066558306875
3000000,0,0.23487329976380472,0.007250375120308611,-0.05186567680548916
3000000,0.5,0.2904931773209946,0.0072849075977707125,-0.05199649269313176
3000000,1,0.34605214897341713,0.00739588944400334,-0.05216147561042652
3000000,1.5,0.4010761315837184,0.007618019603474092,-0.05228550396575752
3000000,2,0.4556120574409373,0.007897016184662757,-0.052357603854391345
3000000,2.5,0.5108201076121291,0.008134209435149677,-0.05235445593997229
3000000,3,0.5667351431390723,0.00830715699702074,-0.05228266662616836
3000000,3.5,0.622440415541327,0.008436475669779894,-0.05219107671427921
3000000,4,0.677448838274442,0.008544000015846319,-0.05206881735817455
3000000,4.5,0.7318348072244972,0.008651502223420697,-0.05193436277573328
3000000,5,0.7857647088882361,0.008785506666863499,-0.05175174725373501
3000000,5.5,0.8393334085320728,0.008946242209732237,-0.05151674176518088
3000000,6,0.8925036140502811,0.009137901963334936,-0.05119783634537793
3000000,6.5,0.9450925326303612,0.009391761329950546,-0.05070631274027006
3000000,7,0.9971858374577292,0.009727350624209662,-0.05009075165034919
3000000,7.5,1.0490292911878107,0.010140453149196392,-0.04948457226996726
3000000,8,1.1006859436733514,0.010616240471554551,-0.04895284912993757
3000000,8.5,1.1520172713012855,0.011147344844645036,-0.048464556801299845
3000000,9,1.2028026710812454,0.011739403207821119,-0.04794004907402381
3000000,9.5,1.2528147285488416,0.012394641634486975,-0.04730475871810132
3000000,10,1.3018650997110757,0.013113256800877852,-0.04651379478791455
3000000,10.5,1.3498240866217412,0.013895935076329347,-0.04556113332049967
3000000,11,1.3966040754720446,0.0147458025005345,-0.04445839829304492
3000000,11.5,1.442110705822969,0.015669934609086635,-0.04321305232944214
3000000,12,1.486176537441132,0.016678702584685196,-0.04181514914666852
3000000,12.5,1.5284766463315251,0.017785223661164036,-0.04022258389029186
3000000,13,1.5684172338545601,0.01900574201725781,-0.03834358218335304
3000000,13.5,1.6050299820335576,0.020361248011629668,-0.036027100959841664
3000000,14,1.6370033562501978,0.021881152610489913,-0.033091904177735255
3000000,14.5,1.66303128561453,0.02361044486548998,-0.02943094931952598
3000000,15,1.6824193729717796,0.025620849261062402,-0.025163458872273486
3000000,15.5,1.6954617911913163,0.028021652407459418,-0.020697721424492842
3000000,16,1.7032126781389116,0.030962654154758417,-0.016606190205953737
3000000,16.5,1.7069061971842683,0.03464184498062092,-0.013456492527318653
3000000,17,1.7071751440042924,0.03936601317168794,-0.011824751899711267
3000000,17.5,1.7023489636908935,0.045645510307349195,-0.012324280055005942
3000000,18,1.6864715937675534,0.054111204429414764,-0.01526468162830007
3000000,18.5,1.653237140132736,0.06515913169526452,-0.020448190006823186
3000000,19,1.6056777435761682,0.07891228786329556,-0.02741933387863791
3000000,19.5,1.5451446985137378,0.10255193475446495,-0.03774920389317403
3000000,20,1.4110189281666945,0.14295274921807127,-0.056034442658233465
3000000,20.5,1.2107256292884465,0.19411757986301353,-0.08984589096045803
3000000,21,1.1662657109387007,0.22046524578452067,-0.11362095034925683
3000000,21.5,1.143479070460928,0.24459566010089764,-0.12266207824439379
3000000,22,1.132818144697991,0.26532126694684643,-0.1313368014184211
3000000,22.5,1.1360554479120966,0.27991579902558467,-0.13977405825970218
3000000,23,1.1479035185386754,0.2896697815193338,-0.14723879373012494
3000000,23.5,1.163380447569979,0.2968048373486779,-0.1538060005750629
3000000,24,1.1797113860459232,0.302828980852752,-0.15972211080386953
3000000,24.5,1.1959019583614823,0.308376972722111,-0.1651920538921779
3000000,25,1.2117107358077412,0.3136365646466152,-0.17034028628460524
3000000,-20,-0.8091821584736082,0.24707213846499887,0.06975840400604036
3000000,-19.5,-0.7924934707362369,0.24018431337530022,0.0651280704027513
3000000,-19,-0.7769346355877516,0.23263898749279083,0.06047935451516566
3000000,-18.5,-0.7626484235865596,0.22435354189131712,0.05581343473592513
3000000,-18,-0.7498779107002326,0.21528540103871097,0.05112517939109647
3000000,-17.5,-0.7400897359928068,0.20533456153597776,0.04658323630994614
3000000,-17,-0.73618225565765,0.19519135437021815,0.04280484540590958
3000000,-16.5,-0.7297251326126665,0.18965215243739672,0.03178697965929355
3000000,-16,-0.9194657379183991,0.11216367234905973,-0.014693517094511319
3000000,-15.5,-1.2968409546736874,0.036918725061384605,-0.05394886735976802
3000000,-15,-1.3124387564704916,0.029385813833067015,-0.05725998225106148
3000000,-14.5,-1.2789862526565432,0.02628023007561404,-0.05621496585954364
3000000,-14,-1.245540690087903,0.023505593314433953,-0.05539689792123882
3000000,-13.5,-1.2085340397097657,0.02117202635877707,-0.05473020258492036
3000000,-13,-1.1670999242855042,0.019219903972422972,-0.05420091032656138
3000000,-12.5,-1.1219651378673745,0.01755364639294421,-0.0538224808867514
3000000,-12,-1.074100625961242,0.01610167090497305,-0.05358938698463579
3000000,-11.5,-1.0242862545876963,0.014818514601275855,-0.05347383825042688
3000000,-11,-0.9730546804372735,0.01367597719038596,-0.05343566658439143
3000000,-10.5,-0.9207499065316753,0.012655463356059545,-0.053433744993958567
3000000,-10,-0.8676046537642407,0.011743571899845857,-0.05343401221673581
3000000,-9.5,-0.8138156027615717,0.010930700952634261,-0.053412700613464995
3000000,-9,-0.7596061910517082,0.010211171298497013,-0.05335273947636802
3000000,-8.5,-0.705239326447353,0.00958191606970886,-0.05322731190016293
3000000,-8,-0.650947352009193,0.009039652039394837,-0.05299666161024361
3000000,-7.5,-0.596813224853866,0.00857297684580667,-0.052642172321612134
3000000,-7,-0.5426912512366757,0.00816668863715026,-0.052205568291046237
3000000,-6.5,-0.4882716471503512,0.00781639000068616,-0.05179774534615681
3000000,-6,-0.4332962733652781,0.0075189330138117376,-0.05152959504834537
3000000,-5.5,-0.37775459326589783,0.007267154927606713,-0.05143484225794772
3000000,-5,-0.32185312644748476,0.007051672066064309,-0.051464262493089705
3000000,-4.5,-0.2658374981051851,0.006863386185559026,-0.05155072397373822
3000000,-4,-0.20984273096242156,0.0066976540938810825,-0.051652279089610266
3000000,-3.5,-0.15378330642071597,0.006559023568755842,-0.05174496755521683
3000000,-3,-0.09750795695428834,0.006454928282532215,-0.05181432296390733
3000000,-2.5,-0.04106402237177938,0.006384317233982515,-0.05186260640701944
3000000,-2,0.015332612768220344,0.006334542580063642,-0.051914020791821204
3000000,-1.5,0.07142940616888029,0.00628272092441133,-0.05200441188308894
3000000,-1,0.1269871277879714,0.006204020854440904,-0.05215100164748383
3000000,-0.5,0.18229799265693686,0.006109107832037136,-0.05234687604914212
3000000,0,0.23807589751110586,0.0060681064894976405,-0.05273121004861649
3000000,0.5,0.2940638380134838,0.006102113719191494,-0.0531506953099692
3000000,1,0.35012314215909984,0.006179496899307731,-0.05329409959023655
3000000,1.5,0.40597496467130556,0.006256590671890128,-0.05312101041724267
3000000,2,0.46059243277215367,0.006313900389199342,-0.05282855311907868
3000000,2.5,0.5128553730400658,0.006456707608735303,-0.05246382385827645
3000000,3,0.5641047124562738,0.006644073021742475,-0.05208731357604153
3000000,3.5,0.6166369022069302,0.006811527291364011,-0.051559894164328046
3000000,4,0.6706322356228198,0.0070408753900462655,-0.050939884028010494
3000000,4.5,0.7258508684185221,0.007347540629048238,-0.050651282813118814
3000000,5,0.7813372079255916,0.007714031672391008,-0.05061828141093598
3000000,5.5,0.8363617822440456,0.008116621253336983,-0.05061151098429219
3000000,6,0.890777168171548,0.008534620239127405,-0.05049733673412512
3000000,6.5,0.9445504719950162,0.008963593093883622,-0.05023918901691397
3000000,7,0.9975231572753042,0.009414716528523813,-0.04984747175925046
3000000,7.5,1.0495858062053156,0.009897234903575369,-0.049350233490089955
3000000,8,1.1007867665811277,0.010410503607720617,-0.048779128323049856
3000000,8.5,1.1512894796280142,0.010960952539955446,-0.04815087561835737
3000000,9,1.201268368113496,0.011562151881951893,-0.04746847979113995
3000000,9.5,1.2508034236136787,0.012217651435068477,-0.046729168636665465
3000000,10,1.299856573760724,0.012928304567790757,-0.04592708862428234
3000000,10.5,1.3483092268889543,0.01369510081254636,-0.04506089177616116
3000000,11,1.395995730456106,0.014521115692216341,-0.04412231184284295
3000000,11.5,1.4427075109596923,0.015412398377435483,-0.04309046390235414
3000000,12,1.4881749149594263,0.016377277371419606,-0.04192986028410198
3000000,12.5,1.5320203449228655,0.017426054271417506,-0.040582377669782954
3000000,13,1.5736676622011498,0.018571516295874866,-0.03895257871446224
3000000,13.5,1.6122237624226492,0.019830470479846155,-0.03689393398146655
3000000,14,1.6464391079676584,0.02122698005629421,-0.03422136606927806
3000000,14.5,1.6749463569316259,0.022798636084253966,-0.03079096469482414
3000000,15,1.6968345146863635,0.024606909465133053,-0.026648563211999092
3000000,15.5,1.7121641040648377,0.026748686837126837,-0.022136668159530803
3000000,16,1.72190091516994,0.029360294723676017,-0.017818141517515994
3000000,16.5,1.7273446308193576,0.032617329365421534,-0.014280420105997393
3000000,17,1.7293868962879588,0.03677323078869019,-0.012075400019677857
3000000,17.5,1.727206388800822,0.04224998742782031,-0.011778268723660746
3000000,18,1.7163019892062263,0.04961024572358268,-0.013751021898751081
3000000,18.5,1.689917373527005,0.0592877672307241,-0.017893852555301487
3000000,19,1.6473907552179647,0.0713607092124832,-0.02388501407911283
3000000,19.5,1.5934483988565267,0.08909049575171264,-0.03231446509711364
3000000,20,1.5035594297567236,0.12255044818025006,-0.04652667005967031
3000000,20.5,1.3124886184515594,0.16749717382346022,-0.07148440360667314
3000000,21,1.2046529831000783,0.2034073502974658,-0.1024277437099093
3000000,21.5,1.180642872024256,0.22555954196984593,-0.1168258786625127
3000000,22,1.1609323180250797,0.24859446537196989,-0.12521220534152838
3000000,22.5,1.1518409412092536,0.26836044153232763,-0.13407523217104528
3000000,23,1.1540834393943766,0.28297123655680173,-0.1425577824089265
3000000,23.5,1.1641742848925989,0.2932115676497856,-0.15012930223280985
3000000,24,1.1782961918725463,0.30080364938031384,-0.15685819600733045
3000000,24.5,1.1939235676684339,0.30711664838188,-0.16294958855202518
3000000,25,1.2099018024293793,0.3128431277864569,-0.16858403123695292
3000000,-20,-0.8056725082542721,0.24828879574762835,0.06987618433293416
3000000,-19.5,-0.7876775090375779,0.24183587556994354,0.06547375942720843
3000000,-19,-0.7703395644861697,0.23476378976040105,0.061057984982188465
3000000,-18.5,-0.753831352302486,0.22694986461782266,0.056635847107764536
3000000,-18,-0.7382579819869669,0.21835984409467887,0.05219313320959127
3000000,-17.5,-0.7238109220120917,0.20909541972798062,0.04767723947127857
3000000,-17,-0.7113274701462934,0.19937138307982638,0.043036100514034344
3000000,-16.5,-0.7030916420278176,0.1895203140131587,0.038549798206309216
3000000,-16,-0.6988867154049802,0.18133933512773612,0.03491986573425514
3000000,-15.5,-0.6894406085718174,0.17751323157159127,0.022990282352442586
3000000,-15,-0.8738122949514067,0.11127310369234068,-0.014525172731892988
3000000,-14.5,-1.151872761080555,0.04445103278410107,-0.04628338424980191
3000000,-14,-1.1880028112093046,0.031416226211092455,-0.05404793823142998
3000000,-13.5,-1.1639849036291794,0.027192481021999296,-0.05460953582413604
3000000,-13,-1.1330509372310393,0.024134815096846965,-0.05406665763664936
3000000,-12.5,-1.098479632081681,0.02156554180128276,-0.05335004190906021
3000000,-12,-1.0598797742088126,0.01937677820815032,-0.05267894879998306
3000000,-11.5,-1.0173329173111973,0.017497570430195557,-0.05215807495529884
3000000,-11,-0.9712707972265173,0.015868259333239758,-0.05184311917573755
3000000,-10.5,-0.9222319979802613,0.014442422944045472,-0.051744680552734436
3000000,-10,-0.8707850233949339,0.013185700187791607,-0.05183545882058982
3000000,-9.5,-0.8175171634986815,0.012073956593664939,-0.05206989348335188
3000000,-9,-0.7630017715351388,0.01109190890639453,-0.05240501044454955
3000000,-8.5,-0.7077189469106953,0.010230146999765351,-0.0527997211535395
3000000,-8,-0.6519812455925951,0.009480216518700844,-0.05320869500426893
3000000,-7.5,-0.5959515077362774,0.008824586307334127,-0.053586556203558136
3000000,-7,-0.5397320134252785,0.008246645961463921,-0.053896981820162115
3000000,-6.5,-0.4834478621660891,0.007741196278499333,-0.05411494401232667
3000000,-6,-0.42731029326262604,0.007300958849228437,-0.05420351242386938
3000000,-5.5,-0.3716117344068527,0.00691316302281049,-0.05412074364855649
3000000,-5,-0.31650984880360056,0.006565667486858122,-0.05385541859487928
3000000,-4.5,-0.2617110061869656,0.006255735383948569,-0.05345706838359852
3000000,-4,-0.20661022779766697,0.005987468207486703,-0.053028953948449795
3000000,-3.5,-0.15084228012030923,0.005762094221980323,-0.05268452078134931
3000000,-3,-0.0945489545245986,0.005573166874416788,-0.05249143014176001
3000000,-2.5,-0.03824059036375141,0.005402093222551196,-0.05244699330245863
3000000,-2,0.01752112871776068,0.005218737460598759,-0.052513416205737254
3000000,-1.5,0.07337788372779785,0.00502813809821415,-0.05264086303802412
3000000,-1,0.1310980688472994,0.004914485332989992,-0.05297722018112536
3000000,-0.5,0.18916898998940623,0.004831145663936863,-0.05319116957577169
3000000,0,0.24542484157284797,0.004653765133911837,-0.05308738892076779
3000000,0.5,0.29937097723751405,0.004401224767168286,-0.052927250778686666
3000000,1,0.3519809567393989,0.004219779196418592,-0.05271267421622221
3000000,1.5,0.40436766883551056,0.004185336082625768,-0.05216488577942835
3000000,2,0.45828666021004805,0.004354089534473498,-0.05175164064691366
3000000,2.5,0.5150026459609216,0.004712508323202581,-0.05192142100443285
3000000,3,0.572992698813608,0.005222951493369784,-0.052026904935981055
3000000,3.5,0.6278663347572188,0.005892331661987025,-0.051940299582980666
3000000,4,0.6804664621422536,0.0065857458292189665,-0.05190039191915592
3000000,4.5,0.7343542153824043,0.007107209255320261,-0.05183144937822072
3000000,5,0.7882668109893076,0.007546264919005645,-0.051565424350679054
3000000,5.5,0.8412349497938875,0.00798393703790084,-0.0511593405134599
3000000,6,0.8932322848369036,0.008445600629138126,-0.05064237487112515
3000000,6.5,0.9446127986061346,0.008931938935159754,-0.050031821509367094
3000000,7,0.9957975637669547,0.00943765800606667,-0.04935763465006661
3000000,7.5,1.0469131472142794,0.009963445255865325,-0.04865544365041983
3000000,8,1.0977745839029418,0.010516837424216394,-0.04795154166861084
3000000,8.5,1.1481933941665954,0.01111648802597613,-0.04724888963045515
3000000,9,1.1981187580310295,0.011782069974036555,-0.04653617424084289
3000000,9.5,1.2475275750977135,0.012515789419573589,-0.045795699795403724
3000000,10,1.2963277934924562,0.013315554353904123,-0.045002393864383705
3000000,10.5,1.344359772087386,0.014180361226216586,-0.0441334550908962
3000000,11,1.3914131342792277,0.015112601841246971,-0.04315974459911441
3000000,11.5,1.4372121895991061,0.016118597361998672,-0.04204189439015766
3000000,12,1.4813747969709645,0.01720759855816143,-0.04072567345115981
3000000,12.5,1.523341856239926,0.01839148430196144,-0.03912875963593648
3000000,13,1.5622835286039978,0.01968578149632549,-0.03712563411173743
3000000,13.5,1.597047292037853,0.021112723745820745,-0.03455061706700006
3000000,14,1.6262977990768506,0.02270770771850381,-0.031254238759665265
3000000,14.5,1.6489648130471566,0.024530605594267244,-0.027232071963146465
3000000,15,1.6647919511382927,0.026681031382336,-0.022758422572915042
3000000,15.5,1.6744768423936183,0.02931212857050398,-0.01838416689036822
3000000,16,1.6792120098444276,0.03264365236425565,-0.01478096352966527
3000000,16.5,1.6798718933327743,0.03699862269373984,-0.01261443571143318
3000000,17,1.6757452929273406,0.04285573826136796,-0.012472970177293586
3000000,17.5,1.6630192541191686,0.05078522585505144,-0.014615005101940132
3000000,18,1.6362502057738384,0.06122669205053016,-0.018825214269411028
3000000,18.5,1.5944944749827854,0.07467188330034577,-0.024792464538690495
3000000,19,1.5369749270011719,0.09560820628534827,-0.03356403611614247
3000000,19.5,1.4361722328216406,0.12764924095860639,-0.04781073993254561
3000000,20,1.2879257127820893,0.1640034719256653,-0.07146861208675155
3000000,20.5,1.2223538053710934,0.18947331525095287,-0.09586772189641754
3000000,21,1.196950325759152,0.21009186486058906,-0.1079499582550673
3000000,21.5,1.1740551036122115,0.23237043133041912,-0.11641348600426664
3000000,22,1.1581862622511725,0.2536521520562499,-0.12578150726748255
3000000,22.5,1.1513885629159193,0.27180383164810995,-0.1352413383441082
3000000,23,1.153570508379913,0.28586521752263633,-0.14389296157767312
3000000,23.5,1.1628740481160051,0.2962311411898006,-0.15149792238111334
3000000,24,1.1764910604226195,0.3041139669254345,-0.15817784826979714
3000000,24.5,1.1920986885781304,0.3106424888221644,-0.16415192392287228
3000000,25,1.208376777188182,0.3164822054287248,-0.16961542384045863
5000000,-20,-0.8074955144291879,0.24434370132604247,0.06819590222583316
5000000,-19.5,-0.7925716262157287,0.23694969507492467,0.06321188976341309
5000000,-19,-0.779046014078038,0.22875499830473756,0.05821230386286743
5000000,-18.5,-0.7689768060738766,0.2195299030600845,0.053684016400780576
5000000,-18,-0.7647395601662407,0.21124743520112588,0.05014495535665244
5000000,-17.5,-0.7687395381732397,0.20420094934756874,0.028003375024059897
5000000,-17,-1.1643022253883235,0.07319000793638666,-0.03140490924777529
5000000,-16.5,-1.423713743512491,0.03350235318391434,-0.05737506101992772
5000000,-16,-1.4061218496477088,0.02949270802820485,-0.057517652011847574
5000000,-15.5,-1.376365804981477,0.026414650573417558,-0.056709375481006595
5000000,-15,-1.3443160726009293,0.023699072173117217,-0.05612868274003968
5000000,-14.5,-1.3075628394238805,0.02143159942951145,-0.05567064533157663
5000000,-14,-1.266199027321564,0.019548754478238423,-0.05526196910073805
5000000,-13.5,-1.22153713199556,0.017960456437766403,-0.05483968500807025
5000000,-13,-1.1749164680883601,0.016597291728762197,-0.05436161986192033
5000000,-12.5,-1.1271656781410617,0.015411439563520573,-0.05382926427109584
5000000,-12,-1.0785690391006553,0.014368268744575951,-0.05328833063052272
5000000,-11.5,-1.0291108953698698,0.01344066033372709,-0.052794548885098436
5000000,-11,-0.9787412219090154,0.01260737374110972,-0.052373831623948555
5000000,-10.5,-0.9274878160476363,0.01185381830671366,-0.05201432751177124
5000000,-10,-0.8754312873592651,0.011172471871687751,-0.051690698874184315
5000000,-9.5,-0.8226635627268915,0.010561352347054982,-0.05139174967088719
5000000,-9,-0.7692817742374917,0.010021119637779434,-0.05112949314474082
5000000,-8.5,-0.7153804700948224,0.00955089921538897,-0.05092012333050584
5000000,-8,-0.6610357617430571,0.009145129558623037,-0.050769652704123036
5000000,-7.5,-0.6063117629974428,0.00878943308218474,-0.05067857207375888
5000000,-7,-0.5512727364662207,0.008470919235991177,-0.05064706729199342
5000000,-6.5,-0.49598052689888705,0.008185559413664546,-0.05067726015584684
5000000,-6,-0.44048060056854926,0.00792919012495816,-0.050760881920811664
5000000,-5.5,-0.38479282865300923,0.00769765352778787,-0.050881223590553505
5000000,-5,-0.32891200534903614,0.007489444727417327,-0.05102212219676949
5000000,-4.5,-0.27281846398241316,0.007305889130397267,-0.05117390802120364
5000000,-4,-0.2165158536120378,0.007148534275659442,-0.05133497299907743
5000000,-3.5,-0.16009127874969958,0.00701525961947355,-0.0515063864584666
5000000,-3,-0.1036606997702006,0.006903037699624529,-0.051679909816946444
5000000,-2.5,-0.04717372313460658,0.00681734230693983,-0.051829416837700516
5000000,-2,0.009525462456662581,0.006768007237362241,-0.051915925224644235
5000000,-1.5,0.0664406070808747,0.006756433917893385,-0.05192001626899175
5000000,-1,0.12338154368612538,0.006773574967374179,-0.05189025342028778
5000000,-0.5,0.18009265989369497,0.006805971917857652,-0.05192555751340165
5000000,0,0.23637470595334656,0.006845604523711413,-0.0520730347416839
5000000,0.5,0.2921497484960972,0.006905064698753076,-0.052267988468016925
5000000,1,0.3475111750890983,0.007024885051792371,-0.05239562875536733
5000000,1.5,0.4026282515949159,0.007214810505650561,-0.05250545012412353
5000000,2,0.45798267105185136,0.007414076036443031,-0.05266349664612311
5000000,2.5,0.5138073787987137,0.00758446737964133,-0.05276610563108104
5000000,3,0.5698103737215977,0.0077367631298698916,-0.05274901285519283
5000000,3.5,0.6256862101098815,0.007888346194585344,-0.05266583654837277
5000000,4,0.6811461697078265,0.008043513491871764,-0.05259715922175059
5000000,4.5,0.7361553268394583,0.008195978584351034,-0.05252756438823118
5000000,5,0.7910183903608974,0.008337623949605535,-0.05245734142034135
5000000,5.5,0.8457772250251239,0.008482185494752534,-0.05237227483716311
5000000,6,0.9000434542073157,0.00866080779352977,-0.052235258429020506
5000000,6.5,0.9535278358520458,0.008879135478717073,-0.052055127630026024
5000000,7,1.0062197870108953,0.009135001241287194,-0.05180754775035026
5000000,7.5,1.0581228117921324,0.009440607307527007,-0.051403289153398035
5000000,8,1.109368656034119,0.00980419869641623,-0.05083793844932381
5000000,8.5,1.1602501364143414,0.010227442637277645,-0.05019797713116757
5000000,9,1.2109769308717602,0.010716972482285677,-0.04954829831646031
5000000,9.5,1.261518890230449,0.011274016896109294,-0.04889413576654765
5000000,10,1.3116482076930627,0.011896381608818297,-0.04820037540179335
5000000,10.5,1.3610637673537815,0.012581297773011783,-0.04743034128253805
5000000,11,1.409490732014888,0.013327718996701054,-0.046554022604641206
5000000,11.5,1.4567141861059634,0.014138308130333042,-0.04554631844277587
5000000,12,1.5025622244641008,0.015019044175560698,-0.04438624009155889
5000000,12.5,1.5468566954838696,0.01597869526699778,-0.043049056756992075
5000000,13,1.5893261118936586,0.017028859829760486,-0.0414906252164177
5000000,13.5,1.6294703920842253,0.018184590722040584,-0.03962578950855579
5000000,14,1.6664105964932427,0.01946585216610009,-0.03731127300393193
5000000,14.5,1.6988693308184724,0.020900634478261685,-0.034364671280079105
5000000,15,1.7254978124308855,0.022531305675397482,-0.030661789549955333
5000000,15.5,1.7455134751006267,0.024425424596853373,-0.02629444936525397
5000000,16,1.7591235835798829,0.026688170961462518,-0.021652257899970974
5000000,16.5,1.7673032486381348,0.029468346252808215,-0.017309713756686197
5000000,17,1.771228785294782,0.03296186959407512,-0.013836282248434445
5000000,17.5,1.771662873619897,0.03745018358708701,-0.011771411322361435
5000000,18,1.7676204967367495,0.04337698645546085,-0.011687210311230578
5000000,18.5,1.7542792731431915,0.05129379076272385,-0.013929030607526604
5000000,19,1.7251653924082366,0.061568804549096905,-0.018348961659260248
5000000,19.5,1.680810274888001,0.07425831889302253,-0.024518086938462403
5000000,20,1.6258016995350426,0.09224740991848851,-0.03280182482996909
5000000,20.5,1.5413198925987706,0.12456167628427887,-0.04588684344703737
5000000,21,1.3598382815557852,0.16862551218067598,-0.06804637488857032
5000000,21.5,1.2202890050342012,0.21092315515371565,-0.10200381967894376
5000000,22,1.1947674188578814,0.23237891072965738,-0.12163626792983868
5000000,22.5,1.1740528259115413,0.25515858825333365,-0.1296305843684094
5000000,23,1.1633678657596598,0.2756575364908885,-0.13810714438658722
5000000,23.5,1.1646055336706693,0.29108087554272977,-0.14681638523843493
5000000,24,1.1743179093392935,0.3016617253326915,-0.15468630535220154
5000000,24.5,1.1886149576418943,0.30898998623367224,-0.16158024523480652
5000000,25,1.2046028529740087,0.3146420364522797,-0.16766745204396366
5000000,-20,-0.8094188515454697,0.24623819520379703,0.06777720902389377
5000000,-19.5,-0.7955952038981329,0.2377526723299147,0.06270089404119131
5000000,-19,-0.7838680741799214,0.22818218386538178,0.05768098994828341
5000000,-18.5,-0.7768591787236173,0.21763559377415226,0.05345531297230007
5000000,-18,-0.7730595011429469,0.21019664904362897,0.04826094536737271
5000000,-17.5,-0.8102583386371125,0.18711847466646872,0.015334303827415092
5000000,-17,-1.2576763554342831,0.05763008762316128,-0.04105547484009991
5000000,-16.5,-1.436318620944846,0.032173556689284656,-0.058604204194165
5000000,-16,-1.413714298703413,0.02858007622821122,-0.05795226012149496
5000000,-15.5,-1.383595438779623,0.025640763764962975,-0.05680085815603654
5000000,-15,-1.3514325143557313,0.023048129590087976,-0.0558755329908581
5000000,-14.5,-1.3148417557269112,0.020860485598043533,-0.05511251201705125
5000000,-14,-1.2737084647837147,0.01901066549917684,-0.054510246148784566
5000000,-13.5,-1.2289203010472838,0.017417307861875446,-0.054073696893949565
5000000,-13,-1.1814938742756642,0.016019915374443843,-0.053790514521390956
5000000,-12.5,-1.1322311049740725,0.01477934185711202,-0.053629637248725534
5000000,-12,-1.0816709078267954,0.013670844403675483,-0.05354818280282601
5000000,-11.5,-1.0301561001124935,0.012677946072951004,-0.05349898449441533
5000000,-11,-0.9779181458291536,0.011788529077029673,-0.053434964485002644
5000000,-10.5,-0.9251438370315305,0.010992794814398915,-0.05331079938659629
5000000,-10,-0.8720103943160883,0.010282559444033482,-0.05308683246421564
5000000,-9.5,-0.8186782406360935,0.009651613754903976,-0.05274230875230555
5000000,-9,-0.7652396221822859,0.00909623539312247,-0.052295391149415796
5000000,-8.5,-0.7116472181570002,0.008613734163870896,-0.05180542553309936
5000000,-8,-0.6577071349005781,0.008200204687324415,-0.05135844985499825
5000000,-7.5,-0.6032155985344011,0.007844132826969424,-0.05104041751883122
5000000,-7,-0.548143863327782,0.0075324060492230685,-0.050892372780982485
5000000,-6.5,-0.4926572826523221,0.007261613007169666,-0.050891855664134976
5000000,-6,-0.43691860151243656,0.007030348605531579,-0.05097524183163242
5000000,-5.5,-0.38094755841418315,0.006837311074614752,-0.05109408148349646
5000000,-5,-0.3246981805587723,0.006679063987339341,-0.05123202068445232
5000000,-4.5,-0.2681969752569778,0.006546583434715509,-0.05138590515039402
5000000,-4,-0.21161212061346252,0.006426207841417359,-0.05154926273871385
5000000,-3.5,-0.15511611446247092,0.006309205636893797,-0.051708243394183916
5000000,-3,-0.09866992772519706,0.0062004366893378725,-0.051849724430266496
5000000,-2.5,-0.0421524282558938,0.006109156678675202,-0.05197324958102824
5000000,-2,0.014417388673029524,0.0060378217757443555,-0.052096763553164095
5000000,-1.5,0.07089264965958873,0.005983163942668538,-0.05225121499870761
5000000,-1,0.1270481401157985,0.005938881463369752,-0.05246581783925357
5000000,-0.5,0.18273144150212045,0.00589849611214131,-0.0527297296830588
5000000,0,0.23844083782587638,0.005881513628428362,-0.05297261732779966
5000000,0.5,0.2946186656188249,0.005933845892746182,-0.05318161414157914
5000000,1,0.3506458100962038,0.006052325767688137,-0.05323831299718211
5000000,1.5,0.4062295317800386,0.006220687587612612,-0.053153059226241736
5000000,2,0.4609021747997435,0.006451448380030955,-0.05298969166297427
5000000,2.5,0.5146658123140991,0.0066606368514681505,-0.05281342778057707
5000000,3,0.569076068997123,0.006743304594847772,-0.052797316413609616
5000000,3.5,0.6239060240980921,0.006777528456910853,-0.0527924748661318
5000000,4,0.678332593533725,0.006824257591937842,-0.052767802898083506
5000000,4.5,0.731990651426606,0.006940382639253751,-0.052437598666051376
5000000,5,0.7853469364124361,0.007156006549862897,-0.051858954767598095
5000000,5.5,0.8394342896136996,0.007441027699935641,-0.051413531401334686
5000000,6,0.8943111350496478,0.007766546536855354,-0.051180069420741256
5000000,6.5,0.9492640059871019,0.00812582225008881,-0.05104693032281484
5000000,7,1.0036129384091361,0.00852136719919882,-0.050901166770167386
5000000,7.5,1.0570370604037191,0.008951387240252158,-0.05068072759665158
5000000,8,1.1094973950924523,0.009408651463425377,-0.050364477799529205
5000000,8.5,1.1611080915069194,0.009895465850276758,-0.04994284849738425
5000000,9,1.2120237070387307,0.010422675101528323,-0.049410759082412124
5000000,9.5,1.2623440915831572,0.01099351152598398,-0.04877112691854535
5000000,10,1.3120903806114494,0.01160892394846805,-0.04803418849389203
5000000,10.5,1.3612296016107082,0.01226957184100235,-0.04722040459374603
5000000,11,1.4096962830835502,0.012977694077165293,-0.04634397799330917
5000000,11.5,1.4573924081711713,0.013737883869298173,-0.04540529382156923
5000000,12,1.5041806970867506,0.014556343007040416,-0.04439100483948482
5000000,12.5,1.549873066181887,0.01544048975278761,-0.043272207491914794
5000000,13,1.594194903173709,0.01639916032288652,-0.04199855740029166
5000000,13.5,1.636697933811691,0.017443293811929973,-0.040486395775808384
5000000,14,1.6766198903404281,0.01858720375954548,-0.038602615272354604
5000000,14.5,1.7127822757573052,0.01985095801990394,-0.03616186806469309
5000000,15,1.7437392111443921,0.021264985044053688,-0.03297900892562804
5000000,15.5,1.7683194317709114,0.022878228462056335,-0.029005362172007144
5000000,16,1.7862582379839453,0.024769058618484704,-0.024473170036358672
5000000,16.5,1.7983049884194904,0.02705203346587505,-0.01988392954165031
5000000,17,1.8057221328435222,0.029873553439728515,-0.015814859056460275
5000000,17.5,1.8096686535453683,0.033418707702669734,-0.012774293896520605
5000000,18,1.810410729247684,0.03797726321700268,-0.011279381885582983
5000000,18.5,1.8055768307453715,0.044001457493492754,-0.011839182074458188
5000000,19,1.788910224447943,0.05194279285862878,-0.014582453376230754
5000000,19.5,1.7552549634825003,0.06195907977238431,-0.019269277118857064
5000000,20,1.7079209380437659,0.074138603081079,-0.025643144431817238
5000000,20.5,1.6500392296555864,0.09366850602070799,-0.0347972065110842
5000000,21,1.5562643570781332,0.1278761816354867,-0.04909845588860582
5000000,21.5,1.3627723675880485,0.172756884430809,-0.07242316279606106
5000000,22,1.2338696243481928,0.21348150692514004,-0.10488053872361966
5000000,22.5,1.212506641606601,0.23416332396576106,-0.12361779333222489
5000000,23,1.1955091850890442,0.2559381666915408,-0.13165169894820422
5000000,23.5,1.1849913843014246,0.27642877350590506,-0.13973126477474312
5000000,24,1.18435914153741,0.2927030119173921,-0.14827790650830866
5000000,24.5,1.1917234713638183,0.30441683387126484,-0.1562727355567319
5000000,25,1.2040652637785563,0.31269368905848993,-0.16344135325411205
5000000,-20,-0.8087901641507655,0.24671602542415544,0.06793000134598888
5000000,-19.5,-0.7948125905771427,0.2376198128259595,0.06299252516458431
5000000,-19,-0.7821881336322972,0.2276541386240117,0.05794098279586949
5000000,-18.5,-0.771767768251399,0.21699967862905162,0.05281662498614711
5000000,-18,-0.7664481333196458,0.20600332065044366,0.048175801276484576
5000000,-17.5,-0.7653465730908703,0.19757939700782623,0.04356672944420567
5000000,-17,-0.7750957871135858,0.18773866963786823,0.02059507300302819
5000000,-16.5,-1.0870240182361375,0.08608114098857785,-0.02715260601659522
5000000,-16,-1.3410018929921446,0.03719172897138354,-0.05433832461169723
5000000,-15.5,-1.347472269376036,0.030104129993485548,-0.057461236646124056
5000000,-15,-1.3189558552921794,0.026882023697525268,-0.0566590452745527
5000000,-14.5,-1.2876104778637103,0.024137980603914522,-0.05563284851401003
5000000,-14,-1.25325362910324,0.021748496519077995,-0.05470032659496303
5000000,-13.5,-1.2151157803116828,0.01968553945042583,-0.05391082518503691
5000000,-13,-1.1732842658272173,0.017897337884615873,-0.053298311347098073
5000000,-12.5,-1.1282300951689064,0.016332929151462706,-0.0528848329527819
5000000,-12,-1.0805029327972526,0.014951784960640575,-0.05266883327753484
5000000,-11.5,-1.0306261913981785,0.013724129104611012,-0.052619940824556954
5000000,-11,-0.9790795573343702,0.01262832842339078,-0.05268458965634586
5000000,-10.5,-0.926291389317978,0.011648048548523278,-0.0528010541915094
5000000,-10,-0.8726222077635772,0.010770319109472331,-0.05291773809442647
5000000,-9.5,-0.81835498760157,0.009985156357450304,-0.05300807838808301
5000000,-9,-0.7637041278123612,0.009286211623528702,-0.05307447670698029
5000000,-8.5,-0.708821062190017,0.008669658255579037,-0.053126124931520635
5000000,-8,-0.6537900030393247,0.008131512090625636,-0.05315221331311597
5000000,-7.5,-0.5986616083029266,0.007660282947621286,-0.05312164007794538
5000000,-7,-0.5434931362593706,0.007242498789619434,-0.052999022131627015
5000000,-6.5,-0.48831321363130736,0.006874767207168757,-0.0527773460684685
5000000,-6,-0.4330571150018371,0.006553153294511712,-0.05248367889989556
5000000,-5.5,-0.3775919008973929,0.006269030253355013,-0.05217975184258128
5000000,-5,-0.321824830658049,0.0060113036167882316,-0.05194777780790183
5000000,-4.5,-0.26571442177554694,0.005773596165230962,-0.0518527817788957
5000000,-4,-0.2092043132649905,0.005560466955712328,-0.05190069961303419
5000000,-3.5,-0.15234357846156515,0.0053807716518771845,-0.05202863966701551
5000000,-3,-0.09534651677815201,0.0052400242140377565,-0.05215755187790207
5000000,-2.5,-0.0384695867883903,0.005137911510848578,-0.05225448173318224
5000000,-2,0.01797819211614471,0.005061589495449547,-0.05233714592640977
5000000,-1.5,0.07375094548145668,0.0049835008825825375,-0.052416486857122524
5000000,-1,0.12979905789041554,0.00490900606529749,-0.052534884037167016
5000000,-0.5,0.18701526391029022,0.0048813337526484295,-0.052887796858601746
5000000,0,0.24414375846667727,0.0048431301908890565,-0.053179604525741886
5000000,0.5,0.3002602664355145,0.004729148453037594,-0.053383515555424574
5000000,1,0.3547971095577092,0.004552663110712665,-0.05364341147662799
5000000,1.5,0.4083225222734322,0.004443493850708235,-0.053889015695264456
5000000,2,0.46175311632172655,0.004471325309129584,-0.05376710940489474
5000000,2.5,0.5152245988525515,0.004685431701030397,-0.05273794985030187
5000000,3,0.5682910348552893,0.005106179961840851,-0.051746694358502564
5000000,3.5,0.6214925190902579,0.005648932370474161,-0.05138169404449442
5000000,4,0.6771244582775008,0.006110296330896937,-0.05155785987882411
5000000,4.5,0.7338005443094968,0.0065031524401600385,-0.05180098837336437
5000000,5,0.7897911078933824,0.00688652538806282,-0.05195443010996117
5000000,5.5,0.8445902455955717,0.0072830118094230085,-0.051967797916135816
5000000,6,0.8983379007459835,0.007693712284555978,-0.05182135384207687
5000000,6.5,0.9514417784535114,0.008111649172490703,-0.05152177509732951
5000000,7,1.0041628108975185,0.008535201929859584,-0.05109562171666944
5000000,7.5,1.0564292842930891,0.008972461415141979,-0.050576560002719685
5000000,8,1.1080867239413807,0.009432093760879185,-0.04999599078869053
5000000,8.5,1.159133806279428,0.009928018245752825,-0.049370175260245654
5000000,9,1.2096879051435496,0.010472483139565652,-0.048708106031333805
5000000,9.5,1.259832853915767,0.011065565735985598,-0.04801268709321956
5000000,10,1.309553208315132,0.011705483633236171,-0.04728155219832564
5000000,10.5,1.3587598953422848,0.012391174402009524,-0.04651232804151766
5000000,11,1.40732235288033,0.013124385662659437,-0.04569309725545336
5000000,11.5,1.4550781827677168,0.013909783442652635,-0.04480362593312619
5000000,12,1.5018329988341792,0.014753964025652275,-0.043817413390355636
5000000,12.5,1.5473458128099369,0.015664977151631745,-0.04269723799507756
5000000,13,1.5912811316573423,0.016652417359525083,-0.04138500501669384
5000000,13.5,1.633109433460493,0.01772807913498423,-0.03978677857617985
5000000,14,1.6719721984857663,0.018907466348901898,-0.037758590299722214
5000000,14.5,1.7066248005039122,0.020212920067320946,-0.03511487601674653
5000000,15,1.7356641752776334,0.021679660732098274,-0.03169964195440009
5000000,15.5,1.7581084285100341,0.023365717450553353,-0.027530850255806576
5000000,16,1.773943669801067,0.025363499242267516,-0.02291934650338905
5000000,16.5,1.7840911541632498,0.027805443844298762,-0.01841437163919905
5000000,17,1.7898453107242376,0.030863577723184592,-0.014610563471280046
5000000,17.5,1.792196386283986,0.03477331775693756,-0.012053580704135513
5000000,18,1.7908078787266501,0.03989565555265151,-0.011277953455883028
5000000,18.5,1.7823379192078588,0.04669661265223279,-0.012631761900902982
5000000,19,1.7606917251100014,0.05554955794805559,-0.01602801197714503
5000000,19.5,1.7227701320864095,0.06660826590482816,-0.021187158527513416
5000000,20,1.6713959924382886,0.08141173915653688,-0.02829205073110208
5000000,20.5,1.5990315451484405,0.10898201882637922,-0.03960389034468381
5000000,21,1.4632312675496717,0.14655057094362364,-0.056890856521245
5000000,21.5,1.2956309254872664,0.18864081316334994,-0.08411105713847208
5000000,22,1.2429484289364803,0.21324536434722693,-0.10915363862819874
5000000,22.5,1.2261591920707795,0.2325067813798591,-0.12062607353518091
5000000,23,1.2104870446332068,0.2532122023711798,-0.1281102043867049
5000000,23.5,1.2008099233958034,0.2726463630862125,-0.13652232518875956
5000000,24,1.1985271079433832,0.28904323117030667,-0.14532121935644168
5000000,24.5,1.2030255611507341,0.30183424355021754,-0.15365595673015703
5000000,25,1.2127071774035938,0.3114888908588546,-0.16123117692006445
7000000,-20,-0.807376662211425,0.24156298790630384,0.06585851969822415
7000000,-19.5,-0.7956761738247244,0.2326202768573441,0.06055915745827432
7000000,-19,-0.7904870967475789,0.22229085942613236,0.0564054113815279
7000000,-18.5,-0.7877643142208097,0.21649345974808773,0.0492558697479089
7000000,-18,-0.8860299652004828,0.17340621335200695,0.007573966864181114
7000000,-17.5,-1.3763875837861055,0.04804539830620797,-0.046625746326217465
7000000,-17,-1.4810841596324553,0.03218314695566886,-0.058356276274794804
7000000,-16.5,-1.4595468027729805,0.028716208310160786,-0.057856690253869004
7000000,-16,-1.4310545992688328,0.025782273793107005,-0.057070222480149826
7000000,-15.5,-1.3987960346887978,0.023228954369946972,-0.056437664379481556
7000000,-15,-1.3618155500830202,0.021096255621266338,-0.05585526284157063
7000000,-14.5,-1.3205905779661644,0.019318476504062734,-0.05526740893006941
7000000,-14,-1.2763528004275302,0.017811288959443675,-0.05465264852454497
7000000,-13.5,-1.2302171616691295,0.01650880374902499,-0.054025513036209935
7000000,-13,-1.182825676304947,0.015364443572966277,-0.05343131097642436
7000000,-12.5,-1.134419690157732,0.014344846864631727,-0.05291724697538449
7000000,-12,-1.0850674287462034,0.01342606785376439,-0.05250145598929479
7000000,-11.5,-1.0348179588941724,0.012592459021806989,-0.05216742447510033
7000000,-11,-0.9837318188031658,0.011835605403712934,-0.051882494377398725
7000000,-10.5,-0.9318661588164698,0.011151493476854797,-0.05161772509130158
7000000,-10,-0.8792734293490749,0.01053731368851375,-0.051357679451273584
7000000,-9.5,-0.8260154487813476,0.00999043132361369,-0.0511061720260433
7000000,-9,-0.7721775806292233,0.009508701834080755,-0.05088616810885899
7000000,-8.5,-0.7178587406422617,0.0090884579947781,-0.050717447056186804
7000000,-8,-0.6631498503082652,0.008721889690174503,-0.05060570363422016
7000000,-7.5,-0.608129688555186,0.008393612393382177,-0.050549957715335214
7000000,-7,-0.5528609931635631,0.008093514983426071,-0.05055031872178436
7000000,-6.5,-0.4973845864317113,0.007820209185068372,-0.05060904652605573
7000000,-6,-0.4417206402380372,0.007571911257721427,-0.05071868893295909
7000000,-5.5,-0.3858751181782164,0.007347330723129018,-0.050864396498835396
7000000,-5,-0.3298420458267591,0.007147281090245492,-0.051031303110388636
7000000,-4.5,-0.2736005522442424,0.006974130099341365,-0.05121042246746229
7000000,-4,-0.2171284732009386,0.006829502492481345,-0.05140051767484399
7000000,-3.5,-0.16046231205263686,0.006710974480630689,-0.05159960827193345
7000000,-3,-0.10372599484048878,0.006613066954220045,-0.051786717207272424
7000000,-2.5,-0.0469725050843087,0.006536989603225656,-0.05191821378794094
7000000,-2,0.009889372658448359,0.006492154766798165,-0.05196193658343522
7000000,-1.5,0.06686526898651189,0.00648236390066292,-0.05194548621659929
7000000,-1,0.12382220954346503,0.006501609134163828,-0.051952215311045526
7000000,-0.5,0.18063994269820255,0.006541563837803109,-0.052046476597617776
7000000,0,0.23718727924343422,0.0065991874887613294,-0.052216169891232754
7000000,0.5,0.2931685512902789,0.0066826680887360854,-0.05238836057110542
7000000,1,0.34843806983810865,0.00680431290369052,-0.052534098363045276
7000000,1.5,0.40371463591054424,0.006952527915315612,-0.052691040837210525
7000000,2,0.4596412862908963,0.007100060474455082,-0.05285401833265134
7000000,2.5,0.5158602056172145,0.007238571129078269,-0.05298684068941857
7000000,3,0.5719197236145361,0.007378406682030211,-0.05304094053557333
7000000,3.5,0.6277113982889336,0.007530978662682558,-0.05300637603706535
7000000,4,0.6832936464561234,0.007697756389749368,-0.05293970597831234
7000000,4.5,0.7387118745302723,0.00786648912811142,-0.0528914830121632
7000000,5,0.7939755703352179,0.008027481079138582,-0.052837529851731915
7000000,5.5,0.8489993811115422,0.008187164667873875,-0.052778380993366805
7000000,6,0.9036261445030649,0.008362324923821218,-0.052708509308474524
7000000,6.5,0.9576636626539135,0.008574123654887768,-0.0525934226236198
7000000,7,1.0109442432431752,0.008825754126422055,-0.052429354372966544
7000000,7.5,1.0634726050719783,0.009107889306727011,-0.052223650666799924
7000000,8,1.115284336911182,0.009420108989796243,-0.051916457630423275
7000000,8.5,1.1664227948947994,0.009776420920951547,-0.051435452421469186
7000000,9,1.2170674921296412,0.010195823849537142,-0.05079286810998235
7000000,9.5,1.2674151085735734,0.010684554683798236,-0.050057903898130696
7000000,10,1.3175122087911606,0.011241097465442398,-0.04928431071465452
7000000,10.5,1.3672254773505894,0.011862139976416563,-0.048494396718768554
7000000,11,1.4163079461087595,0.012545396885642771,-0.047676004806409024
7000000,11.5,1.4644749714219993,0.013291630553770386,-0.04679138637741372
7000000,12,1.5114550568811786,0.014104277549308798,-0.04579477479541885
7000000,12.5,1.5570063089072919,0.01498909383025435,-0.04464089681606681
7000000,13,1.6008843730457838,0.01595435899531006,-0.04328124397016743
7000000,13.5,1.6427445069874131,0.017011450691743448,-0.041649138271874504
7000000,14,1.681978263980218,0.018175818160535897,-0.03963751765008895
7000000,14.5,1.717565791315248,0.019468826141799265,-0.037086608138291975
7000000,15,1.7481524782526896,0.020921646573433397,-0.033822105041991804
7000000,15.5,1.7725282244838192,0.022582931028785173,-0.029779238102844524
7000000,16,1.7902705468381934,0.024530802506001863,-0.025154495026428247
7000000,16.5,1.8019303233963102,0.02688474091764317,-0.02042486276550502
7000000,17,1.808593564709861,0.029810095313506146,-0.016179928768326225
7000000,17.5,1.8113249803953404,0.03352604414361143,-0.012959206708921218
7000000,18,1.8105446638910356,0.03835261390550677,-0.01128261656027213
7000000,18.5,1.8044717325066604,0.044761392217064794,-0.011663728219569857
7000000,19,1.7875107256454417,0.053246419901008896,-0.014301241210022709
7000000,19.5,1.7543773638561408,0.06403101769620993,-0.018963204129482575
7000000,20,1.7073566871364574,0.07735026102944925,-0.025296438085013
7000000,20.5,1.648196906792173,0.09751046873577332,-0.03408700338271719
7000000,21,1.556497908874995,0.1301118151400141,-0.047296343699028846
7000000,21.5,1.3833392046024797,0.17178344456994807,-0.06824392026949275
7000000,22,1.2470501722137435,0.21266912734424528,-0.100547429032504
7000000,22.5,1.221023983704356,0.23276798782055458,-0.12326630871013136
7000000,23,1.2005226947098355,0.2540967684745313,-0.131697767381678
7000000,23.5,1.1861185839642758,0.2752948128305302,-0.13935876493615595
7000000,24,1.1826737083078027,0.29279698828843553,-0.14810098360438864
7000000,24.5,1.1882603721933642,0.30560549763363004,-0.15647083432139117
7000000,25,1.1998754024289313,0.31438586942523916,-0.16390654427045925
7000000,-20,-0.8119674539336701,0.242723762260461,0.06522837723005742
7000000,-19.5,-0.8028442323750307,0.23219411716208338,0.06031165226855809
7000000,-19,-0.7998694108593218,0.22201641002311948,0.05662438505121879
7000000,-18.5,-0.794680223416469,0.21924261778684437,0.038809145924440056
7000000,-18,-1.0628211222550572,0.11497166986802047,-0.015148739559684269
7000000,-17.5,-1.4665802995563133,0.038031673879516587,-0.05509394168644327
7000000,-17,-1.4968245423429751,0.030601891966142963,-0.05911344496146601
7000000,-16.5,-1.471218931022039,0.02748567442458812,-0.05797899191950042
7000000,-16,-1.4422994716951876,0.02470163409597953,-0.05688802804739044
7000000,-15.5,-1.4095015306686454,0.022297630410498044,-0.05595242261634607
7000000,-15,-1.3718775946085493,0.02026653164253998,-0.055163506603410004
7000000,-14.5,-1.3298581015953974,0.018533833391805032,-0.05453901407961929
7000000,-14,-1.284453394855671,0.017027777909863748,-0.05408421190744707
7000000,-13.5,-1.236672803724121,0.015697841890194696,-0.05378320252025448
7000000,-13,-1.187286165121642,0.014511845131970949,-0.05360227426687655
7000000,-12.5,-1.136802670049518,0.013449304583314767,-0.05349527550909352
7000000,-12,-1.085544575622373,0.012496251339675047,-0.05340917865455541
7000000,-11.5,-1.0337334979876371,0.011642096460344836,-0.053289095206378326
7000000,-11,-0.9815427299260797,0.010877908871998195,-0.05308401095640099
7000000,-10.5,-0.9290981324137918,0.010195520669168573,-0.05275733085897549
7000000,-10,-0.8764377556204985,0.009587361732156848,-0.0523047981600759
7000000,-9.5,-0.8234761106632822,0.009047381161034236,-0.05177423408348605
7000000,-9,-0.7700355869490729,0.008572201461402059,-0.05126568678063126
7000000,-8.5,-0.7159548238782332,0.008159701228821786,-0.050883817904423624
7000000,-8,-0.6612189594505543,0.007805779083649271,-0.050679593429399636
7000000,-7.5,-0.605998864067936,0.007497831625480533,-0.050627527593776735
7000000,-7,-0.5505033344586513,0.007225986304121052,-0.05066202032562346
7000000,-6.5,-0.494808964490153,0.006991610776753636,-0.05074288506184379
7000000,-6,-0.4388791017788764,0.006794319730532571,-0.050858916712958925
7000000,-5.5,-0.3826663832332064,0.006628720510068981,-0.05100559713429355
7000000,-5,-0.32616650998385044,0.006487438115890922,-0.05117504876870503
7000000,-4.5,-0.26944395965757406,0.006362768410894408,-0.051359351994120506
7000000,-4,-0.21265156393809065,0.006245653093777189,-0.05155248789633356
7000000,-3.5,-0.15597467625673495,0.0061277837591242204,-0.05174543697171593
7000000,-3,-0.0994298091173268,0.006011257475941997,-0.05192724032709779
7000000,-2.5,-0.04284814760516259,0.005909655748875606,-0.052095852330261594
7000000,-2,0.013851956212123984,0.005835608717246095,-0.052265471472055645
7000000,-1.5,0.07057788464831123,0.00579312580084718,-0.05246500018475112
7000000,-1,0.12714751509637176,0.00577629957617504,-0.05271292047239849
7000000,-0.5,0.18334827792499292,0.005773496377284455,-0.05295495304079033
7000000,0,0.2392416114529543,0.005783144997451343,-0.05304752668281158
7000000,0.5,0.2952569051810629,0.005834862649447495,-0.05304164806973133
7000000,1,0.35112882830979775,0.005954065733367332,-0.05316714359411384
7000000,1.5,0.4062885784543329,0.006148216765114144,-0.053233258566258636
7000000,2,0.4607712900938675,0.006404038888608405,-0.053064255198878495
7000000,2.5,0.5156090309525343,0.0066121947830964445,-0.05298066665726616
7000000,3,0.5711089048196739,0.006715124920097245,-0.05299531025177395
7000000,3.5,0.6267827976807094,0.006752663167119372,-0.05305002048241492
7000000,4,0.6821105038291265,0.0067979974113804836,-0.053111356270356146
7000000,4.5,0.7367818775577658,0.006872455505130581,-0.053198618342525025
7000000,5,0.7909293203512635,0.006978239301819706,-0.05314301110151605
7000000,5.5,0.8446652571443637,0.0071466799615909895,-0.052713874186943975
7000000,6,0.8985415895569477,0.00738245817643038,-0.0521736704188678
7000000,6.5,0.952737590230314,0.007678559993889883,-0.051770545161706163
7000000,7,1.0069294281832784,0.00802754706758063,-0.051515931609393516
7000000,7.5,1.0607184441130686,0.00841941322090754,-0.05132410020444149
7000000,8,1.113851589255198,0.008842166606235692,-0.051114814628629726
7000000,8.5,1.1662529769503243,0.009293625321642972,-0.05083004097355974
7000000,9,1.217952146640882,0.009782289387909196,-0.05043312498002691
7000000,9.5,1.2689838060239007,0.01031088394174109,-0.04991063623437784
7000000,10,1.3193470079441894,0.010879799345517317,-0.04926672498495059
7000000,10.5,1.3690164207614608,0.011489029750997163,-0.04852379799927843
7000000,11,1.4179584315570453,0.012139976995657676,-0.047703197870470726
7000000,11.5,1.466126558749008,0.012836395567862638,-0.046814836263339085
7000000,12,1.513450357722177,0.013583598941472038,-0.045856737251964784
7000000,12.5,1.5598265917119472,0.01438792356738381,-0.044813893746538304
7000000,13,1.6051005242060454,0.015256747941946704,-0.04365507703710504
7000000,13.5,1.6490106681604753,0.016198906488728883,-0.04232610229169692
7000000,14,1.6910723721629626,0.017225478427498282,-0.0407365978244505
7000000,14.5,1.730424186538553,0.018351209708929832,-0.03874253041905554
7000000,15,1.7657688290187075,0.019597219277481096,-0.03614782030566187
7000000,15.5,1.7956304282259157,0.02099605025614318,-0.03277404131266248
7000000,16,1.818985116091667,0.022600121762326147,-0.028613764603041974
7000000,16.5,1.835822629675096,0.024492168316392126,-0.02395798296341064
7000000,17,1.8470620646382794,0.026790097928393722,-0.019336479688694518
7000000,17.5,1.853964783980353,0.029641176709417988,-0.015304986461656483
7000000,18,1.8575787860914914,0.033232310522329896,-0.012337967659464367
7000000,18.5,1.8579566010458373,0.0378594044241738,-0.010941133347353683
7000000,19,1.8523174467134256,0.043965467876674165,-0.011600419475296043
7000000,19.5,1.834143930121519,0.051939641612625174,-0.014395170276107438
7000000,20,1.7990354051531527,0.06183349023733191,-0.01907114213704362
7000000,20.5,1.7511553988738973,0.07372199640652778,-0.02537473171201397
7000000,21,1.693714658808084,0.09231959780070452,-0.03423458895175759
7000000,21.5,1.6085816159063109,0.12469263933263709,-0.04752675811646162
7000000,22,1.435833836008874,0.16511329553323015,-0.06734060822172568
7000000,22.5,1.2690412609836892,0.21192615388812078,-0.09868946481850718
7000000,23,1.2363317407447665,0.23413780424048936,-0.12389495821164562
7000000,23.5,1.2211725501968052,0.2542337846721036,-0.13392289311138192
7000000,24,1.2077723902260458,0.275293737718309,-0.1410070902833917
7000000,24.5,1.2028881958817195,0.29360459206328154,-0.14919596854534573
7000000,25,1.206331397765388,0.3076636560239352,-0.15748636933322271
7000000,-20,-0.8160645955646937,0.24154351281529607,0.06473137249902197
7000000,-19.5,-0.8059928231786846,0.2307430014485436,0.059341085313510886
7000000,-19,-0.8008837170034194,0.21954935286347235,0.05475202302730906
7000000,-18.5,-0.7995686510231449,0.211819265334212,0.049659569913162296
7000000,-18,-0.818153629554708,0.19985485918463528,0.021589441781612352
7000000,-17.5,-1.179931404341923,0.08153200140287237,-0.030029307883065865
7000000,-17,-1.4395691031878126,0.03639682881604075,-0.0565850738863911
7000000,-16.5,-1.4442896914906393,0.030388150533149378,-0.05888285180962266
7000000,-16,-1.417042492347325,0.02729576460772777,-0.0578171617522921
7000000,-15.5,-1.3871751070750018,0.024574411884723025,-0.056640918208228606
7000000,-15,-1.3541054941163666,0.022195760529177454,-0.05558174334274622
7000000,-14.5,-1.3170331841412997,0.020141935069111917,-0.05467126338872781
7000000,-14,-1.2761222993287333,0.018360420545971607,-0.053938593243186284
7000000,-13.5,-1.231960802439914,0.016799274335303822,-0.053404793801179094
7000000,-13,-1.1851922385141984,0.015417772807666402,-0.05307148964906944
7000000,-12.5,-1.1363759576310555,0.014186363538691103,-0.05291484400115509
7000000,-12,-1.0859733104932432,0.013083893618094778,-0.05288793052909381
7000000,-11.5,-1.0343650380610536,0.012094720611977606,-0.05293124822751798
7000000,-11,-0.9818573388359232,0.011206417734183603,-0.05298689475543972
7000000,-10.5,-0.9286792899839578,0.010408292661109368,-0.05301077583858441
7000000,-10,-0.8749893637143207,0.009690904820806744,-0.05297946747686717
7000000,-9.5,-0.8209013517135471,0.00904681003870256,-0.05289245552952524
7000000,-9,-0.7665190318562236,0.00847169409845186,-0.05276817728647683
7000000,-8.5,-0.7119399737043863,0.00796313408175852,-0.0526206580095003
7000000,-8,-0.6572238196454243,0.007517950367036468,-0.05244262011754371
7000000,-7.5,-0.6023809254124632,0.007125783009393756,-0.0522184851891707
7000000,-7,-0.5473697864164726,0.006775485845563778,-0.051947752181121375
7000000,-6.5,-0.4920751992741302,0.00646477451322,-0.05166944923326992
7000000,-6,-0.4363309975416323,0.006191481858244247,-0.05144581246053555
7000000,-5.5,-0.38003655294236727,0.0059512974904797995,-0.05133815075472634
7000000,-5,-0.32330589610592364,0.005737504500229825,-0.05137902903678242
7000000,-4.5,-0.2664558497665448,0.00554271881657147,-0.0515432521479682
7000000,-4,-0.20968748564729858,0.005367767979528111,-0.05175450764602959
7000000,-3.5,-0.15289860419807838,0.0052243875387156516,-0.051940896360394895
7000000,-3,-0.0959722947778641,0.0051230482486095035,-0.052076590644715016
7000000,-2.5,-0.0389902622424573,0.005062949860937127,-0.05217484636968288
7000000,-2,0.017792574430449903,0.005028575194610572,-0.0522654265700974
7000000,-1.5,0.07397157706516334,0.004988594941244034,-0.05237666225112754
7000000,-1,0.1296596710120906,0.004917455831106582,-0.052496798878575245
7000000,-0.5,0.18607332524397405,0.0048541680227352675,-0.05279696697607709
7000000,0,0.24291733088123324,0.004824360195176019,-0.05327652498205075
7000000,0.5,0.29934356622461,0.004800926227381758,-0.05364723217952988
7000000,1,0.35499370107909495,0.004767745058857615,-0.05396270581587972
7000000,1.5,0.4097978237633239,0.004723447141292672,-0.0541356200848279
7000000,2,0.4643587409491152,0.0047309625552818145,-0.05400139060233661
7000000,2.5,0.5181440059279285,0.004842410388137955,-0.05374171807665594
7000000,3,0.5696761365611851,0.0051378299028289505,-0.05291798310752939
7000000,3.5,0.6218335737617482,0.005494717675487958,-0.0521366064296504
7000000,4,0.6768239848905984,0.005822472071841125,-0.05181912594252871
7000000,4.5,0.7331705312590142,0.006150623900353584,-0.05183011169493388
7000000,5,0.7894423632232974,0.006498559494245059,-0.05198400661017549
7000000,5.5,0.845030496005696,0.006866965562832523,-0.052130861014524944
7000000,6,0.8999337502831216,0.00724661298037221,-0.052182981089253656
7000000,6.5,0.9543609490106687,0.0076283784024010265,-0.05210622322629932
7000000,7,1.0082956193313701,0.00801516042722882,-0.05189798208654868
7000000,7.5,1.0615232316391787,0.008417288036996581,-0.05157087689930836
7000000,8,1.113918548382526,0.008840330903604955,-0.05114372660924556
7000000,8.5,1.1655465747820686,0.009293117869965048,-0.05062831876286289
7000000,9,1.2165713212787657,0.009785367130340037,-0.05003574053506232
7000000,9.5,1.2671189409661263,0.010317791509277991,-0.04937742776340601
7000000,10,1.317223873200613,0.010889569188335883,-0.04866477475998064
7000000,10.5,1.3668509861250522,0.011499976304407217,-0.04791189596228864
7000000,11,1.41592375798555,0.012150363983878063,-0.04712224397856914
7000000,11.5,1.464333678636509,0.012844445469186722,-0.04628765268083467
7000000,12,1.5119461519200406,0.013587436527998823,-0.045391517372891696
7000000,12.5,1.5586034493950458,0.014385634973631599,-0.04440824579415404
7000000,13,1.604109505861509,0.015246445109563243,-0.04329963250086109
7000000,13.5,1.6481727055767759,0.016178711830820855,-0.0420074715280883
7000000,14,1.690288908094599,0.01719343777886047,-0.04044011982293826
7000000,14.5,1.7295936834124173,0.018305257474646692,-0.03845551681376651
7000000,15,1.7648078658736983,0.019535391805057388,-0.035863027671414326
7000000,15.5,1.7944817282454841,0.020917094547496108,-0.032490849615821396
7000000,16,1.817600987112472,0.0225043930694928,-0.02833512799308253
7000000,16.5,1.834150352120998,0.024382219308596312,-0.023687107473854968
7000000,17,1.8450630630392715,0.02667028110748283,-0.01907847105554737
7000000,17.5,1.8516442262077635,0.02951709477635531,-0.015072744505683067
7000000,18,1.8549831549811748,0.03311022244499067,-0.012153588073418941
7000000,18.5,1.8551928281755496,0.03773356147160839,-0.010806770141414634
7000000,19,1.849827016310389,0.04378620604099944,-0.011455599314429665
7000000,19.5,1.8330557517321373,0.051617693919467404,-0.014148265850045406
7000000,20,1.8001143447703742,0.06132713787547778,-0.018646878076095542
7000000,20.5,1.7531846517196645,0.07314031152831882,-0.024781257968044347
7000000,21,1.6943932760105587,0.09194481121750245,-0.03358496331330491
7000000,21.5,1.605428238739123,0.12578352378710272,-0.047108801357324946
7000000,22,1.4376825991601234,0.1663185671924124,-0.06696610428424458
7000000,22.5,1.2872288771050542,0.2086683253572618,-0.09632070600502489
7000000,23,1.2551554809053775,0.22983119156599563,-0.11949127162908982
7000000,23.5,1.2421816747422563,0.2484762237070611,-0.12945157787110737
7000000,24,1.229931520531639,0.26827460734849834,-0.1362996559640724
7000000,24.5,1.2235461100202456,0.2865207680641531,-0.14416479048856984
7000000,25,1.2236887231919291,0.3017850313259731,-0.15250629046622233
10000000,-20,-0.8163381913915027,0.23445328860745004,0.06250516661679204
10000000,-19.5,-0.8180403872728923,0.22348801707464933,0.05858062416740646
10000000,-19,-0.8202253623140465,0.21992663286383693,0.037557381212041274
10000000,-18.5,-1.1256945361720538,0.11238687626409112,-0.015899227156643873
10000000,-18,-1.502431918783012,0.03903477806068014,-0.053768897345877975
10000000,-17.5,-1.5362579801580143,0.031123214709977476,-0.05887822425933984
10000000,-17,-1.5159364847720358,0.02782647759025793,-0.058253754877562236
10000000,-16.5,-1.4878733947603655,0.025061115622328642,-0.057437580742278435
10000000,-16,-1.4551012904295544,0.022696499529537197,-0.05667600006713667
10000000,-15.5,-1.4177586821930197,0.020724228850013786,-0.055898745085629066
10000000,-15,-1.3765167400319016,0.019070242581482752,-0.05510326756562515
10000000,-14.5,-1.3324076682573525,0.017653595251127727,-0.05432370393202759
10000000,-14,-1.2863285466436951,0.016412066744125084,-0.05361176068428013
10000000,-13.5,-1.2388687479769576,0.015303098577489415,-0.053012681639435524
10000000,-13,-1.1903629937656115,0.014299354240411021,-0.05254225599466332
10000000,-12.5,-1.1409817689372341,0.01338497732055984,-0.05218411539785543
10000000,-12,-1.0907981825289697,0.012552225163526588,-0.051905666287299077
10000000,-11.5,-1.0398389433814939,0.011797468791558094,-0.051674464499706654
10000000,-11,-0.9881199651940193,0.011117492582601774,-0.051465224678065455
10000000,-10.5,-0.9356647443740643,0.0105075200772739,-0.051260970855463606
10000000,-10,-0.8825158779399259,0.009961295443858834,-0.05105422672133767
10000000,-9.5,-0.8287503837948802,0.009472963707506976,-0.05085246245581295
10000000,-9,-0.7744856869625678,0.009038788908930206,-0.05068011286043248
10000000,-8.5,-0.7198410613063639,0.008654920681627461,-0.05055476690122105
10000000,-8,-0.6648940240115534,0.008313908694013728,-0.05047857707567346
10000000,-7.5,-0.6096886989309982,0.008001810856842083,-0.050449693324855195
10000000,-7,-0.5542540382359861,0.00771298678247088,-0.050472020319323754
10000000,-6.5,-0.49860940201454673,0.007449514639088969,-0.05055153495663649
10000000,-6,-0.4427687533596385,0.007211865150979538,-0.050682933113120734
10000000,-5.5,-0.38674344747004724,0.007000015253234983,-0.05085311442009342
10000000,-5,-0.3305372204297655,0.006814341131694745,-0.05104840352388031
10000000,-4.5,-0.2741356879678243,0.00665533742312445,-0.05125782583285622
10000000,-4,-0.21750781490703355,0.006523274394820106,-0.051470228008770304
10000000,-3.5,-0.160653669212195,0.006416947438413591,-0.05166692567746654
10000000,-3,-0.10368236894843078,0.0063321472685301606,-0.0518190430041149
10000000,-2.5,-0.04674255570489402,0.006266407902374849,-0.05190452192627113
10000000,-2,0.010164617698757261,0.006225287294671487,-0.051939214968531267
10000000,-1.5,0.06711198226027801,0.0062145160314378035,-0.051974550820802115
10000000,-1,0.12411150108393669,0.006233298679542162,-0.052055094937212144
10000000,-0.5,0.1811110277863498,0.006279107081486397,-0.052187823043559914
10000000,0,0.23790464979599507,0.0063528836522695415,-0.052341237629647305
10000000,0.5,0.2940480074144094,0.006454835436679545,-0.052496960405257975
10000000,1,0.34945885493724205,0.006568593193533395,-0.05268981238395924
10000000,1.5,0.40502364478634467,0.006674922795076315,-0.0528952189064722
10000000,2,0.461334994639055,0.006779528893736062,-0.05306356974158792
10000000,2.5,0.5178930555640202,0.0068935939086620535,-0.05320238569263902
10000000,3,0.5741175004706901,0.0070229812826917756,-0.05330977419680338
10000000,3.5,0.6298994215775771,0.007172092682057221,-0.05336185493508931
10000000,4,0.6854728324517954,0.007338591819490758,-0.0533466838753354
10000000,4.5,0.7411350278964269,0.007510915394340829,-0.053299082432300485
10000000,5,0.7967852303944143,0.007681845290574715,-0.0532572456022465
10000000,5.5,0.8520383554515791,0.00785962851939668,-0.05320222261751138
10000000,6,0.906740333291334,0.008053368731336063,-0.05313652035594638
10000000,6.5,0.9609526327995215,0.008264534941599625,-0.05306617020516411
10000000,7,1.0146879556356003,0.008503221814192788,-0.052961126121182533
10000000,7.5,1.0678206068642655,0.008777945310216126,-0.05279818812693907
10000000,8,1.120276236941094,0.009080417839789308,-0.052590600334320656
10000000,8.5,1.1721190007887978,0.009404101764580433,-0.052327680792474254
10000000,9,1.2233778958979244,0.00976654571333948,-0.05192874229469431
10000000,9.5,1.2740457650646937,0.010186921482927429,-0.0513349549837244
10000000,10,1.3241776926661557,0.010672975930044008,-0.05057455803800317
10000000,10.5,1.3738413430311311,0.01122414227133554,-0.049729658529090705
10000000,11,1.4230267324851864,0.011838213692341384,-0.04886300707763008
10000000,11.5,1.4716073466722357,0.012515418189535568,-0.04798660726865563
10000000,12,1.5193575808374036,0.013258113662200024,-0.04707134656800674
10000000,12.5,1.566001038024997,0.014070170315688404,-0.04606418913146622
10000000,13,1.6112463256386254,0.014957091717162689,-0.044900294787722166
10000000,13.5,1.6547654012287354,0.015926630156191057,-0.043505176628922906
10000000,14,1.6960841106562197,0.01698969471635577,-0.04178438405048758
10000000,14.5,1.7344132725181016,0.018161712453817928,-0.03960488930778342
10000000,15,1.7685633564333352,0.01946516861873244,-0.03679248878315468
10000000,15.5,1.7971699164655848,0.020934621093904985,-0.03319430736474081
10000000,16,1.8192852436194862,0.022625663742411827,-0.02882375048671563
10000000,16.5,1.834903037943297,0.024627448415460267,-0.023983818215687153
10000000,17,1.8448575663379803,0.0270731843717505,-0.019214229672555216
10000000,17.5,1.8502563547039497,0.030143744501931018,-0.01509245346309453
10000000,18,1.851994858686537,0.03408119339490032,-0.012118627438490409
10000000,18.5,1.8500933681428966,0.039238277774226116,-0.010780809588436501
10000000,19,1.842000477204233,0.04609335371382875,-0.011508501305779729
10000000,19.5,1.8217294401031183,0.05506911056598995,-0.014385283076146093
10000000,20,1.7852159530322513,0.06629879932942942,-0.019173645930246685
10000000,20.5,1.7349104539355866,0.08048608068353061,-0.025715378071656376
10000000,21,1.6695109325540782,0.10302136993147826,-0.03510911767991824
10000000,21.5,1.5719632912107615,0.13538427931600358,-0.04833473355982794
10000000,22,1.4123138959400172,0.1738169623993375,-0.06769721569828001
10000000,22.5,1.2785198355644143,0.21317917826014118,-0.09743211688622323
10000000,23,1.2488498164116526,0.23273314495948996,-0.1233767195905604
10000000,23.5,1.2302626055177655,0.2518270730471236,-0.1339575188735383
10000000,24,1.2128135910821387,0.2727277490923712,-0.1404671235109395
10000000,24.5,1.20455336412962,0.29171923746419715,-0.14848959647449936
10000000,25,1.20518981787036,0.3070395664922731,-0.1570476329035912
10000000,-20,-0.8261384472095837,0.23380621926551545,0.06318712809474177
10000000,-19.5,-0.8230448098748514,0.22781591839870885,0.05496701199771341
10000000,-19,-0.8926148936835403,0.19753723092208064,0.014793648986902306
10000000,-18.5,-1.3650611411139162,0.06123336139538319,-0.03895533760240348
10000000,-18,-1.5589079576549092,0.03387952437801304,-0.05831339820848036
10000000,-17.5,-1.5551843684577709,0.02946891154445148,-0.05911494219638865
10000000,-17,-1.531157493929944,0.02646154561086948,-0.058047630963217044
10000000,-16.5,-1.5020280805775905,0.023846701695464892,-0.05699212667482112
10000000,-16,-1.4680236538635238,0.021617952976558354,-0.05603965832959865
10000000,-15.5,-1.4291652492726183,0.019727849367397358,-0.05522608353036693
10000000,-15,-1.386189940084029,0.018101256501508834,-0.054580184049976145
10000000,-14.5,-1.340134410262167,0.01667541250512228,-0.05410285515929679
10000000,-14,-1.2919640497877296,0.01540813794354437,-0.05377179735856752
10000000,-13.5,-1.2424223569844883,0.014273310502558263,-0.053548865066473626
10000000,-13,-1.1920211480313592,0.01325447163997542,-0.05338386561297163
10000000,-12.5,-1.1410883414737851,0.012340099649062153,-0.05321868904738515
10000000,-12,-1.0898246406530394,0.011520874320930533,-0.05299638586924069
10000000,-11.5,-1.0383298842002682,0.010788229546681278,-0.05267598436709651
10000000,-11,-0.9865883764822689,0.010133647146419782,-0.052249495633590826
10000000,-10.5,-0.9344550436637731,0.009548645510620804,-0.05175273967097097
10000000,-10,-0.8817065581247336,0.009025632394503448,-0.051259651141065635
10000000,-9.5,-0.8281754863452667,0.008559451905546727,-0.0508576178692217
10000000,-9,-0.7738862072450676,0.008147752237904461,-0.05060776963146342
10000000,-8.5,-0.7190431734662694,0.007788450524854442,-0.050501519287367735
10000000,-8,-0.6638567332947732,0.00747781682490622,-0.0504804975940464
10000000,-7.5,-0.6084074893803455,0.00720631577793121,-0.0504980921362564
10000000,-7,-0.5526799052640838,0.006968602300033677,-0.050548064801860484
10000000,-6.5,-0.4966586582185002,0.0067631837146565,-0.05064462549261663
10000000,-6,-0.44037701098467463,0.0065842637010662475,-0.05078854980822711
10000000,-5.5,-0.38390947042125817,0.006425310632744628,-0.050966768054224995
10000000,-5,-0.3273186204174614,0.0062820827667336475,-0.05116424554650828
10000000,-4.5,-0.27061433729958956,0.006152006854884621,-0.051372114064818064
10000000,-4,-0.21379886399473697,0.0060314043035748196,-0.05158855452205273
10000000,-3.5,-0.15695950602354913,0.005914557754594419,-0.051811592470358624
10000000,-3,-0.10019753992380186,0.005801374156243459,-0.05203379005583668
10000000,-2.5,-0.043438488363409467,0.005704871051439524,-0.05225224318493112
10000000,-2,0.013448316944070254,0.005639949703928081,-0.05247644415503942
10000000,-1.5,0.0704416200872203,0.005611117500924497,-0.05270642084891301
10000000,-1,0.12738949694151674,0.005614594734870349,-0.05289481422850913
10000000,-0.5,0.1840175878579499,0.0056414909717198,-0.05297642438948776
10000000,0,0.2400122810403108,0.005680235489286538,-0.05298673569022995
10000000,0.5,0.2956875323264273,0.005738084304417753,-0.05302359490855767
10000000,1,0.3514983124307672,0.0058577047797639965,-0.05314740417187371
10000000,1.5,0.4066699283943026,0.00605860597372462,-0.053242490733795556
10000000,2,0.46131371599039667,0.006275514560750287,-0.05325851072889883
10000000,2.5,0.5167563740642377,0.006442792638856794,-0.053230513878076556
10000000,3,0.5729709842454497,0.006564868866269815,-0.0532143599649443
10000000,3.5,0.6290258293182164,0.006656931373997037,-0.05324264149749155
10000000,4,0.6846505909946639,0.00673087474017184,-0.05331889762661986
10000000,4.5,0.7400391324241808,0.006809106490501421,-0.053428432380240934
10000000,5,0.795263417251044,0.0069044067881318056,-0.05354905907553491
10000000,5.5,0.8503485551051855,0.007001088617760546,-0.053681548857396066
10000000,6,0.9048294565497934,0.007130643256164285,-0.05356580438123172
10000000,6.5,0.9584302435004404,0.007333203086862529,-0.05311552496306278
10000000,7,1.0116298755198494,0.007609299509850883,-0.052589271007886386
10000000,7.5,1.0647844547065737,0.00794391582723116,-0.05216543055456481
10000000,8,1.1178592771241747,0.008320368788238145,-0.051853839266610524
10000000,8.5,1.1706702192770337,0.008730770566401156,-0.051584283282835985
10000000,9,1.2230552139535722,0.009179914692099675,-0.05127686463366821
10000000,9.5,1.2748883246881555,0.009669060211470033,-0.05087893060191543
10000000,10,1.3260616501296165,0.010197154022093223,-0.05036718398407271
10000000,10.5,1.376487373836162,0.010762810815924078,-0.049748406605227447
10000000,11,1.4261055246825327,0.011366013517241794,-0.04903676019868246
10000000,11.5,1.4748742081203567,0.012009294171124394,-0.0482400366783798
10000000,12,1.5227544174115053,0.012696933505997482,-0.04735907490471084
10000000,12.5,1.5697004640606296,0.013434319218769036,-0.04638691242103704
10000000,13,1.6156472288240589,0.014227807029120717,-0.04530625526546761
10000000,13.5,1.6604721399231575,0.015084884777972122,-0.04408539506343645
10000000,14,1.70390614892904,0.01601458387723416,-0.042669857631057004
10000000,14.5,1.7453914568549176,0.01702832200092299,-0.04096529395489934
10000000,15,1.7839419732722432,0.01814159754652732,-0.038816756451268905
10000000,15.5,1.818157115616406,0.01937711527150892,-0.03601874944441732
10000000,16,1.8465953977174077,0.02077025713012506,-0.032409296422922826
10000000,16.5,1.8684573317377762,0.022377793569116813,-0.028036899923558328
10000000,17,1.8840124759384622,0.024287752232340597,-0.023255933621786767
10000000,17.5,1.8943138769803483,0.026622439334343887,-0.018614858575691673
10000000,18,1.9005768669124312,0.029532578224500484,-0.014639666719594996
10000000,18.5,1.9037032112096668,0.033213788925138404,-0.011776961744724136
10000000,19,1.9034603447758358,0.0379779582029971,-0.0105272485746029
10000000,19.5,1.8965593260854434,0.044261270059391636,-0.011335210572750632
10000000,20,1.8763360867554453,0.0523837641900844,-0.014218012624621867
10000000,20.5,1.8394567260463377,0.06229004898820454,-0.018920710544426934
10000000,21,1.7907803358894911,0.07415658572579871,-0.025230365288918012
10000000,21.5,1.7325815835795615,0.09283434898421072,-0.034067762587072
10000000,22,1.6506986683725031,0.12378629676754388,-0.046724842513684486
10000000,22.5,1.4984884347739773,0.15999597981416055,-0.06402516725856514
10000000,23,1.3149354239873379,0.2080630560761589,-0.09219647613934866
10000000,23.5,1.2610904867950583,0.2342355706019094,-0.12160176509152532
10000000,24,1.2480605622908414,0.2522888114832921,-0.13610855065701735
10000000,24.5,1.2332163930014561,0.27269257506661193,-0.14272781864842365
10000000,25,1.2244111680712397,0.2921327862593777,-0.14983293290973654
10000000,-20,-0.8321421443077749,0.23320849714923636,0.06126850846427214
10000000,-19.5,-0.8303724203244025,0.22649978811573318,0.05551136082787843
10000000,-19,-0.8550704005622514,0.2138255404217603,0.023446249995109157
10000000,-18.5,-1.2465655534915472,0.08239942872614259,-0.029799928218138115
10000000,-18,-1.524524983776228,0.03696997996618092,-0.05715008255086816
10000000,-17.5,-1.5377222816599163,0.030942000532679894,-0.05987609680423388
10000000,-17,-1.5141296669872752,0.027801679579420095,-0.058868808519747386
10000000,-16.5,-1.4863644929280828,0.025061277355253576,-0.057632710107503496
10000000,-16,-1.4548996504204568,0.022675490989810212,-0.05646513373820313
10000000,-15.5,-1.4191273753360705,0.020621354642024713,-0.05542308710305053
10000000,-15,-1.379255121240793,0.01884108057395527,-0.054549490122369794
10000000,-14.5,-1.335945124188972,0.017279153756311037,-0.05387111805582652
10000000,-14,-1.289948657520441,0.015893605546926252,-0.05339469410319003
10000000,-13.5,-1.2419264877930996,0.014655097969049362,-0.05310523848836568
10000000,-13,-1.1923973901056704,0.013543142366321046,-0.05296657112573179
10000000,-12.5,-1.1417441292358133,0.01254268687529334,-0.05292720014524173
10000000,-12,-1.090238690468745,0.011641781716429803,-0.052931235081461935
10000000,-11.5,-1.0380679923888352,0.010830168685697205,-0.05292949639655804
10000000,-11,-0.985354589387734,0.01009853185439794,-0.05288613701960175
10000000,-10.5,-0.9321766716337108,0.009438274938253121,-0.052779896641971816
10000000,-10,-0.8785911965372066,0.008841875909343702,-0.052602982091375684
10000000,-9.5,-0.8246577034887763,0.008303994275893137,-0.05236267083194048
10000000,-9,-0.7704469115733056,0.007822235215009972,-0.052082221481857836
10000000,-8.5,-0.7160038890632969,0.007395137279968399,-0.051783898770048575
10000000,-8,-0.6612986116689656,0.0070194618311757665,-0.05148402554820266
10000000,-7.5,-0.6062387982546866,0.006685270762865492,-0.05120470063971537
10000000,-7,-0.5507207078306802,0.006385019459384476,-0.050982169482430464
10000000,-6.5,-0.49467565292797155,0.006119112444121159,-0.05086517092953428
10000000,-6,-0.43812428320774804,0.005887788283522619,-0.05088368768044897
10000000,-5.5,-0.38121542406462267,0.005689630374984383,-0.05102684768090919
10000000,-5,-0.32419034855369105,0.005520844340219817,-0.05124308997335967
10000000,-4.5,-0.267271674439269,0.005375257309227301,-0.05147162076262714
10000000,-4,-0.2105206462315275,0.005248953501452124,-0.051676361092421116
10000000,-3.5,-0.1537545158138635,0.005145450135973516,-0.05184763535898286
10000000,-3,-0.09676594241226613,0.005069692483841592,-0.05198901122865697
10000000,-2.5,-0.03962016002828661,0.005018862405128523,-0.052114320532408054
10000000,-2,0.017386791576489452,0.004981864052947166,-0.052249221061735185
10000000,-1.5,0.07389894702822017,0.0049406789208198115,-0.05242328766939752
10000000,-1,0.1297211510630887,0.004875651231383749,-0.052639045015651774
10000000,-0.5,0.18557633130376827,0.00480316288408617,-0.05290327104111967
10000000,0,0.2421070621723533,0.00478500397938535,-0.053412293988970364
10000000,0.5,0.298464762327355,0.004821194524075773,-0.05393020334831907
10000000,1,0.35470086680067886,0.004886098268479937,-0.054117947774877315
10000000,1.5,0.41065898430160297,0.004953893225307119,-0.05402496814575414
10000000,2,0.46574126260788395,0.005011125007782978,-0.05392262359734203
10000000,2.5,0.5194264741362208,0.005133109328529454,-0.053793940571657664
10000000,3,0.5722740534507827,0.00529125903274957,-0.05377026612314104
10000000,3.5,0.6259995567360057,0.005425784269875666,-0.05361017977605548
10000000,4,0.680201682099369,0.005608479167023159,-0.05303739647038885
10000000,4.5,0.7349540587519261,0.00585473744992812,-0.05255788861716758
10000000,5,0.7901807529170881,0.006150304930843976,-0.05235984220577232
10000000,5.5,0.8456112063903674,0.006476555275808857,-0.05235708624210307
10000000,6,0.9011214713403455,0.0068151480486398274,-0.05242249061880895
10000000,6.5,0.956540667305201,0.007158237095574357,-0.052465283499032955
10000000,7,1.0115038910812553,0.007512784067882219,-0.05243388761068685
10000000,7.5,1.0656865369461759,0.00788747236148352,-0.052304744559971514
10000000,8,1.1189684076428303,0.008283121305410123,-0.052070469540461684
10000000,8.5,1.1714043400339995,0.008703146492119883,-0.051724824575039775
10000000,9,1.2231306137716842,0.009155370367779374,-0.051266397229740655
10000000,9.5,1.2742614461179236,0.009641293360417861,-0.050702478847700114
10000000,10,1.3248465162675436,0.010160904527489679,-0.05004804145561934
10000000,10.5,1.3748878442194403,0.010713803909682115,-0.04932897760062362
10000000,11,1.424361813494719,0.01130101290292833,-0.048564436727614034
10000000,11.5,1.4732204779240354,0.011925584061298955,-0.047760502668572444
10000000,12,1.521390060407488,0.0125917897071906,-0.0469120503121326
10000000,12.5,1.5687753034015397,0.01330467541889302,-0.046003283898552585
10000000,13,1.615259954855091,0.014070049425079677,-0.04500748355293144
10000000,13.5,1.660682411090368,0.014894690195033842,-0.04388595312065362
10000000,14,1.7047640050809385,0.015786740646114173,-0.04258288846742237
10000000,14.5,1.7469861227885102,0.016756508649535113,-0.04101070271003056
10000000,15,1.7864510414899932,0.017818084871361592,-0.03902779016902456
10000000,15.5,1.8218394359951784,0.018992273809970376,-0.036436261534953183
10000000,16,1.8516725221214436,0.020311605988024582,-0.033052526484047676
10000000,16.5,1.8749457458430965,0.02182826369752522,-0.02886498467876089
10000000,17,1.8916915330830595,0.023623293960912353,-0.024163595313475672
10000000,17.5,1.902878565759468,0.025809559436172642,-0.019475449218543345
10000000,18,1.9098007083368402,0.02852318438037609,-0.015341979612793294
10000000,18.5,1.9135531549799718,0.03192570763535339,-0.012197703915742663
10000000,19,1.9144689840177525,0.03625333198401226,-0.010474617897605653
10000000,19.5,1.9107118195786066,0.041854731827492775,-0.010619364956520171
10000000,20,1.8969094321177533,0.049055915562738535,-0.012782141151296
10000000,20.5,1.867468182801372,0.05793311344238733,-0.016785529384628396
10000000,21,1.8234910776775728,0.06838035082571034,-0.02239202177849995
10000000,21.5,1.769874641264073,0.08244019507250346,-0.02986868247402501
10000000,22,1.7010634040230435,0.10950146011685147,-0.041111422671371245
10000000,22.5,1.5854350278027274,0.14513712634630976,-0.05619031949754807
10000000,23,1.3947470681549845,0.19027956902864293,-0.07933976717290689
10000000,23.5,1.2874341041206532,0.2268844856119615,-0.10943091379769121
10000000,24,1.2710435830879199,0.24466148736637366,-0.12953317472007653
10000000,24.5,1.259332752924158,0.26295601613069136,-0.13782169567644537
10000000,25,1.2492211968913753,0.28190503406867956,-0.14404362254776953